region,week,title,artist,url,best_viral_rank,avg_viral_rank,viral_days_on_chart,breakout_probability
Greece,2021-12-13,DTB,Merczz,https://open.spotify.com/track/6BoXckigjvnIAZVQV6lELq,7,11.714285714285714,7,0.8593070128391691
Greece,2021-12-13,Swimming Pool,Marie Madeleine,https://open.spotify.com/track/3BMqVk2NJbH4fxf84e8kDC,3,5.142857142857143,7,0.8585790766318995
Greece,2021-12-13,MIDDLE OF THE NIGHT,Elley Duhé,https://open.spotify.com/track/58HvfVOeJY7lUuCqF0m3ly,1,1.0,7,0.8527795143194251
Panama,2021-12-13,abcdefu,GAYLE,https://open.spotify.com/track/4fouWK6XVHhzl78KzQ1UjL,1,1.0,7,0.8503393215539459
Greece,2021-12-13,abcdefu,GAYLE,https://open.spotify.com/track/4fouWK6XVHhzl78KzQ1UjL,2,2.0,7,0.8502450869392646
South Africa,2021-12-13,Super Max!,Pitstop Boys,https://open.spotify.com/track/4gqOzJPGNCvEnS1u5YHOkp,1,1.7142857142857142,7,0.8457702967709811
Romania,2021-12-13,It's Called: Freefall,Rainbow Kitten Surprise,https://open.spotify.com/track/474uVhyGgK5MtY9gMcDgGl,5,11.428571428571429,7,0.8453043037045727
Slovakia,2021-12-13,Pope Is a Rockstar,SALES,https://open.spotify.com/track/0So2sgVa8aJiARPl2P29u2,5,9.0,7,0.8449211012797015
Ukraine,2021-12-13,Первый раз,Krasnaya Plesen,https://open.spotify.com/track/4bxaIFqvSpqqAHxT3pyMRt,14,20.285714285714285,7,0.844370906918411
Lithuania,2021-12-13,Pope Is a Rockstar,SALES,https://open.spotify.com/track/0So2sgVa8aJiARPl2P29u2,3,4.0,7,0.8435789389679023
Uruguay,2021-12-13,TITAN,Salastkbron,https://open.spotify.com/track/5fBQLapwAPSLw27STml9kr,1,1.0,7,0.8434288050303066
Malaysia,2021-12-13,Habibi,"Ricky Rich, Dardan, Zuna",https://open.spotify.com/track/0PukrHFus6hVBHku8hrS0Z,8,11.0,7,0.8433264222821444
Malaysia,2021-12-13,abcdefu,GAYLE,https://open.spotify.com/track/4fouWK6XVHhzl78KzQ1UjL,1,1.0,7,0.8425396721275452
Lithuania,2021-12-13,It's Called: Freefall,Rainbow Kitten Surprise,https://open.spotify.com/track/474uVhyGgK5MtY9gMcDgGl,2,2.142857142857143,7,0.8424295823601431
Uruguay,2021-12-13,abcdefu,GAYLE,https://open.spotify.com/track/4fouWK6XVHhzl78KzQ1UjL,2,2.0,7,0.8407634616345102
Malaysia,2021-12-13,Super Idol - Remix,Samstring,https://open.spotify.com/track/5t07RuwZAUBBnF2tWKwgmP,2,2.0,7,0.8398620666226531
Honduras,2021-12-13,Mon Amour - Remix,"zzoilo, Aitana",https://open.spotify.com/track/5TMLavqGRKNxgzMBrVpC9R,1,1.0,7,0.8373759034222227
Lithuania,2021-12-13,Swimming Pool,Marie Madeleine,https://open.spotify.com/track/3BMqVk2NJbH4fxf84e8kDC,1,1.0,7,0.836964414648299
Ukraine,2021-12-13,Mr. Trance,Esteman,https://open.spotify.com/track/3SLIDzhExrfsvH6sVosiwn,3,13.857142857142858,7,0.8366583779903471
Paraguay,2021-12-13,Ameaça,"Paulo Pires, Mc Danny, Marcynho Sensação",https://open.spotify.com/track/4fSHADbZbhpZCT9oJpxwbP,1,1.2857142857142858,7,0.8353498263826826
Lithuania,2021-12-13,Ginseng Strip 2002,Yung Lean,https://open.spotify.com/track/79nEEoEPY2w8EXj9hjn5oc,10,18.142857142857142,7,0.8350284471950248
Ukraine,2021-12-13,Кожура,ZAPOMNI,https://open.spotify.com/track/1OeGvzNcGC2s6F41lmCdjA,1,7.714285714285714,7,0.8349515132971002
South Africa,2021-12-13,Paris,"Q-Mark, TpZee, Afriikan Papi",https://open.spotify.com/track/7BH6nyhnWTSfMUwwrCYbJF,8,9.571428571428571,7,0.8348900701612089
Morocco,2021-12-13,Own Brand Freestyle,"FelixThe1st, Dreya Mac, Finch Fetti",https://open.spotify.com/track/6Jzdxguk63s6CVVXHIrQ0x,2,3.7142857142857144,7,0.8347232509034266
Slovakia,2021-12-13,It's Called: Freefall,Rainbow Kitten Surprise,https://open.spotify.com/track/474uVhyGgK5MtY9gMcDgGl,7,14.428571428571429,7,0.8344897949044526
Saudi Arabia,2021-12-13,Célibataire,Cheba Maria,https://open.spotify.com/track/06ZSr80SDVVgNd9DdX1VDb,7,9.142857142857142,7,0.8326433218221252
Iceland,2021-12-13,Styttist í það,Baggalútur,https://open.spotify.com/track/3veY63DgDUzZB44wMUQVz8,1,1.0,7,0.8310885567443533
Ukraine,2021-12-13,Я уёбываю в джаз,Кишлак,https://open.spotify.com/track/3VeWIV9WTXUl8PcOusFjYv,4,11.285714285714286,7,0.8306595374295973
Romania,2021-12-13,Alien Blues,Vundabar,https://open.spotify.com/track/6UjeFOCGYgMpBUtqKg1Je3,4,4.0,7,0.8290608049720117
Iceland,2021-12-13,Super Gremlin,Kodak Black,https://open.spotify.com/track/4A8cWXxKfIL3lAyUDzXbCF,9,13.714285714285714,7,0.8286057889730708
Malaysia,2021-12-13,MIDDLE OF THE NIGHT,Elley Duhé,https://open.spotify.com/track/58HvfVOeJY7lUuCqF0m3ly,13,14.285714285714286,7,0.8257750630495566
Panama,2021-12-13,Mon Amour - Remix,"zzoilo, Aitana",https://open.spotify.com/track/5TMLavqGRKNxgzMBrVpC9R,3,3.857142857142857,7,0.8240352741503435
Guatemala,2021-12-13,abcdefu,GAYLE,https://open.spotify.com/track/4fouWK6XVHhzl78KzQ1UjL,1,1.4285714285714286,7,0.8208393629630137
Thailand,2021-12-13,abcdefu,GAYLE,https://open.spotify.com/track/4fouWK6XVHhzl78KzQ1UjL,1,1.0,7,0.8208110853177314
Morocco,2021-12-13,abcdefu,GAYLE,https://open.spotify.com/track/4fouWK6XVHhzl78KzQ1UjL,1,1.0,7,0.8207041388446517
South Africa,2021-12-13,Ameno Amapiano - Remix,"Goya Menor, Nektunez",https://open.spotify.com/track/3JIWSOzzlJfyf2Y1i54QeX,1,2.8333333333333335,6,0.8201308831412967
Iceland,2021-12-13,Með stjörnunum,Herbert Guðmundsson,https://open.spotify.com/track/6jHBzdq0by8m9DcQ6lL8VG,5,5.0,7,0.8195322296610086
Greece,2021-12-13,Kolie,"Thitis, The Plug, Mariletta",https://open.spotify.com/track/6CHq3QLo1Gtg3gFtIB1hbn,4,4.714285714285714,7,0.8195068191380886
Saudi Arabia,2021-12-13,Pope Is a Rockstar,SALES,https://open.spotify.com/track/0So2sgVa8aJiARPl2P29u2,1,7.571428571428571,7,0.8187554414311303
Greece,2021-12-13,Alien Blues,Vundabar,https://open.spotify.com/track/6UjeFOCGYgMpBUtqKg1Je3,3,3.2857142857142856,7,0.8180892328747673
Thailand,2021-12-13,Lavender,Patrickananda,https://open.spotify.com/track/3BV2YcwoVRxK4dXxyaHpZU,2,2.0,7,0.81784387031241
Latvia,2021-12-13,It's Called: Freefall,Rainbow Kitten Surprise,https://open.spotify.com/track/474uVhyGgK5MtY9gMcDgGl,5,6.142857142857143,7,0.8164220751794159
Dominican Republic,2021-12-13,Piri Bambam,Kaly Ocho,https://open.spotify.com/track/2J25zvoM9fD8M8dGfdqvek,3,3.4285714285714284,7,0.8158648326085752
Panama,2021-12-13,I AM WOMAN,Emmy Meli,https://open.spotify.com/track/3nOz1U41SZZ0N3fuUWr9nb,2,2.0,7,0.814411178539064
Slovakia,2021-12-13,Super Max!,Pitstop Boys,https://open.spotify.com/track/4gqOzJPGNCvEnS1u5YHOkp,1,2.5714285714285716,7,0.8140534618396833
El Salvador,2021-12-13,Mon Amour - Remix,"zzoilo, Aitana",https://open.spotify.com/track/5TMLavqGRKNxgzMBrVpC9R,1,1.2857142857142858,7,0.8138947713671212
Panama,2021-12-13,Own Brand Freestyle,"FelixThe1st, Dreya Mac, Finch Fetti",https://open.spotify.com/track/6Jzdxguk63s6CVVXHIrQ0x,12,21.285714285714285,7,0.812797279993786
Honduras,2021-12-13,abcdefu,GAYLE,https://open.spotify.com/track/4fouWK6XVHhzl78KzQ1UjL,2,2.857142857142857,7,0.8123787945262352
Egypt,2021-12-13,abcdefu,GAYLE,https://open.spotify.com/track/4fouWK6XVHhzl78KzQ1UjL,1,1.0,7,0.812350115363525
Estonia,2021-12-13,It's Called: Freefall,Rainbow Kitten Surprise,https://open.spotify.com/track/474uVhyGgK5MtY9gMcDgGl,4,7.0,7,0.8118585473009846
Romania,2021-12-13,abcdefu,GAYLE,https://open.spotify.com/track/4fouWK6XVHhzl78KzQ1UjL,1,1.4285714285714286,7,0.8109624641039603
Honduras,2021-12-13,Un Millón de Primaveras,Vicente Fernández,https://open.spotify.com/track/6j5LtifAnuTjTYvml61yFZ,4,5.428571428571429,7,0.8107300921208799
Romania,2021-12-13,Super Max!,Pitstop Boys,https://open.spotify.com/track/4gqOzJPGNCvEnS1u5YHOkp,5,12.0,7,0.8106382008554646
Latvia,2021-12-13,Move Your Body,"Öwnboss, Sevek",https://open.spotify.com/track/6GomT970rCOkKAyyrwJeZi,4,4.142857142857143,7,0.8105254575324536
Panama,2021-12-13,Enemy (with JID) - from the series Arcane League of Legends,Imagine Dragons,https://open.spotify.com/track/1r9xUipOqoNwggBpENDsvJ,6,6.857142857142857,7,0.8105095877130805
Latvia,2021-12-13,abcdefu,GAYLE,https://open.spotify.com/track/4fouWK6XVHhzl78KzQ1UjL,1,1.0,7,0.8104464418860832
Dominican Republic,2021-12-13,abcdefu,GAYLE,https://open.spotify.com/track/4fouWK6XVHhzl78KzQ1UjL,2,2.0,7,0.8097758203884563
South Africa,2021-12-13,Johnnie Blou,Eloff,https://open.spotify.com/track/4zFtUFGQ7NG6iEM2K5Oca4,3,4.428571428571429,7,0.8096627046482208
Hungary,2021-12-13,DTB,Merczz,https://open.spotify.com/track/6BoXckigjvnIAZVQV6lELq,4,7.857142857142857,7,0.809621851446254
Dominican Republic,2021-12-13,I AM WOMAN,Emmy Meli,https://open.spotify.com/track/3nOz1U41SZZ0N3fuUWr9nb,1,1.0,7,0.8088809883311501
Uruguay,2021-12-13,Do It To It,"ACRAZE, Cherish",https://open.spotify.com/track/20on25jryn53hWghthWWW3,4,4.285714285714286,7,0.8086520030642075
Taiwan,2021-12-13,"如果可以 - 電影""月老""主題曲",WeiBird,https://open.spotify.com/track/72OVnXDzugvrCU25lMi9au,1,1.0,7,0.8085195987321175
Hungary,2021-12-13,It's Called: Freefall,Rainbow Kitten Surprise,https://open.spotify.com/track/474uVhyGgK5MtY9gMcDgGl,9,17.142857142857142,7,0.8069071033689946
South Africa,2021-12-13,abcdefu,GAYLE,https://open.spotify.com/track/4fouWK6XVHhzl78KzQ1UjL,1,2.4285714285714284,7,0.8064288375379915
Hungary,2021-12-13,Super Max!,Pitstop Boys,https://open.spotify.com/track/4gqOzJPGNCvEnS1u5YHOkp,1,1.0,7,0.8059823017815501
Taiwan,2021-12-13,abcdefu,GAYLE,https://open.spotify.com/track/4fouWK6XVHhzl78KzQ1UjL,2,2.0,7,0.8053971029059803
Iceland,2021-12-13,Fairytale of New York (feat. Kirsty MacColl),The Pogues,https://open.spotify.com/track/3VTNVsTTu05dmTsVFrmGpK,2,3.4285714285714284,7,0.8051677141288822
Ukraine,2021-12-13,IN THE CLUB,Mishashi Sensei,https://open.spotify.com/track/7vX0rvoGneCCOJ2QPruNNZ,10,11.428571428571429,7,0.804767983348917
Dominican Republic,2021-12-13,Own Brand Freestyle,"FelixThe1st, Dreya Mac, Finch Fetti",https://open.spotify.com/track/6Jzdxguk63s6CVVXHIrQ0x,7,7.714285714285714,7,0.8034215895352171
Bolivia,2021-12-13,TITAN,Salastkbron,https://open.spotify.com/track/5fBQLapwAPSLw27STml9kr,6,9.0,7,0.8024765896120923
Thailand,2021-12-13,Own Brand Freestyle,"FelixThe1st, Dreya Mac, Finch Fetti",https://open.spotify.com/track/6Jzdxguk63s6CVVXHIrQ0x,7,7.0,7,0.8024348001462525
Saudi Arabia,2021-12-13,abcdefu,GAYLE,https://open.spotify.com/track/4fouWK6XVHhzl78KzQ1UjL,1,1.1428571428571428,7,0.8013073965038445
South Africa,2021-12-13,Nkao Tempela,"Ch'cco, Mellow & Sleazy",https://open.spotify.com/track/7JtWy2vvKVXLaymyTXUJ0K,6,6.714285714285714,7,0.8004541386760465
Slovakia,2021-12-13,abcdefu,GAYLE,https://open.spotify.com/track/4fouWK6XVHhzl78KzQ1UjL,1,1.2857142857142858,7,0.8002356623106179
Ukraine,2021-12-13,Pope Is a Rockstar,SALES,https://open.spotify.com/track/0So2sgVa8aJiARPl2P29u2,1,4.428571428571429,7,0.7997754952831745
Malaysia,2021-12-13,Pope Is a Rockstar,SALES,https://open.spotify.com/track/0So2sgVa8aJiARPl2P29u2,9,16.857142857142858,7,0.799716649264429
Ukraine,2021-12-13,Только по дури,Ежемесячные,https://open.spotify.com/track/24h4LzuORNmnSviYYymhqb,1,3.5714285714285716,7,0.7993129998269172
Egypt,2021-12-13,عشانك,siilawy,https://open.spotify.com/track/2L8xtCLeM42te93xowB4nx,15,23.857142857142858,7,0.7989953971779536
Greece,2021-12-13,Super Max!,Pitstop Boys,https://open.spotify.com/track/4gqOzJPGNCvEnS1u5YHOkp,3,7.285714285714286,7,0.7988182335306291
Malaysia,2021-12-13,Own Brand Freestyle,"FelixThe1st, Dreya Mac, Finch Fetti",https://open.spotify.com/track/6Jzdxguk63s6CVVXHIrQ0x,7,7.285714285714286,7,0.798093698313769
Malaysia,2021-12-13,Ajarkan Aku...,Arvian Dwi,https://open.spotify.com/track/0oFODP50WO9IhPfZHZ99hs,14,20.714285714285715,7,0.7979294087997452
Uruguay,2021-12-13,Noche de Party,"Migrantes, Nico Valdi",https://open.spotify.com/track/4PDoCa5P0QK7KFhTsEKJB8,6,6.0,7,0.7975893128111927
Morocco,2021-12-13,Etnaset,Muslim - مُسلِم,https://open.spotify.com/track/5hiQSNo6jQbQ2m2gBZs7bU,4,6.142857142857143,7,0.7967451581586888
Iceland,2021-12-13,Super Max!,Pitstop Boys,https://open.spotify.com/track/4gqOzJPGNCvEnS1u5YHOkp,6,9.142857142857142,7,0.796687817616524
Panama,2021-12-13,Pope Is a Rockstar,SALES,https://open.spotify.com/track/0So2sgVa8aJiARPl2P29u2,4,12.666666666666666,6,0.7965257783198216
Saudi Arabia,2021-12-13,Goodbye (from the series Arcane League of Legends),Ramsey,https://open.spotify.com/track/5QWjrWckcPcSVqQNfbD4Bc,4,4.571428571428571,7,0.7964009530105678
Paraguay,2021-12-13,TITAN,Salastkbron,https://open.spotify.com/track/5fBQLapwAPSLw27STml9kr,5,5.428571428571429,7,0.7960168213936678
Iceland,2021-12-13,abcdefu,GAYLE,https://open.spotify.com/track/4fouWK6XVHhzl78KzQ1UjL,2,2.142857142857143,7,0.7958543349971237
Vietnam,2021-12-13,Guess I'll Leave,Funny Death,https://open.spotify.com/track/49bCaCAiNNtJUgkfUjKKOt,3,5.142857142857143,7,0.7955195145089583
South Africa,2021-12-13,Pope Is a Rockstar,SALES,https://open.spotify.com/track/0So2sgVa8aJiARPl2P29u2,9,11.142857142857142,7,0.7952015257113423
Paraguay,2021-12-13,abcdefu,GAYLE,https://open.spotify.com/track/4fouWK6XVHhzl78KzQ1UjL,1,1.7142857142857142,7,0.7940925751377009
Slovakia,2021-12-13,MIDDLE OF THE NIGHT,Elley Duhé,https://open.spotify.com/track/58HvfVOeJY7lUuCqF0m3ly,3,3.142857142857143,7,0.793797196064059
South Africa,2021-12-13,TO THE MOON,Jnr Choi,https://open.spotify.com/track/0hYFc3HSZHDaDzquLVRwBH,13,18.5,6,0.793676342057467
Saudi Arabia,2021-12-13,Wahchagh Cham,Abdelmoula,https://open.spotify.com/track/2tulJGa40a9Uw2aZlxoSrX,12,17.285714285714285,7,0.7935349879980841
Slovakia,2021-12-13,Move Your Body,"Öwnboss, Sevek",https://open.spotify.com/track/6GomT970rCOkKAyyrwJeZi,6,8.571428571428571,7,0.7931209154312858
Bolivia,2021-12-13,I AM WOMAN,Emmy Meli,https://open.spotify.com/track/3nOz1U41SZZ0N3fuUWr9nb,2,3.142857142857143,7,0.7921729575860001
Morocco,2021-12-13,Enemy (with JID) - from the series Arcane League of Legends,Imagine Dragons,https://open.spotify.com/track/1r9xUipOqoNwggBpENDsvJ,4,5.0,7,0.7921485004947743
Hong Kong,2021-12-13,"如果可以 - 電影""月老""主題曲",WeiBird,https://open.spotify.com/track/72OVnXDzugvrCU25lMi9au,2,2.0,7,0.7918748628526787
Czech Republic,2021-12-13,Super Max!,Pitstop Boys,https://open.spotify.com/track/4gqOzJPGNCvEnS1u5YHOkp,1,2.0,7,0.7915797995010535
Portugal,2021-12-13,Pira Nos Caipira,"Dj Chris No Beat, Luan Pereira",https://open.spotify.com/track/5aQsAijCXIoHqGXu9RGS6s,4,4.0,7,0.791201971271691
Panama,2021-12-13,Tu Vocecita,Alejandro Torres y Las Estrellas del Ritmo,https://open.spotify.com/track/64C84StDOMrh9jLfqkCgXW,3,4.428571428571429,7,0.7908944307859653
El Salvador,2021-12-13,Pope Is a Rockstar,SALES,https://open.spotify.com/track/0So2sgVa8aJiARPl2P29u2,2,9.0,6,0.790675655703005
Singapore,2021-12-13,abcdefu,GAYLE,https://open.spotify.com/track/4fouWK6XVHhzl78KzQ1UjL,1,1.0,7,0.7906502603213845
Singapore,2021-12-13,Habibi,"Ricky Rich, Dardan, Zuna",https://open.spotify.com/track/0PukrHFus6hVBHku8hrS0Z,4,4.428571428571429,7,0.7906393846541485
Greece,2021-12-13,Swim,Chase Atlantic,https://open.spotify.com/track/3M0lSi5WW79CXQamgSBIjx,31,35.714285714285715,7,0.7905865449618196
Hong Kong,2021-12-13,abcdefu,GAYLE,https://open.spotify.com/track/4fouWK6XVHhzl78KzQ1UjL,1,1.0,7,0.7901515364401369
Ukraine,2021-12-13,Swimming Pool,Marie Madeleine,https://open.spotify.com/track/3BMqVk2NJbH4fxf84e8kDC,4,5.142857142857143,7,0.7899744810540631
Saudi Arabia,2021-12-13,Lost in the Fire (feat. The Weeknd),Gesaffelstein,https://open.spotify.com/track/2vXKRlJBXyOcvZYTdNeckS,21,23.0,7,0.7898692031646264
Singapore,2021-12-13,น้ำแดงน้ำส้ม,JV.JARVIS,https://open.spotify.com/track/1xxJiB2B3rMw8g85PPtcN7,3,3.142857142857143,7,0.7890051497780175
Uruguay,2021-12-13,Hasta la Raíz,Natalia Lafourcade,https://open.spotify.com/track/3lGMtkONrZdJ8kTCg6KIFf,16,19.428571428571427,7,0.7885541356113334
Dominican Republic,2021-12-13,3730,Treintisiete,https://open.spotify.com/track/38NWfFQynxu9Ok4Gf3xedH,5,11.0,7,0.7885389765361089
Austria,2021-12-13,DTB,Merczz,https://open.spotify.com/track/6BoXckigjvnIAZVQV6lELq,7,7.857142857142857,7,0.7885143894586666
El Salvador,2021-12-13,Two Birds,Regina Spektor,https://open.spotify.com/track/2n0U2OG5d6TuW5mKx7YrC0,14,26.142857142857142,7,0.7879707632145286
Vietnam,2021-12-13,abcdefu,GAYLE,https://open.spotify.com/track/4fouWK6XVHhzl78KzQ1UjL,1,1.0,7,0.7877731516880485
Bolivia,2021-12-13,Convéncete,Princesa Alba,https://open.spotify.com/track/5UyH584f99c7qErZifyaHy,9,11.857142857142858,7,0.7877691674197554
Greece,2021-12-13,Block Star,"Gio Melody, Thug Slime",https://open.spotify.com/track/0TAyMBJom5srRoUynRHLtR,5,6.428571428571429,7,0.7874361555288988
Singapore,2021-12-13,"如果可以 - 電影""月老""主題曲",WeiBird,https://open.spotify.com/track/72OVnXDzugvrCU25lMi9au,2,2.0,7,0.7873130211396513
Latvia,2021-12-13,Pope Is a Rockstar,SALES,https://open.spotify.com/track/0So2sgVa8aJiARPl2P29u2,2,3.7142857142857144,7,0.7872374319979324
Lithuania,2021-12-13,СОЛНЦЕ МОНАКО,Lusia Chebotina,https://open.spotify.com/track/5YDBHDEIgWkfairCJgGApW,7,7.0,7,0.7863559785998584
Taiwan,2021-12-13,hair tie,ØZI,https://open.spotify.com/track/2bLGJ6yOPN4fAKQkLrJYxp,4,12.714285714285714,7,0.7862546140434588
Thailand,2021-12-13,ตกหลุมรักรอบที่ล้าน,Kinkaworn,https://open.spotify.com/track/7qZVlkwZgCRtugsZ3sbUre,3,3.7142857142857144,7,0.785555047648132
Egypt,2021-12-13,مهرجان شيماء سوسته,xMusicx,https://open.spotify.com/track/1XfCwoty8IF95U0YyRTmCH,2,2.2857142857142856,7,0.784692341737957
Ukraine,2021-12-13,Полина,volgarparis,https://open.spotify.com/track/44IveH1zrogPg9Ikw09QLv,4,7.428571428571429,7,0.7840897509337447
Morocco,2021-12-13,MIDDLE OF THE NIGHT,Elley Duhé,https://open.spotify.com/track/58HvfVOeJY7lUuCqF0m3ly,2,2.2857142857142856,7,0.7838179518762944
Ireland,2021-12-13,Just A Little While,The 502s,https://open.spotify.com/track/3CL0eXel8usNNSCQ6OT7KJ,6,9.857142857142858,7,0.7837862969408428
Lithuania,2021-12-13,Sahara,Hensonn,https://open.spotify.com/track/6nqdgUTiWt4JbABDurkxMI,8,8.142857142857142,7,0.7837049816380778
Dominican Republic,2021-12-13,abcdefu (angrier),GAYLE,https://open.spotify.com/track/1EQFOouqdKYdpbNoOHRVO2,17,23.714285714285715,7,0.7835701787851785
Israel,2021-12-13,In Spain We Call It Soledad,Rigoberta Bandini,https://open.spotify.com/track/6pQaZOyzCzY36EXoA2U05p,1,1.0,7,0.7833498138201868
Paraguay,2021-12-13,"Deu Meia Noite, Eu Sumi, Geral Soltando Fogos","Mc Delux, DJ MT7",https://open.spotify.com/track/3hycwch1V1aCbKGlcfKg0I,21,22.571428571428573,7,0.7826974012740181
Latvia,2021-12-13,Swimming Pool,Marie Madeleine,https://open.spotify.com/track/3BMqVk2NJbH4fxf84e8kDC,2,2.142857142857143,7,0.7826325301780835
Egypt,2021-12-13,Pope Is a Rockstar,SALES,https://open.spotify.com/track/0So2sgVa8aJiARPl2P29u2,5,15.285714285714286,7,0.7821687163951127
Paraguay,2021-12-13,Medallo,"Blessd, Justin Quiles, Lenny Tavárez",https://open.spotify.com/track/6lX6l7OuA3qrnIRfdsr0dw,12,14.714285714285714,7,0.7820351626742121
South Africa,2021-12-13,Habibi,"Ricky Rich, Dardan, Zuna",https://open.spotify.com/track/0PukrHFus6hVBHku8hrS0Z,13,15.428571428571429,7,0.7817354860351315
Greece,2021-12-13,It's Called: Freefall,Rainbow Kitten Surprise,https://open.spotify.com/track/474uVhyGgK5MtY9gMcDgGl,11,23.166666666666668,6,0.7816987355420645
Malaysia,2021-12-13,น้ำแดงน้ำส้ม,JV.JARVIS,https://open.spotify.com/track/1xxJiB2B3rMw8g85PPtcN7,3,4.142857142857143,7,0.7808946722517455
Morocco,2021-12-13,MILANO,7-Toun,https://open.spotify.com/track/5TR5g2mXk58AbVbHLVRbsM,6,7.857142857142857,7,0.779992834539689
Panama,2021-12-13,everythingoes,"RM, NELL",https://open.spotify.com/track/7bSJAuXjyhlTcz5CfoNDdt,9,13.142857142857142,7,0.7799685806491371
Israel,2021-12-13,abcdefu,GAYLE,https://open.spotify.com/track/4fouWK6XVHhzl78KzQ1UjL,2,2.0,7,0.7799285908264239
Guatemala,2021-12-13,I AM WOMAN,Emmy Meli,https://open.spotify.com/track/3nOz1U41SZZ0N3fuUWr9nb,2,2.5714285714285716,7,0.7796145281444445
El Salvador,2021-12-13,abcdefu,GAYLE,https://open.spotify.com/track/4fouWK6XVHhzl78KzQ1UjL,1,1.8571428571428572,7,0.7793554673011631
Honduras,2021-12-13,Pope Is a Rockstar,SALES,https://open.spotify.com/track/0So2sgVa8aJiARPl2P29u2,4,15.166666666666666,6,0.7792344721458144
Paraguay,2021-12-13,Hasta la Raíz,Natalia Lafourcade,https://open.spotify.com/track/3lGMtkONrZdJ8kTCg6KIFf,7,7.285714285714286,7,0.7791711964819734
El Salvador,2021-12-13,Enemy (with JID) - from the series Arcane League of Legends,Imagine Dragons,https://open.spotify.com/track/1r9xUipOqoNwggBpENDsvJ,4,5.857142857142857,7,0.7791445764322513
Panama,2021-12-13,Taca a Xereca pra Mim,MC Kaique da VP,https://open.spotify.com/track/2GqCEJpzmD81AJ2H0Hyz5T,8,9.571428571428571,7,0.7790742543563103
Panama,2021-12-13,Do It To It,"ACRAZE, Cherish",https://open.spotify.com/track/20on25jryn53hWghthWWW3,8,9.571428571428571,7,0.7790742543563103
Panama,2021-12-13,Dragona Rmix,"Mole, BARBEL, Fulo El Yeyo, Tot, Kabliz",https://open.spotify.com/track/1nuf47FxdQrxekJJ8fVndJ,23,27.571428571428573,7,0.778572367841739
Estonia,2021-12-13,Pope Is a Rockstar,SALES,https://open.spotify.com/track/0So2sgVa8aJiARPl2P29u2,1,1.7142857142857142,7,0.7779093461765018
Slovakia,2021-12-13,DTB,Merczz,https://open.spotify.com/track/6BoXckigjvnIAZVQV6lELq,12,14.857142857142858,7,0.7778983188199382
Egypt,2021-12-13,MIDDLE OF THE NIGHT,Elley Duhé,https://open.spotify.com/track/58HvfVOeJY7lUuCqF0m3ly,4,4.142857142857143,7,0.77789195424267
Ecuador,2021-12-13,Mon Amour - Remix,"zzoilo, Aitana",https://open.spotify.com/track/5TMLavqGRKNxgzMBrVpC9R,3,4.285714285714286,7,0.7775578139662476
Paraguay,2021-12-13,Bar,"TINI, L-Gante",https://open.spotify.com/track/0lJE8f0lx8mUSfMyxeYpiC,9,9.714285714285714,7,0.7773608823859346
Ukraine,2021-12-13,Шнурки,METAN,https://open.spotify.com/track/4lBbG8BHYRvJAJE25bEMIm,25,35.714285714285715,7,0.7771586177309985
Romania,2021-12-13,I AM WOMAN,Emmy Meli,https://open.spotify.com/track/3nOz1U41SZZ0N3fuUWr9nb,1,1.8571428571428572,7,0.7768820152323475
Bolivia,2021-12-13,Los Malvekes,"Cris Mj, Marcianeke, Simon la Letra, Stars Music Chile",https://open.spotify.com/track/1AnJQd8TfkhK6M3VgZDVv1,13,23.857142857142858,7,0.7765331821640922
Malaysia,2021-12-13,Die For You,"VALORANT, Grabbitz",https://open.spotify.com/track/2lz3zjQ5QCVXiyOzIk02vW,3,4.0,7,0.7764911104460109
South Africa,2021-12-13,Alien Blues,Vundabar,https://open.spotify.com/track/6UjeFOCGYgMpBUtqKg1Je3,13,15.714285714285714,7,0.7763912583028361
Ecuador,2021-12-13,Hace Rato Me Picó un Mosquito,"Crafo, Franco Paolo",https://open.spotify.com/track/5OSxqUITs9nnjzm3WsF6Jc,7,17.571428571428573,7,0.7762361787186687
Ireland,2021-12-13,Super Max!,Pitstop Boys,https://open.spotify.com/track/4gqOzJPGNCvEnS1u5YHOkp,1,1.2857142857142858,7,0.7760852346478658
Honduras,2021-12-13,Do It To It,"ACRAZE, Cherish",https://open.spotify.com/track/20on25jryn53hWghthWWW3,4,5.571428571428571,7,0.7759166079772004
Greece,2021-12-13,Habibi - Albanian Remix,"Ricky Rich, Dardan, DJ Gimi-O",https://open.spotify.com/track/2sHYMLUd4nVLxHPKY05Ein,23,32.285714285714285,7,0.7757823767648117
Romania,2021-12-13,Swimming Pool,Marie Madeleine,https://open.spotify.com/track/3BMqVk2NJbH4fxf84e8kDC,1,2.7142857142857144,7,0.7757765292415051
Malaysia,2021-12-13,Helikopter,Fazlija,https://open.spotify.com/track/3xGOOOPD2HjErQLyRFk5Wf,3,4.571428571428571,7,0.7754852696059071
Indonesia,2021-12-13,น้ำแดงน้ำส้ม,JV.JARVIS,https://open.spotify.com/track/1xxJiB2B3rMw8g85PPtcN7,3,3.5714285714285716,7,0.7749347130436602
Panama,2021-12-13,uhgood,RM,https://open.spotify.com/track/5vI1exL3zFhqFWDSL9fq5H,12,16.857142857142858,7,0.7745820925320303
El Salvador,2021-12-13,Taca a Xereca pra Mim,MC Kaique da VP,https://open.spotify.com/track/2GqCEJpzmD81AJ2H0Hyz5T,4,6.285714285714286,7,0.7737044874567773
Thailand,2021-12-13,ท้องฟ้า,PAPER,https://open.spotify.com/track/4KRH5emKl7a7Qo1nqmWFKb,5,5.0,7,0.773683396089515
Lithuania,2021-12-13,abcdefu,GAYLE,https://open.spotify.com/track/4fouWK6XVHhzl78KzQ1UjL,3,4.571428571428571,7,0.7735705342183247
Mexico,2021-12-13,Nadie Va A Pensar En Ti Mejor Que Yo,Conjunto Rienda Real,https://open.spotify.com/track/30eHHpkjMNqb2F0V8nXjbJ,6,7.714285714285714,7,0.7735400853134166
Israel,2021-12-13,MIDDLE OF THE NIGHT,Elley Duhé,https://open.spotify.com/track/58HvfVOeJY7lUuCqF0m3ly,4,4.0,7,0.7729703656072847
Uruguay,2021-12-13,I AM WOMAN,Emmy Meli,https://open.spotify.com/track/3nOz1U41SZZ0N3fuUWr9nb,3,3.142857142857143,7,0.7726476347743693
Uruguay,2021-12-13,DANCE CRIP,Trueno,https://open.spotify.com/track/1kjs5eR4DMzyB0gm1Z8waV,3,4.571428571428571,7,0.7721376908983429
Thailand,2021-12-13,ฟีโรโมน,Chinnebell,https://open.spotify.com/track/0oRrTX8wZhb0M8Z20hd8ud,12,22.571428571428573,7,0.772027760911327
South Africa,2021-12-13,uMSHINI,"Dlala Regal, Scotts Maphuma",https://open.spotify.com/track/7kzzhtZ8df8wQi9n3BnM1d,10,14.0,5,0.7715952991676621
Indonesia,2021-12-13,abcdefu,GAYLE,https://open.spotify.com/track/4fouWK6XVHhzl78KzQ1UjL,1,1.0,7,0.7714821070505888
El Salvador,2021-12-13,Aca Entre Nos,Vicente Fernández,https://open.spotify.com/track/2FDFz5TuYlpP180AUicAcl,6,12.142857142857142,7,0.7714509527641898
Dominican Republic,2021-12-13,Enemy (with JID) - from the series Arcane League of Legends,Imagine Dragons,https://open.spotify.com/track/1r9xUipOqoNwggBpENDsvJ,6,6.571428571428571,7,0.7713075455372694
Romania,2021-12-13,Pope Is a Rockstar,SALES,https://open.spotify.com/track/0So2sgVa8aJiARPl2P29u2,8,15.571428571428571,7,0.7704568277938182
Hungary,2021-12-13,Pope Is a Rockstar,SALES,https://open.spotify.com/track/0So2sgVa8aJiARPl2P29u2,4,5.142857142857143,7,0.7703258607142098
Thailand,2021-12-13,ຕື່ນຈາກຝັນ (ตื่นจากฝัน),"BAY6IX, LALA",https://open.spotify.com/track/3jf4MpjsHD1425xmxgd1L3,6,6.0,7,0.7701543149387939
El Salvador,2021-12-13,Un Millón de Primaveras,Vicente Fernández,https://open.spotify.com/track/6j5LtifAnuTjTYvml61yFZ,5,9.714285714285714,7,0.7701216348048614
Thailand,2021-12-13,ได้แต่นึกถึง,Only Monday,https://open.spotify.com/track/6SaADaULbCkQ2NZPYD9vaF,9,10.0,7,0.7699372257346174
Dominican Republic,2021-12-13,Hoy Te Toca,"El Cherry Scom, Rodrigo Rodríguez, Kunno",https://open.spotify.com/track/6nj7mjSnIllR4ciBpdi9gt,21,28.0,7,0.769560974043821
Guatemala,2021-12-13,Fall in Love with You.,Montell Fish,https://open.spotify.com/track/31MQR9rOHRXyg4J01hRY1h,5,5.285714285714286,7,0.7683896117091156
Uruguay,2021-12-13,Funky de Antes,"Letan, Menor",https://open.spotify.com/track/4yMWMZEesltigOANqYkaWo,7,8.0,7,0.768118041641579
Nicaragua,2021-12-13,Aca Entre Nos,Vicente Fernández,https://open.spotify.com/track/2FDFz5TuYlpP180AUicAcl,5,6.714285714285714,7,0.7679904597566906
Indonesia,2021-12-13,Takut,Idgitaf,https://open.spotify.com/track/1qHddOZ7pwtmOsw0RmlKFx,2,2.0,7,0.7679289962404954
Lithuania,2021-12-13,MIDDLE OF THE NIGHT,Elley Duhé,https://open.spotify.com/track/58HvfVOeJY7lUuCqF0m3ly,9,12.142857142857142,7,0.767907231749729
Honduras,2021-12-13,Aca Entre Nos,Vicente Fernández,https://open.spotify.com/track/2FDFz5TuYlpP180AUicAcl,5,7.714285714285714,7,0.7674231090260195
Estonia,2021-12-13,abcdefu,GAYLE,https://open.spotify.com/track/4fouWK6XVHhzl78KzQ1UjL,1,1.5714285714285714,7,0.7672548115331657
Bulgaria,2021-12-13,Swimming Pool,Marie Madeleine,https://open.spotify.com/track/3BMqVk2NJbH4fxf84e8kDC,7,16.142857142857142,7,0.7672132982610244
Romania,2021-12-13,Na Janau,Johny Romano,https://open.spotify.com/track/48uvywltl5apRUglwwI00N,5,6.571428571428571,7,0.7670630099844601
Saudi Arabia,2021-12-13,MIDDLE OF THE NIGHT,Elley Duhé,https://open.spotify.com/track/58HvfVOeJY7lUuCqF0m3ly,2,2.5714285714285716,7,0.7670263922213768
Hungary,2021-12-13,Swimming Pool,Marie Madeleine,https://open.spotify.com/track/3BMqVk2NJbH4fxf84e8kDC,5,6.428571428571429,7,0.7666564406198438
Nicaragua,2021-12-13,Un Millón de Primaveras,Vicente Fernández,https://open.spotify.com/track/6j5LtifAnuTjTYvml61yFZ,4,4.857142857142857,7,0.7664394673755697
Paraguay,2021-12-13,Tengo Miedo De Ti,Los Mier,https://open.spotify.com/track/1qkBOMVrDdltTTHieYtE41,15,17.428571428571427,7,0.766300993386135
Bolivia,2021-12-13,Alien Blues,Vundabar,https://open.spotify.com/track/6UjeFOCGYgMpBUtqKg1Je3,16,25.857142857142858,7,0.766288576691453
Peru,2021-12-13,Mon Amour - Remix,"zzoilo, Aitana",https://open.spotify.com/track/5TMLavqGRKNxgzMBrVpC9R,3,3.2857142857142856,7,0.7662703835746701
Honduras,2021-12-13,Mujeres Divinas,Vicente Fernández,https://open.spotify.com/track/2PxGGRmj5yunYdNF2Ud2vm,8,15.571428571428571,7,0.7658025184075725
Estonia,2021-12-13,Swimming Pool,Marie Madeleine,https://open.spotify.com/track/3BMqVk2NJbH4fxf84e8kDC,3,3.857142857142857,7,0.7654283098582182
Ecuador,2021-12-13,Se Va,Carlos Cortez,https://open.spotify.com/track/2oAagniNonDt6sTAiDibeV,5,5.857142857142857,7,0.7652714728076038
Portugal,2021-12-13,Super Max!,Pitstop Boys,https://open.spotify.com/track/4gqOzJPGNCvEnS1u5YHOkp,1,1.4285714285714286,7,0.7647691391801945
Peru,2021-12-13,abcdefu,GAYLE,https://open.spotify.com/track/4fouWK6XVHhzl78KzQ1UjL,2,2.0,7,0.7645025867228736
Costa Rica,2021-12-13,Mon Amour - Remix,"zzoilo, Aitana",https://open.spotify.com/track/5TMLavqGRKNxgzMBrVpC9R,2,2.0,7,0.7638229773327888
Dominican Republic,2021-12-13,Cpr,cupcakKe,https://open.spotify.com/track/35mBYyB61qTcGGj7MXIRM1,11,13.0,7,0.7637811836884573
Saudi Arabia,2021-12-13,Шома тигр,asanrap,https://open.spotify.com/track/5BSGxoVuTykNz5guTsbXap,3,3.2857142857142856,7,0.7635300066003182
Peru,2021-12-13,I AM WOMAN,Emmy Meli,https://open.spotify.com/track/3nOz1U41SZZ0N3fuUWr9nb,1,1.0,7,0.7634569955539404
Costa Rica,2021-12-13,I AM WOMAN,Emmy Meli,https://open.spotify.com/track/3nOz1U41SZZ0N3fuUWr9nb,1,1.0,7,0.7627753050504861
Honduras,2021-12-13,I AM WOMAN,Emmy Meli,https://open.spotify.com/track/3nOz1U41SZZ0N3fuUWr9nb,2,2.2857142857142856,7,0.7626881621669239
El Salvador,2021-12-13,I AM WOMAN,Emmy Meli,https://open.spotify.com/track/3nOz1U41SZZ0N3fuUWr9nb,3,3.142857142857143,7,0.7625952411214942
Malaysia,2021-12-13,Habibi - Albanian Remix,"Ricky Rich, Dardan, DJ Gimi-O",https://open.spotify.com/track/2sHYMLUd4nVLxHPKY05Ein,10,11.0,7,0.7624136722625957
Slovakia,2021-12-13,Helikopter,Fazlija,https://open.spotify.com/track/3xGOOOPD2HjErQLyRFk5Wf,3,4.142857142857143,7,0.7620520586355684
Hong Kong,2021-12-13,怎麼可以吃兔兔,GTB,https://open.spotify.com/track/6MEtMzFqknx74ohaCIlKS0,3,3.7142857142857144,7,0.7619252747596903
South Africa,2021-12-13,MUKOSI BONUS,"Mukosi, Ba Bethe Gashoazen",https://open.spotify.com/track/0cnOETtZBM9vidvFquXzMg,20,24.0,7,0.7618361075845427
El Salvador,2021-12-13,Mujeres Divinas,Vicente Fernández,https://open.spotify.com/track/2PxGGRmj5yunYdNF2Ud2vm,10,18.285714285714285,7,0.7617795751052479
Paraguay,2021-12-13,I AM WOMAN,Emmy Meli,https://open.spotify.com/track/3nOz1U41SZZ0N3fuUWr9nb,3,4.0,7,0.7617367034435907
Hungary,2021-12-13,MIDDLE OF THE NIGHT,Elley Duhé,https://open.spotify.com/track/58HvfVOeJY7lUuCqF0m3ly,2,2.0,7,0.761542199453812
Honduras,2021-12-13,Cold Heart - PNAU Remix,"Elton John, Dua Lipa",https://open.spotify.com/track/7rglLriMNBPAyuJOMGwi39,8,10.0,7,0.7615100721357955
Ukraine,2021-12-13,Notion,The Rare Occasions,https://open.spotify.com/track/0sTlGEld0h8kIPZaKDYUf4,3,5.571428571428571,7,0.7613220998816316
Luxembourg,2021-12-13,abcdefu,GAYLE,https://open.spotify.com/track/4fouWK6XVHhzl78KzQ1UjL,1,1.0,7,0.7612782377091278
Iceland,2021-12-13,Do It To It,"ACRAZE, Cherish",https://open.spotify.com/track/20on25jryn53hWghthWWW3,6,8.428571428571429,7,0.7603731425151475
Lithuania,2021-12-13,I AM WOMAN,Emmy Meli,https://open.spotify.com/track/3nOz1U41SZZ0N3fuUWr9nb,4,4.571428571428571,7,0.7602872787267808
Costa Rica,2021-12-13,abcdefu,GAYLE,https://open.spotify.com/track/4fouWK6XVHhzl78KzQ1UjL,3,3.0,7,0.7601877965696872
Saudi Arabia,2021-12-13,Two Birds,Regina Spektor,https://open.spotify.com/track/2n0U2OG5d6TuW5mKx7YrC0,7,8.571428571428571,7,0.7595620441280203
South Africa,2021-12-13,Happier Than Ever,ASTN,https://open.spotify.com/track/7es56D0QedGMsK39wl2yFX,18,19.428571428571427,7,0.7589888761817734
Greece,2021-12-13,Yalla,"Greg, Ayman",https://open.spotify.com/track/3u5dZBQfFUhUTPzCPynA2i,28,32.0,7,0.7589874075417172
Morocco,2021-12-13,Pope Is a Rockstar,SALES,https://open.spotify.com/track/0So2sgVa8aJiARPl2P29u2,6,15.0,6,0.7589267103529773
Romania,2021-12-13,The Perfect Girl,Mareux,https://open.spotify.com/track/5RBOcBpJXaNnHCGViJmYhh,9,10.833333333333334,6,0.7589143944719626
South Africa,2021-12-13,Phakade Lami,"Nomfundo Moh, Sha Sha, Ami Faku",https://open.spotify.com/track/6wQvbzsxSLKqYrPc26jd9S,6,6.571428571428571,7,0.7588730798489954
Hungary,2021-12-13,abcdefu,GAYLE,https://open.spotify.com/track/4fouWK6XVHhzl78KzQ1UjL,3,3.0,7,0.7578830411582088
Romania,2021-12-13,Dirty Little Animals (From the series Arcane League of Legends),BONES UK,https://open.spotify.com/track/2ZuDGsKSJpQdJmpknJ7ypF,10,17.428571428571427,7,0.7577939282201
Uruguay,2021-12-13,Mon Amour - Remix,"zzoilo, Aitana",https://open.spotify.com/track/5TMLavqGRKNxgzMBrVpC9R,7,7.142857142857143,7,0.7574070133583447
Uruguay,2021-12-13,Taca a Xereca pra Mim,MC Kaique da VP,https://open.spotify.com/track/2GqCEJpzmD81AJ2H0Hyz5T,10,11.428571428571429,7,0.7570750024092237
Saudi Arabia,2021-12-13,Etnaset,Muslim - مُسلِم,https://open.spotify.com/track/5hiQSNo6jQbQ2m2gBZs7bU,5,6.0,7,0.7559478828573893
Slovakia,2021-12-13,all I want is you,"Rebzyyx, hoshie star",https://open.spotify.com/track/7lOvJBqH38ZY59eLU7bioq,18,25.0,7,0.7548739455035002
Ukraine,2021-12-13,abcdefu,GAYLE,https://open.spotify.com/track/4fouWK6XVHhzl78KzQ1UjL,2,2.857142857142857,7,0.7544572884427551
Guatemala,2021-12-13,Hasta la Raíz,Natalia Lafourcade,https://open.spotify.com/track/3lGMtkONrZdJ8kTCg6KIFf,13,17.714285714285715,7,0.7542292648831641
Honduras,2021-12-13,Medallo,"Blessd, Justin Quiles, Lenny Tavárez",https://open.spotify.com/track/6lX6l7OuA3qrnIRfdsr0dw,12,24.285714285714285,7,0.754146522539408
Iceland,2021-12-13,Pope Is a Rockstar,SALES,https://open.spotify.com/track/0So2sgVa8aJiARPl2P29u2,8,10.571428571428571,7,0.7537980222585873
Uruguay,2021-12-13,Latidos,Matías Valdez,https://open.spotify.com/track/7exaYYNN99DHkbZuHOZWO3,14,14.714285714285714,7,0.7537882117926272
Austria,2021-12-13,It's Called: Freefall,Rainbow Kitten Surprise,https://open.spotify.com/track/474uVhyGgK5MtY9gMcDgGl,22,32.57142857142857,7,0.7535196003073533
Peru,2021-12-13,Enemy (with JID) - from the series Arcane League of Legends,Imagine Dragons,https://open.spotify.com/track/1r9xUipOqoNwggBpENDsvJ,8,8.428571428571429,7,0.7534921163639037
Honduras,2021-12-13,Para Siempre,Vicente Fernández,https://open.spotify.com/track/0uyVgmoXDbwS1ubv8AurVZ,10,16.428571428571427,7,0.7533426767439988
Malaysia,2021-12-13,Janji Manis,Masdo,https://open.spotify.com/track/31ECplyzYRmbQihescMh6N,15,20.142857142857142,7,0.7528060919430272
Portugal,2021-12-13,abcdefu,GAYLE,https://open.spotify.com/track/4fouWK6XVHhzl78KzQ1UjL,3,3.0,7,0.7520017227177378
Panama,2021-12-13,Un Millón de Primaveras,Vicente Fernández,https://open.spotify.com/track/6j5LtifAnuTjTYvml61yFZ,16,32.714285714285715,7,0.7510589488153965
Iceland,2021-12-13,I AM WOMAN,Emmy Meli,https://open.spotify.com/track/3nOz1U41SZZ0N3fuUWr9nb,3,3.4285714285714284,7,0.7505727242425264
Costa Rica,2021-12-13,Medallo,"Blessd, Justin Quiles, Lenny Tavárez",https://open.spotify.com/track/6lX6l7OuA3qrnIRfdsr0dw,11,18.0,7,0.7504502299828335
Honduras,2021-12-13,Hermoso Cariño,Vicente Fernández,https://open.spotify.com/track/6UN6W5tj0qrMYV8N9MQMJC,12,21.571428571428573,7,0.7503572316879348
Saudi Arabia,2021-12-13,Alien Blues,Vundabar,https://open.spotify.com/track/6UjeFOCGYgMpBUtqKg1Je3,8,10.0,7,0.7500529710632559
Paraguay,2021-12-13,Ela me Falou Que Quer Rave,"MC Levin, DJ Nikolas Alves Exclusive, DJ Kaioken, DJ Gege",https://open.spotify.com/track/0JdkDCdrhMOaeXjIZdeBXN,3,3.4285714285714284,7,0.7498512507390838
Morocco,2021-12-13,Marfoud,7liwa,https://open.spotify.com/track/56Bs6dWaxizARR9y1Ghs5y,13,13.714285714285714,7,0.7497275687790927
Greece,2021-12-13,Own Brand Freestyle,"FelixThe1st, Dreya Mac, Finch Fetti",https://open.spotify.com/track/6Jzdxguk63s6CVVXHIrQ0x,8,9.857142857142858,7,0.7497031927794057
Nicaragua,2021-12-13,I AM WOMAN,Emmy Meli,https://open.spotify.com/track/3nOz1U41SZZ0N3fuUWr9nb,3,3.0,7,0.7489173741749645
Panama,2021-12-13,Yours,JIN,https://open.spotify.com/track/10IfXtjKQmOiON7tNAHv0y,3,4.0,7,0.7480579503432919
Ecuador,2021-12-13,I AM WOMAN,Emmy Meli,https://open.spotify.com/track/3nOz1U41SZZ0N3fuUWr9nb,1,1.8571428571428572,7,0.7473697171596012
Guatemala,2021-12-13,Un Millón de Primaveras,Vicente Fernández,https://open.spotify.com/track/6j5LtifAnuTjTYvml61yFZ,6,11.571428571428571,7,0.7469713235636181
Singapore,2021-12-13,Pope Is a Rockstar,SALES,https://open.spotify.com/track/0So2sgVa8aJiARPl2P29u2,10,13.428571428571429,7,0.7467564178867028
El Salvador,2021-12-13,Cold Heart - PNAU Remix,"Elton John, Dua Lipa",https://open.spotify.com/track/7rglLriMNBPAyuJOMGwi39,16,17.714285714285715,7,0.7467545365408423
Uruguay,2021-12-13,Pa Tra Rkt,"Callejero Fino, Pusho DJ",https://open.spotify.com/track/1CpRJLarXSUho5AopXxNQj,13,13.857142857142858,7,0.7460650485149167
Israel,2021-12-13,Coming for You (feat. A1 x J1),SwitchOTR,https://open.spotify.com/track/1xIqDFx3KdByBnKMlTECcM,8,11.714285714285714,7,0.7459908651777489
Bolivia,2021-12-13,Vai Lá Em Casa Hoje,"George Henrique & Rodrigo, Marília Mendonça",https://open.spotify.com/track/1c4htMHiolERc0YJvZNdlc,19,26.0,7,0.7458925281125628
Greece,2021-12-13,all I want is you,"Rebzyyx, hoshie star",https://open.spotify.com/track/7lOvJBqH38ZY59eLU7bioq,19,26.857142857142858,7,0.7458871162973136
Portugal,2021-12-13,Do It To It,"ACRAZE, Cherish",https://open.spotify.com/track/20on25jryn53hWghthWWW3,5,5.0,7,0.744449824827635
Latvia,2021-12-13,abcdefu (angrier),GAYLE,https://open.spotify.com/track/1EQFOouqdKYdpbNoOHRVO2,14,15.571428571428571,7,0.7442358659333219
Singapore,2021-12-13,Super Idol - Remix,Samstring,https://open.spotify.com/track/5t07RuwZAUBBnF2tWKwgmP,5,5.285714285714286,7,0.7438573302687521
Guatemala,2021-12-13,Mon Amour - Remix,"zzoilo, Aitana",https://open.spotify.com/track/5TMLavqGRKNxgzMBrVpC9R,1,2.0,7,0.7437451498591081
Hong Kong,2021-12-13,Face Off,"Tech N9ne, Joey Cool, King Iso, Dwayne Johnson",https://open.spotify.com/track/6M47gaKejso9772SKTa3yH,12,17.857142857142858,7,0.7434209118954627
Spain,2021-12-13,TITAN,Salastkbron,https://open.spotify.com/track/5fBQLapwAPSLw27STml9kr,5,8.142857142857142,7,0.7433839262278482
Czech Republic,2021-12-13,Helikopter,Fazlija,https://open.spotify.com/track/3xGOOOPD2HjErQLyRFk5Wf,1,1.8571428571428572,7,0.7429542860128188
South Africa,2021-12-13,Fairytale of New York (feat. Kirsty MacColl),The Pogues,https://open.spotify.com/track/3VTNVsTTu05dmTsVFrmGpK,27,35.5,6,0.7427874868252663
Chile,2021-12-13,Disco Kast - Radio Edit,José Antonio Kast,https://open.spotify.com/track/1EXiePNHIrLToPnoBKLvmx,1,3.0,7,0.7425950370101453
Hungary,2021-12-13,Gyere Velem,"AKC Kretta, AKC Misi",https://open.spotify.com/track/10wMZu2Y9o55ylw6mRSiKB,13,14.857142857142858,7,0.7424546609491834
Bulgaria,2021-12-13,The Perfect Girl,Mareux,https://open.spotify.com/track/5RBOcBpJXaNnHCGViJmYhh,15,19.0,6,0.7424146588924849
Portugal,2021-12-13,Fairytale of New York (feat. Kirsty MacColl),The Pogues,https://open.spotify.com/track/3VTNVsTTu05dmTsVFrmGpK,11,19.428571428571427,7,0.7414889333965864
Vietnam,2021-12-13,Ngày Không Có Em - ThịnK,ThịnK,https://open.spotify.com/track/6ZJvCiXkwK6NFr85GhHD0f,2,2.0,7,0.7413930023929934
Vietnam,2021-12-13,Comfort Chain,Instupendo,https://open.spotify.com/track/5BAXlRDW3YaPr3rfqV51TA,8,24.571428571428573,7,0.7410920809259608
Egypt,2021-12-13,Etnaset,Muslim - مُسلِم,https://open.spotify.com/track/5hiQSNo6jQbQ2m2gBZs7bU,2,2.7142857142857144,7,0.7406672413994149
Greece,2021-12-13,Lost in the Fire (feat. The Weeknd),Gesaffelstein,https://open.spotify.com/track/2vXKRlJBXyOcvZYTdNeckS,9,10.142857142857142,7,0.7403840021844991
Singapore,2021-12-13,Die For You,"VALORANT, Grabbitz",https://open.spotify.com/track/2lz3zjQ5QCVXiyOzIk02vW,6,7.857142857142857,7,0.740295490117588
Brazil,2021-12-13,I AM WOMAN,Emmy Meli,https://open.spotify.com/track/3nOz1U41SZZ0N3fuUWr9nb,1,1.0,7,0.7400359626960687
Philippines,2021-12-13,Ginseng Strip 2002,Yung Lean,https://open.spotify.com/track/79nEEoEPY2w8EXj9hjn5oc,5,7.714285714285714,7,0.7399593439819799
Panama,2021-12-13,Don't (feat. RM),eAeon,https://open.spotify.com/track/6KE3Fs6LMzi4hJI3eFqyLC,8,10.714285714285714,7,0.7399127097917104
Bulgaria,2021-12-13,Flowers (Say My Name),ArrDee,https://open.spotify.com/track/2BzAGK3lEZAQz5cU0Ae1wd,12,14.571428571428571,7,0.7397790193459323
Thailand,2021-12-13,Super Idol - Remix,Samstring,https://open.spotify.com/track/5t07RuwZAUBBnF2tWKwgmP,20,23.857142857142858,7,0.7393512546406741
Estonia,2021-12-13,MIDDLE OF THE NIGHT,Elley Duhé,https://open.spotify.com/track/58HvfVOeJY7lUuCqF0m3ly,7,7.428571428571429,7,0.7393175538004586
Greece,2021-12-13,Pope Is a Rockstar,SALES,https://open.spotify.com/track/0So2sgVa8aJiARPl2P29u2,9,15.428571428571429,7,0.7392085348221528
Austria,2021-12-13,Super Max!,Pitstop Boys,https://open.spotify.com/track/4gqOzJPGNCvEnS1u5YHOkp,1,2.2857142857142856,7,0.7390381296328046
Costa Rica,2021-12-13,Do It To It,"ACRAZE, Cherish",https://open.spotify.com/track/20on25jryn53hWghthWWW3,4,6.428571428571429,7,0.7384964226144329
Honduras,2021-12-13,A Mi Manera - En Vivo [Un Azteca en el Azteca],Vicente Fernández,https://open.spotify.com/track/78fl7FwLL7HK60Oa6xg4Ng,15,26.0,7,0.7383639740007698
South Korea,2021-12-13,abcdefu,GAYLE,https://open.spotify.com/track/4fouWK6XVHhzl78KzQ1UjL,1,1.5714285714285714,7,0.7374414328788141
Saudi Arabia,2021-12-13,The Perfect Girl,Mareux,https://open.spotify.com/track/5RBOcBpJXaNnHCGViJmYhh,15,17.333333333333332,6,0.737408232289549
Dominican Republic,2021-12-13,Do It To It,"ACRAZE, Cherish",https://open.spotify.com/track/20on25jryn53hWghthWWW3,3,4.0,7,0.7373150683615897
Paraguay,2021-12-13,DANCE CRIP,Trueno,https://open.spotify.com/track/1kjs5eR4DMzyB0gm1Z8waV,8,9.428571428571429,7,0.7370436831898306
Ecuador,2021-12-13,abcdefu,GAYLE,https://open.spotify.com/track/4fouWK6XVHhzl78KzQ1UjL,2,2.2857142857142856,7,0.7370423182250627
Thailand,2021-12-13,เอาปากกามาวง,BELL WARISARA,https://open.spotify.com/track/4aDz9NTsLULSvewSLg8lih,3,3.2857142857142856,7,0.7370030858314539
Costa Rica,2021-12-13,Un Millón de Primaveras,Vicente Fernández,https://open.spotify.com/track/6j5LtifAnuTjTYvml61yFZ,4,12.571428571428571,7,0.7369782185501589
Panama,2021-12-13,You (Prod. SUGA of BTS),ØMI,https://open.spotify.com/track/4rF72sAKXnQ2t2Q5aZlreW,6,7.0,7,0.7365563312459488
Panama,2021-12-13,Notion,The Rare Occasions,https://open.spotify.com/track/0sTlGEld0h8kIPZaKDYUf4,10,16.571428571428573,7,0.7365401614539183
Mexico,2021-12-13,Do It To It,"ACRAZE, Cherish",https://open.spotify.com/track/20on25jryn53hWghthWWW3,4,4.571428571428571,7,0.7365097479703049
Turkey,2021-12-13,Ben Senden Vazgeçtim,Skapova,https://open.spotify.com/track/5RwRS0oSr6qT3LUqO9ABs1,1,1.1428571428571428,7,0.7364076698700476
South Africa,2021-12-13,The Perfect Girl,Mareux,https://open.spotify.com/track/5RBOcBpJXaNnHCGViJmYhh,36,39.666666666666664,6,0.735652621267924
Israel,2021-12-13,Own Brand Freestyle,"FelixThe1st, Dreya Mac, Finch Fetti",https://open.spotify.com/track/6Jzdxguk63s6CVVXHIrQ0x,5,5.142857142857143,7,0.735527491188359
Saudi Arabia,2021-12-13,Apocalypse,Cigarettes After Sex,https://open.spotify.com/track/3AVrVz5rK8Hrqo9YGiVGN5,28,36.42857142857143,7,0.7348292406895861
Egypt,2021-12-13,مسجون حزين,Hamo ElTikha,https://open.spotify.com/track/0TxEBrs9Py9uOxwOSYBROV,5,6.0,7,0.7348155619449981
Uruguay,2021-12-13,Me Encanta,"Matías Valdez, Lucas Sugo",https://open.spotify.com/track/7asgcWpGtv92TiMZUYNWVt,29,39.857142857142854,7,0.7330383264426037
Morocco,2021-12-13,Ghadi Jay,Echbiy,https://open.spotify.com/track/0B222iHrASMQ4vElXboQbf,7,8.0,7,0.7328306510994337
Belgium,2021-12-13,Super Max!,Pitstop Boys,https://open.spotify.com/track/4gqOzJPGNCvEnS1u5YHOkp,1,2.2857142857142856,7,0.73274680281972
Mexico,2021-12-13,Mon Amour - Remix,"zzoilo, Aitana",https://open.spotify.com/track/5TMLavqGRKNxgzMBrVpC9R,2,2.0,7,0.7326710298909057
Israel,2021-12-13,I AM WOMAN,Emmy Meli,https://open.spotify.com/track/3nOz1U41SZZ0N3fuUWr9nb,3,3.0,7,0.732416403787555
Nicaragua,2021-12-13,Mon Amour - Remix,"zzoilo, Aitana",https://open.spotify.com/track/5TMLavqGRKNxgzMBrVpC9R,1,1.2857142857142858,7,0.7323730132742216
Nicaragua,2021-12-13,abcdefu,GAYLE,https://open.spotify.com/track/4fouWK6XVHhzl78KzQ1UjL,1,1.7142857142857142,7,0.7322024170481063
Morocco,2021-12-13,Ya Lalali,Roffo,https://open.spotify.com/track/5dpZaOEAyPUlVsXR5h7eGv,10,10.857142857142858,7,0.7321386494351715
Netherlands,2021-12-13,Buren,Turfy Gang,https://open.spotify.com/track/7erbctwXpJ5IMpZVgvI7Jm,1,3.142857142857143,7,0.7318931194236219
Dominican Republic,2021-12-13,Pope Is a Rockstar,SALES,https://open.spotify.com/track/0So2sgVa8aJiARPl2P29u2,9,17.4,5,0.7318083007912515
Lithuania,2021-12-13,Alien Blues,Vundabar,https://open.spotify.com/track/6UjeFOCGYgMpBUtqKg1Je3,2,4.714285714285714,7,0.7317253148749735
Morocco,2021-12-13,Goodbye (from the series Arcane League of Legends),Ramsey,https://open.spotify.com/track/5QWjrWckcPcSVqQNfbD4Bc,24,37.42857142857143,7,0.7316867633313793
Mexico,2021-12-13,I AM WOMAN,Emmy Meli,https://open.spotify.com/track/3nOz1U41SZZ0N3fuUWr9nb,1,1.0,7,0.731533738968554
Ukraine,2021-12-13,Плоская,Kempel,https://open.spotify.com/track/44mJxPVUtEV61pw8dQaB5d,9,15.142857142857142,7,0.7314417349291479
Greece,2021-12-13,Ku Je Ti,"Finem, Light",https://open.spotify.com/track/7aTCnW8zpEIpYaI2Y6ypFW,22,22.285714285714285,7,0.7313660039322991
Ecuador,2021-12-13,Sol,Willian,https://open.spotify.com/track/4DWWR3Zk5pka9t2BrLVc7U,5,8.285714285714286,7,0.7309644921355186
Lithuania,2021-12-13,Enemy (with JID) - from the series Arcane League of Legends,Imagine Dragons,https://open.spotify.com/track/1r9xUipOqoNwggBpENDsvJ,16,17.428571428571427,7,0.730814204941978
Costa Rica,2021-12-13,Las Locuras Mías,"Omar Chaparro, Joey Montana",https://open.spotify.com/track/78OElpvKKwUnCEoVVtqth5,6,8.285714285714286,7,0.7307376323682702
Egypt,2021-12-13,Enemy (with JID) - from the series Arcane League of Legends,Imagine Dragons,https://open.spotify.com/track/1r9xUipOqoNwggBpENDsvJ,6,7.428571428571429,7,0.7307200138217902
Estonia,2021-12-13,IN THE CLUB,Mishashi Sensei,https://open.spotify.com/track/7vX0rvoGneCCOJ2QPruNNZ,16,24.428571428571427,7,0.7306896633955863
Indonesia,2021-12-13,Ajarkan Aku...,Arvian Dwi,https://open.spotify.com/track/0oFODP50WO9IhPfZHZ99hs,4,8.0,7,0.7304559950993281
Paraguay,2021-12-13,Enemy (with JID) - from the series Arcane League of Legends,Imagine Dragons,https://open.spotify.com/track/1r9xUipOqoNwggBpENDsvJ,11,12.285714285714286,7,0.7304009719537247
Guatemala,2021-12-13,Enemy (with JID) - from the series Arcane League of Legends,Imagine Dragons,https://open.spotify.com/track/1r9xUipOqoNwggBpENDsvJ,6,7.285714285714286,7,0.7301118966577931
Ukraine,2021-12-13,Goodbye (from the series Arcane League of Legends),Ramsey,https://open.spotify.com/track/5QWjrWckcPcSVqQNfbD4Bc,22,23.0,7,0.7300192690038271
Peru,2021-12-13,Own Brand Freestyle,"FelixThe1st, Dreya Mac, Finch Fetti",https://open.spotify.com/track/6Jzdxguk63s6CVVXHIrQ0x,14,15.714285714285714,7,0.7299647199997881
Italy,2021-12-13,Super Max!,Pitstop Boys,https://open.spotify.com/track/4gqOzJPGNCvEnS1u5YHOkp,1,2.142857142857143,7,0.7287548783997732
Mexico,2021-12-13,abcdefu,GAYLE,https://open.spotify.com/track/4fouWK6XVHhzl78KzQ1UjL,3,3.0,7,0.7287266552754885
South Africa,2021-12-13,I AM WOMAN,Emmy Meli,https://open.spotify.com/track/3nOz1U41SZZ0N3fuUWr9nb,2,3.7142857142857144,7,0.7283135077333475
Ukraine,2021-12-13,La Espada,Eternal Raijin,https://open.spotify.com/track/6w969Gr8VhF02vaHs67oo9,10,14.142857142857142,7,0.7282903056824637
Morocco,2021-12-13,13,LHAJ,https://open.spotify.com/track/6LQuGZxkKZSGTzU8cjz4SP,13,24.571428571428573,7,0.7280100807816484
Iceland,2021-12-13,Undir Mistilteini (feat. Svala),"Egill Ploder, Ingi Bauer",https://open.spotify.com/track/5IjZHSeqDxHYPjf9zGSCyB,16,21.714285714285715,7,0.7276436393788681
Chile,2021-12-13,Mi Gata,Standly / El Barto,https://open.spotify.com/track/0Z46SPLJZUC2aKDAggsMvr,2,2.142857142857143,7,0.7275616512410518
Malaysia,2021-12-13,I AM WOMAN,Emmy Meli,https://open.spotify.com/track/3nOz1U41SZZ0N3fuUWr9nb,4,5.285714285714286,7,0.727464179048463
Lithuania,2021-12-13,Legend,Tevvez,https://open.spotify.com/track/05EG9LwFCVjkoYEWzsrHHO,18,23.428571428571427,7,0.7273096228660134
Ireland,2021-12-13,Swimming Pool,Marie Madeleine,https://open.spotify.com/track/3BMqVk2NJbH4fxf84e8kDC,5,5.428571428571429,7,0.7272177598034294
El Salvador,2021-12-13,DANCE CRIP,Trueno,https://open.spotify.com/track/1kjs5eR4DMzyB0gm1Z8waV,6,9.285714285714286,7,0.7269910306111821
Lithuania,2021-12-13,Super Idol - Remix,Samstring,https://open.spotify.com/track/5t07RuwZAUBBnF2tWKwgmP,27,34.57142857142857,7,0.7267574842965653
Uruguay,2021-12-13,MESITA | Mission 05,"Alan Gomez, Mesita",https://open.spotify.com/track/4WaopyDgvKQP6T852K9boe,22,29.0,7,0.7263666277823884
Poland,2021-12-13,Harnaś ice tea,Gawryle,https://open.spotify.com/track/32IErAbP0G4WcnpqHpMd35,1,1.0,7,0.7263461845927819
Latvia,2021-12-13,Fairytale of New York (feat. Kirsty MacColl),The Pogues,https://open.spotify.com/track/3VTNVsTTu05dmTsVFrmGpK,11,21.333333333333332,6,0.7262461906223697
Honduras,2021-12-13,Enemy (with JID) - from the series Arcane League of Legends,Imagine Dragons,https://open.spotify.com/track/1r9xUipOqoNwggBpENDsvJ,5,8.285714285714286,7,0.726231665377511
Uruguay,2021-12-13,Otra Noche,"Los Ángeles Azules, Nicki Nicole",https://open.spotify.com/track/5i82o3878xCPNCUK8VIeqX,9,10.285714285714286,7,0.7261289618834843
Chile,2021-12-13,Mon Amour - Remix,"zzoilo, Aitana",https://open.spotify.com/track/5TMLavqGRKNxgzMBrVpC9R,4,4.142857142857143,7,0.7256505909514313
Slovakia,2021-12-13,Swimming Pool,Marie Madeleine,https://open.spotify.com/track/3BMqVk2NJbH4fxf84e8kDC,5,6.714285714285714,7,0.7253602102418573
Nicaragua,2021-12-13,Hasta la Raíz,Natalia Lafourcade,https://open.spotify.com/track/3lGMtkONrZdJ8kTCg6KIFf,7,11.0,7,0.7251779356057654
United Arab Emirates,2021-12-13,Die For You,"VALORANT, Grabbitz",https://open.spotify.com/track/2lz3zjQ5QCVXiyOzIk02vW,18,24.428571428571427,7,0.7251543963468354
Greece,2021-12-13,I Love You So,The Walters,https://open.spotify.com/track/4SqWKzw0CbA05TGszDgMlc,25,26.428571428571427,7,0.7250354352072033
Honduras,2021-12-13,I Love You So,The Walters,https://open.spotify.com/track/4SqWKzw0CbA05TGszDgMlc,16,18.285714285714285,7,0.7250329478966318
Saudi Arabia,2021-12-13,Lights Are On,Tom Rosenthal,https://open.spotify.com/track/4IhTXiZLKATmwhMZIb1GQN,16,18.142857142857142,7,0.724863112217626
Bolivia,2021-12-13,Taca a Xereca pra Mim,MC Kaique da VP,https://open.spotify.com/track/2GqCEJpzmD81AJ2H0Hyz5T,2,3.857142857142857,7,0.7247303132258786
Egypt,2021-12-13,على وضعنا,Ahmed Faransa,https://open.spotify.com/track/5sb9l21Adj5wafYN0U2eo7,9,13.285714285714286,7,0.7246085570431512
Thailand,2021-12-13,บานปลาย (best wishes),BOWKYLION,https://open.spotify.com/track/3Js0tYhiLhVXHskoOF0jLh,8,8.142857142857142,7,0.723318848576866
Thailand,2021-12-13,Die For You,"VALORANT, Grabbitz",https://open.spotify.com/track/2lz3zjQ5QCVXiyOzIk02vW,8,9.0,7,0.7229704090205981
Latvia,2021-12-13,Super Max!,Pitstop Boys,https://open.spotify.com/track/4gqOzJPGNCvEnS1u5YHOkp,10,18.857142857142858,7,0.7223484734577109
United Arab Emirates,2021-12-13,abcdefu (angrier),GAYLE,https://open.spotify.com/track/1EQFOouqdKYdpbNoOHRVO2,7,8.857142857142858,7,0.7216001472316357
Belgium,2021-12-13,Dat heb jij gedaan,MEAU,https://open.spotify.com/track/6lgIi3ixBsr4cMt3r19yX9,1,1.2857142857142858,7,0.7210537311250405
Latvia,2021-12-13,СОЛНЦЕ МОНАКО,Lusia Chebotina,https://open.spotify.com/track/5YDBHDEIgWkfairCJgGApW,8,8.571428571428571,7,0.7206099340101283
Spain,2021-12-13,Super Max!,Pitstop Boys,https://open.spotify.com/track/4gqOzJPGNCvEnS1u5YHOkp,2,2.0,7,0.720577728163146
Greece,2021-12-13,Notion,The Rare Occasions,https://open.spotify.com/track/0sTlGEld0h8kIPZaKDYUf4,14,16.285714285714285,7,0.7201930711156318
El Salvador,2021-12-13,Medallo,"Blessd, Justin Quiles, Lenny Tavárez",https://open.spotify.com/track/6lX6l7OuA3qrnIRfdsr0dw,9,13.0,7,0.7198399272530385
Peru,2021-12-13,Do It To It,"ACRAZE, Cherish",https://open.spotify.com/track/20on25jryn53hWghthWWW3,6,7.285714285714286,7,0.7197516501796936
Romania,2021-12-13,DTB,Merczz,https://open.spotify.com/track/6BoXckigjvnIAZVQV6lELq,5,9.428571428571429,7,0.7197224959307656
Bolivia,2021-12-13,Ela me Falou Que Quer Rave,"MC Levin, DJ Nikolas Alves Exclusive, DJ Kaioken, DJ Gege",https://open.spotify.com/track/0JdkDCdrhMOaeXjIZdeBXN,27,33.714285714285715,7,0.7196825735974348
Peru,2021-12-13,No Puedo Vivir Sin Ti,Nano Morris,https://open.spotify.com/track/057VM8IDtvPumJhqbw9enq,6,7.571428571428571,7,0.7196346169437048
Indonesia,2021-12-13,if depression gets the best of me,Zevia,https://open.spotify.com/track/1UHATOi2uLeTk3UHKBwR30,11,18.428571428571427,7,0.7193157027341834
Portugal,2021-12-13,I AM WOMAN,Emmy Meli,https://open.spotify.com/track/3nOz1U41SZZ0N3fuUWr9nb,1,1.5714285714285714,7,0.7191862018845174
Romania,2021-12-13,Vrea gadilata vrea pupata,"Mariano, Costel Biju",https://open.spotify.com/track/4y6g6DD1FLRxCqsvfd5ECG,22,33.5,6,0.7188981050559852
Thailand,2021-12-13,Dancing with my phone,HYBS,https://open.spotify.com/track/4Zh9zZmEBoDLTKQRjXwict,12,14.285714285714286,7,0.7185727136259481
Ukraine,2021-12-13,Васаби,Boronina,https://open.spotify.com/track/7IRdEom1Qtg7H6cSFpDdIS,29,34.285714285714285,7,0.7185160100572993
Hungary,2021-12-13,Alien Blues,Vundabar,https://open.spotify.com/track/6UjeFOCGYgMpBUtqKg1Je3,4,5.142857142857143,7,0.7184463766329979
Luxembourg,2021-12-13,DER LETZTE SONG (ALLES WIRD GUT) (feat. Fred Rabe),KUMMER,https://open.spotify.com/track/2FQRZLR31e3423Nmrgv0Pv,3,3.4285714285714284,7,0.7184458341246304
Austria,2021-12-13,Die For You,"VALORANT, Grabbitz",https://open.spotify.com/track/2lz3zjQ5QCVXiyOzIk02vW,18,25.142857142857142,7,0.7182619379984512
Iceland,2021-12-13,Cpr,cupcakKe,https://open.spotify.com/track/35mBYyB61qTcGGj7MXIRM1,18,25.0,7,0.7181641309815552
Uruguay,2021-12-13,Bar,"TINI, L-Gante",https://open.spotify.com/track/0lJE8f0lx8mUSfMyxeYpiC,8,9.142857142857142,7,0.7179804084797571
Estonia,2021-12-13,Super Max!,Pitstop Boys,https://open.spotify.com/track/4gqOzJPGNCvEnS1u5YHOkp,9,13.714285714285714,7,0.7177923927076694
Malaysia,2021-12-13,"如果可以 - 電影""月老""主題曲",WeiBird,https://open.spotify.com/track/72OVnXDzugvrCU25lMi9au,24,29.0,7,0.7177886846757351
South Korea,2021-12-13,踊り子,Vaundy,https://open.spotify.com/track/4xk70Qur2QeRmWIzWPC63V,6,8.428571428571429,7,0.7177528891725988
Paraguay,2021-12-13,Own Brand Freestyle,"FelixThe1st, Dreya Mac, Finch Fetti",https://open.spotify.com/track/6Jzdxguk63s6CVVXHIrQ0x,17,20.714285714285715,7,0.7175611392669615
Ukraine,2021-12-13,Live Another Day,Kordhell,https://open.spotify.com/track/34lfu3S4fIcKZRNXzbdbo7,16,18.142857142857142,7,0.7172164231680705
Panama,2021-12-13,Amapolas - Remix,"Leo Rizzi, Danny Ocean",https://open.spotify.com/track/44QxiGlmeSpF8boud04Rkc,23,26.285714285714285,7,0.7171319161981349
Ecuador,2021-12-13,Monastery,"Ryan Castro, Feid",https://open.spotify.com/track/1JpzJfxjHGFUyTHXLZidok,10,11.0,7,0.7170308597518186
Italy,2021-12-13,น้ำแดงน้ำส้ม,JV.JARVIS,https://open.spotify.com/track/1xxJiB2B3rMw8g85PPtcN7,1,1.4285714285714286,7,0.7168368739427122
Estonia,2021-12-13,Legend,Tevvez,https://open.spotify.com/track/05EG9LwFCVjkoYEWzsrHHO,17,19.714285714285715,7,0.7168200694704672
Greece,2021-12-13,Enemy (with JID) - from the series Arcane League of Legends,Imagine Dragons,https://open.spotify.com/track/1r9xUipOqoNwggBpENDsvJ,12,12.428571428571429,7,0.7167385510348104
Ukraine,2021-12-13,Одна,"АДЛИН, Килджо",https://open.spotify.com/track/3OadSO0Y0Xz8W4r0aOny9d,36,38.857142857142854,7,0.7165452476373015
Taiwan,2021-12-13,藍色的你 (《比悲傷更悲傷的故事》 影集版 插曲),Cosmos People,https://open.spotify.com/track/6QUhx7zJcTIEz40Cr28mgL,7,7.285714285714286,7,0.716090343265614
Slovakia,2021-12-13,V PODZEMÍ FREESTYLE,"Pil C, Rytmus",https://open.spotify.com/track/2dRXI14jEUYGz04ZU086ol,16,21.666666666666668,6,0.7159251487553691
Estonia,2021-12-13,After Dark,Mr.Kitty,https://open.spotify.com/track/0zCgWGmDF0aih5qexATyBn,20,25.285714285714285,7,0.7159226683843978
El Salvador,2021-12-13,Hasta la Raíz,Natalia Lafourcade,https://open.spotify.com/track/3lGMtkONrZdJ8kTCg6KIFf,22,26.857142857142858,7,0.7159084182141146
Luxembourg,2021-12-13,TO THE MOON,Jnr Choi,https://open.spotify.com/track/0hYFc3HSZHDaDzquLVRwBH,9,16.857142857142858,7,0.7157121915039355
Bolivia,2021-12-13,Inventame,La Novedad Norteña de Israel Leyva,https://open.spotify.com/track/6pFfGAUYmj5kNP1pVcCjdd,27,28.857142857142858,7,0.7155064527913054
Dominican Republic,2021-12-13,Cold Heart - PNAU Remix,"Elton John, Dua Lipa",https://open.spotify.com/track/7rglLriMNBPAyuJOMGwi39,22,24.857142857142858,7,0.7152085074650273
South Africa,2021-12-13,miss me (when you're gone),Will Linley,https://open.spotify.com/track/4z2qQDApUjC6rT70uyK3op,5,7.0,7,0.7151931466284807
Guatemala,2021-12-13,Pope Is a Rockstar,SALES,https://open.spotify.com/track/0So2sgVa8aJiARPl2P29u2,4,10.2,5,0.7150238482009986
Panama,2021-12-13,No se habla de Bruno,"Carolina Gaitán - La Gaita, Mauro Castillo, Daniela Sierra, Juanse Diez, Isabel Garcés, Olga Lucía Vives, Encanto - Elenco",https://open.spotify.com/track/5QKk5N5xJQGsWMhPM80Kfv,13,15.857142857142858,7,0.7148700517075439
El Salvador,2021-12-13,Enemy - From the series Arcane League of Legends,Imagine Dragons,https://open.spotify.com/track/5UlnuulVAVmmesw4VzqHdG,22,31.857142857142858,7,0.7147831260532617
Hong Kong,2021-12-13,踊り子,Vaundy,https://open.spotify.com/track/4xk70Qur2QeRmWIzWPC63V,11,11.571428571428571,7,0.7143100475399229
Ukraine,2021-12-13,Move Your Body,"Öwnboss, Sevek",https://open.spotify.com/track/6GomT970rCOkKAyyrwJeZi,3,6.142857142857143,7,0.7141992729864431
Latvia,2021-12-13,Marmalade,"Miyagi & Andy Panda, Mav-d",https://open.spotify.com/track/7rvEwAILTqxBpdIyUifkE8,12,21.285714285714285,7,0.7140590857101309
Honduras,2021-12-13,DANCE CRIP,Trueno,https://open.spotify.com/track/1kjs5eR4DMzyB0gm1Z8waV,10,11.571428571428571,7,0.7138053640107018
Romania,2021-12-13,Die For You,"VALORANT, Grabbitz",https://open.spotify.com/track/2lz3zjQ5QCVXiyOzIk02vW,7,8.428571428571429,7,0.7137593278502484
Iceland,2021-12-13,Þegar Þú Blikkar (feat. Björgvin Halldórsson),Herra Hnetusmjör,https://open.spotify.com/track/3RkoMHO82pcLpCosDR7Gbj,6,7.571428571428571,7,0.7137265905088245
Estonia,2021-12-13,Cpr,cupcakKe,https://open.spotify.com/track/35mBYyB61qTcGGj7MXIRM1,10,15.285714285714286,7,0.713477135534976
Nicaragua,2021-12-13,Mujeres Divinas,Vicente Fernández,https://open.spotify.com/track/2PxGGRmj5yunYdNF2Ud2vm,7,13.0,7,0.7129835148705986
Bulgaria,2021-12-13,I AM WOMAN,Emmy Meli,https://open.spotify.com/track/3nOz1U41SZZ0N3fuUWr9nb,4,4.857142857142857,7,0.7128843111035859
South Korea,2021-12-13,Limousine (Feat. MINO) (Prod. GRAY),BE'O,https://open.spotify.com/track/5g2Ik0WJG9rqu97nCLcQhV,3,3.0,7,0.7123857081168017
Malaysia,2021-12-13,แค่เพื่อนมั้ง (Just Friend?) - เพลงประกอบซีรีส์ แค่เพื่อนครับเพื่อน BAD BUDDY SERIES,นนน กรภัทร์,https://open.spotify.com/track/03jBontbv2DkRxsgLU8H4x,9,10.571428571428571,7,0.712351663076035
Latvia,2021-12-13,99 Problems,"Big Baby Tape, kizaru",https://open.spotify.com/track/0r9fpWPI6z3V3YZXIiVaNC,26,35.714285714285715,7,0.7114501077887961
Russia,2021-12-13,Mr. Trance,Esteman,https://open.spotify.com/track/3SLIDzhExrfsvH6sVosiwn,1,3.142857142857143,7,0.7113835994820827
Costa Rica,2021-12-13,Aca Entre Nos,Vicente Fernández,https://open.spotify.com/track/2FDFz5TuYlpP180AUicAcl,10,22.571428571428573,7,0.7113457977807705
Luxembourg,2021-12-13,I AM WOMAN,Emmy Meli,https://open.spotify.com/track/3nOz1U41SZZ0N3fuUWr9nb,2,2.0,7,0.7112303634520947
Bulgaria,2021-12-13,all I want is you,"Rebzyyx, hoshie star",https://open.spotify.com/track/7lOvJBqH38ZY59eLU7bioq,20,29.428571428571427,7,0.7111562821053001
Morocco,2021-12-13,La Espada,Eternal Raijin,https://open.spotify.com/track/6w969Gr8VhF02vaHs67oo9,27,31.428571428571427,7,0.7110310253167342
Peru,2021-12-13,LOST IN PARADISE,"ALI, AKLO",https://open.spotify.com/track/7kRKlFCFLAUwt43HWtauhX,20,24.142857142857142,7,0.7108902954818572
Morocco,2021-12-13,Infinity,Jaymes Young,https://open.spotify.com/track/1SOClUWhOi8vHZYMz3GluK,18,22.0,7,0.7108874600846051
Slovakia,2021-12-13,HAWAII,"Pil C, Ben Cristovao",https://open.spotify.com/track/0cBuAJ2n3vNo61hh1tVHfs,19,26.5,6,0.7108407066813693
Slovakia,2021-12-13,Legend,Tevvez,https://open.spotify.com/track/05EG9LwFCVjkoYEWzsrHHO,21,28.333333333333332,6,0.7106842165422526
Egypt,2021-12-13,Dars Hayaty,Nabil,https://open.spotify.com/track/7nDgc4FJD4EUyGJAVjbVHP,11,12.285714285714286,7,0.7106089580838707
Panama,2021-12-13,My Universe,"Coldplay, BTS",https://open.spotify.com/track/46HNZY1i7O6jwTA7Slo2PI,17,18.857142857142858,7,0.7103983629356753
South Africa,2021-12-13,Come Over (Again),Crawlers,https://open.spotify.com/track/4PDJDIdWxNN1AlnbrKkoPf,21,27.285714285714285,7,0.7099563681223747
Paraguay,2021-12-13,Taca a Xereca pra Mim,MC Kaique da VP,https://open.spotify.com/track/2GqCEJpzmD81AJ2H0Hyz5T,4,5.142857142857143,7,0.709786899801337
Hong Kong,2021-12-13,記憶棉,MC 張天賦,https://open.spotify.com/track/1ZrnCyms7CBYsCvkkVIkt8,3,3.4285714285714284,7,0.708985105933429
South Africa,2021-12-13,Asibe Happy,"Kabza De Small, DJ Maphorisa, Ami Faku",https://open.spotify.com/track/6F70m9aMK4PSJKBfp1H8DZ,8,10.428571428571429,7,0.708932650600689
Nicaragua,2021-12-13,Cold Heart - PNAU Remix,"Elton John, Dua Lipa",https://open.spotify.com/track/7rglLriMNBPAyuJOMGwi39,9,17.714285714285715,7,0.7089234003760947
Taiwan,2021-12-13,I AM WOMAN,Emmy Meli,https://open.spotify.com/track/3nOz1U41SZZ0N3fuUWr9nb,10,15.428571428571429,7,0.7088217730116722
Czech Republic,2021-12-13,MIDDLE OF THE NIGHT,Elley Duhé,https://open.spotify.com/track/58HvfVOeJY7lUuCqF0m3ly,11,12.714285714285714,7,0.7088198724814192
Brazil,2021-12-13,TU JOGA PRA TRAS TU ENCOSTA ENCOSTA vs NO PIQUE BBB - DJ DN O ASTRO Remix,"DJ Dn o Astro, Mc Mascara, Mc Rodrigo do CN",https://open.spotify.com/track/40ZZ1ZlfyNuDHgzjlxiTHC,7,9.142857142857142,7,0.7083291262104835
Ukraine,2021-12-13,I AM WOMAN,Emmy Meli,https://open.spotify.com/track/3nOz1U41SZZ0N3fuUWr9nb,17,18.0,7,0.7082970289368015
South Korea,2021-12-13,"Meeting is easy, parting is hard (Feat. Leellamarz) (Prod. TOIL)",Basick,https://open.spotify.com/track/1GFS1xMbcAWXf5W0tSuZev,4,4.0,7,0.7082612073113137
Thailand,2021-12-13,KRYPTONITE,Prae sun,https://open.spotify.com/track/5QOaGlncSy9OteKvOtXsnU,25,26.285714285714285,7,0.7081995252808108
Paraguay,2021-12-13,All Too Well (10 Minute Version) (Taylor's Version) (From The Vault),Taylor Swift,https://open.spotify.com/track/5enxwA8aAbwZbf5qCHORXi,18,20.285714285714285,7,0.7078121482593855
Spain,2021-12-13,La Ultima Vez,Anuel2ble,https://open.spotify.com/track/1QNRTXKMxYP7J97cGtUqPQ,11,13.285714285714286,7,0.7076839181472728
Lithuania,2021-12-13,Super Gremlin,Kodak Black,https://open.spotify.com/track/4A8cWXxKfIL3lAyUDzXbCF,21,32.142857142857146,7,0.7075332480459973
Lithuania,2021-12-13,IN THE CLUB,Mishashi Sensei,https://open.spotify.com/track/7vX0rvoGneCCOJ2QPruNNZ,8,12.428571428571429,7,0.7067481529240425
Iceland,2021-12-13,abcdefu (angrier),GAYLE,https://open.spotify.com/track/1EQFOouqdKYdpbNoOHRVO2,6,9.285714285714286,7,0.7067397353083662
Iceland,2021-12-13,Coming for You (feat. A1 x J1),SwitchOTR,https://open.spotify.com/track/1xIqDFx3KdByBnKMlTECcM,10,18.857142857142858,7,0.7067224641146969
Uruguay,2021-12-13,Una Palabra,Carlos Varela,https://open.spotify.com/track/4SzeAxQemtMGRIiQc7gNYq,15,27.0,5,0.7066476383084834
Panama,2021-12-13,DANCE CRIP,Trueno,https://open.spotify.com/track/1kjs5eR4DMzyB0gm1Z8waV,15,18.428571428571427,7,0.7063879695979122
Israel,2021-12-13,Pope Is a Rockstar,SALES,https://open.spotify.com/track/0So2sgVa8aJiARPl2P29u2,8,15.0,6,0.705773605357918
Ecuador,2021-12-13,Medallo,"Blessd, Justin Quiles, Lenny Tavárez",https://open.spotify.com/track/6lX6l7OuA3qrnIRfdsr0dw,14,17.714285714285715,7,0.7056935170464489
Panama,2021-12-13,WINTER FLOWER(Feat.RM),Younha,https://open.spotify.com/track/4Eefey3uN90Abhbr47zKmC,15,18.0,7,0.7056083836842137
Uruguay,2021-12-13,Tacones Rojos,Sebastian Yatra,https://open.spotify.com/track/0Be7sopyKMv8Y8npsUkax2,14,17.0,7,0.7050294745775867
Greece,2021-12-13,Flowers (Say My Name),ArrDee,https://open.spotify.com/track/2BzAGK3lEZAQz5cU0Ae1wd,28,33.285714285714285,7,0.7049831541738086
Dominican Republic,2021-12-13,Bagre,"Braulio Fogon, Imperio Record",https://open.spotify.com/track/4dAyNv3NvYQdzvpPcpBmo6,14,15.714285714285714,7,0.7049648844816462
Dominican Republic,2021-12-13,Lo Siento BB:/ (with Bad Bunny & Julieta Venegas),Tainy,https://open.spotify.com/track/4gzsuuZypVbxs0Af1LSZyB,14,16.0,7,0.7048442084700024
United States,2021-12-13,Just A Little While,The 502s,https://open.spotify.com/track/3CL0eXel8usNNSCQ6OT7KJ,5,5.571428571428571,7,0.7048171696428647
Bulgaria,2021-12-13,Super Max!,Pitstop Boys,https://open.spotify.com/track/4gqOzJPGNCvEnS1u5YHOkp,11,23.714285714285715,7,0.7041048887684682
South Korea,2021-12-13,I AM WOMAN,Emmy Meli,https://open.spotify.com/track/3nOz1U41SZZ0N3fuUWr9nb,5,5.0,7,0.7041021269472103
Paraguay,2021-12-13,Lo Siento BB:/ (with Bad Bunny & Julieta Venegas),Tainy,https://open.spotify.com/track/4gzsuuZypVbxs0Af1LSZyB,19,20.857142857142858,7,0.7038307728081696
United States,2021-12-13,We Don't Talk About Bruno,"Carolina Gaitán - La Gaita, Mauro Castillo, Adassa, Rhenzy Feliz, Diane Guerrero, Stephanie Beatriz, Encanto - Cast",https://open.spotify.com/track/52xJxFP6TqMuO4Yt0eOkMz,1,1.0,7,0.7036835054628824
Luxembourg,2021-12-13,Sip (Alcohol),Joeboy,https://open.spotify.com/track/4tr4oHjFijp0EgISHYDIXe,14,16.285714285714285,7,0.7036725676477291
Paraguay,2021-12-13,Do It To It,"ACRAZE, Cherish",https://open.spotify.com/track/20on25jryn53hWghthWWW3,7,8.142857142857142,7,0.7036383365207175
Austria,2021-12-13,Swimming Pool,Marie Madeleine,https://open.spotify.com/track/3BMqVk2NJbH4fxf84e8kDC,11,15.571428571428571,7,0.7035630329909991
Vietnam,2021-12-13,Pope Is a Rockstar,SALES,https://open.spotify.com/track/0So2sgVa8aJiARPl2P29u2,6,15.0,7,0.7035378195451971
Peru,2021-12-13,Cpr,cupcakKe,https://open.spotify.com/track/35mBYyB61qTcGGj7MXIRM1,10,10.857142857142858,7,0.7034790010883852
United States,2021-12-13,"30/90 (from ""tick, tick... BOOM!"" Soundtrack from the Netflix Film)","Andrew Garfield, Joshua Henry, Vanessa Hudgens, Robin de Jesus, Alexandra Shipp, MJ Rodriguez",https://open.spotify.com/track/55MIRLbZzpYSmMlRt9ZDWM,8,12.142857142857142,7,0.7034740664582417
Lithuania,2021-12-13,The Perfect Girl,Mareux,https://open.spotify.com/track/5RBOcBpJXaNnHCGViJmYhh,9,9.666666666666666,6,0.7030281464899079
El Salvador,2021-12-13,Estos Celos,Vicente Fernández,https://open.spotify.com/track/6u6kH7V7Tx5xDJtF82vVw0,15,22.333333333333332,6,0.7030121082554711
Romania,2021-12-13,La Espada,Eternal Raijin,https://open.spotify.com/track/6w969Gr8VhF02vaHs67oo9,25,37.0,7,0.7028975906725492
Slovakia,2021-12-13,Ne (feat. Nik Tendo),STEIN27,https://open.spotify.com/track/2QgFxEjt2CAaMdUkJMQoM4,21,24.285714285714285,7,0.7026064285777319
Brazil,2021-12-13,Voltei pra Cachorrada,"DJ Jeeh FDC, MC Meno Dani, DJ Cyclone",https://open.spotify.com/track/3bJ4nTkTXMYpYgM7zoUqPY,4,5.0,7,0.7023114212220934
Estonia,2021-12-13,Õnne vahel,"Beatrice, Silver ""AG"" Orissaar",https://open.spotify.com/track/6Uf67VVrSZ5ynbUEMmfD1I,13,16.571428571428573,7,0.7017568030174244
South Africa,2021-12-13,Ngixolele,"Busta 929, Boohle",https://open.spotify.com/track/7jeXFt3u9o8PveE4CHSOs0,22,23.0,7,0.701696533787582
Ukraine,2021-12-13,Enemy (with JID) - from the series Arcane League of Legends,Imagine Dragons,https://open.spotify.com/track/1r9xUipOqoNwggBpENDsvJ,20,22.0,7,0.7007361055640831
Colombia,2021-12-13,Mon Amour - Remix,"zzoilo, Aitana",https://open.spotify.com/track/5TMLavqGRKNxgzMBrVpC9R,2,2.0,7,0.7005848953448964
Austria,2021-12-13,Shiko,"Gehlektek, TakaTuka",https://open.spotify.com/track/011dWhYZyNEITebRXv3ARB,24,27.0,7,0.700533968150641
Iceland,2021-12-13,Infinity,Jaymes Young,https://open.spotify.com/track/1SOClUWhOi8vHZYMz3GluK,21,25.571428571428573,7,0.7005040717079651
Malaysia,2021-12-13,Infinity,Jaymes Young,https://open.spotify.com/track/1SOClUWhOi8vHZYMz3GluK,27,29.142857142857142,7,0.7002975936252447
Czech Republic,2021-12-13,Pope Is a Rockstar,SALES,https://open.spotify.com/track/0So2sgVa8aJiARPl2P29u2,7,9.714285714285714,7,0.6998900692882115
Costa Rica,2021-12-13,Monastery,"Ryan Castro, Feid",https://open.spotify.com/track/1JpzJfxjHGFUyTHXLZidok,15,18.142857142857142,7,0.6998727725728378
Vietnam,2021-12-13,Super Idol - Remix,Samstring,https://open.spotify.com/track/5t07RuwZAUBBnF2tWKwgmP,3,3.142857142857143,7,0.6997874052661175
Iceland,2021-12-13,Ætla ekki að eyða þeim ein,Jóhanna Guðrún,https://open.spotify.com/track/0kKVxEL8ia1F3vKQj6GVeL,12,18.142857142857142,7,0.6995045723269603
United States,2021-12-13,Swimming Pool,Marie Madeleine,https://open.spotify.com/track/3BMqVk2NJbH4fxf84e8kDC,2,2.0,7,0.6994868544163393
Peru,2021-12-13,Tacones Rojos,Sebastian Yatra,https://open.spotify.com/track/0Be7sopyKMv8Y8npsUkax2,11,11.428571428571429,7,0.6994636517678573
Canada,2021-12-13,Just A Little While,The 502s,https://open.spotify.com/track/3CL0eXel8usNNSCQ6OT7KJ,6,7.714285714285714,7,0.6994600768119428
Thailand,2021-12-13,Pope Is a Rockstar,SALES,https://open.spotify.com/track/0So2sgVa8aJiARPl2P29u2,11,24.8,5,0.6994100562870671
Colombia,2021-12-13,I AM WOMAN,Emmy Meli,https://open.spotify.com/track/3nOz1U41SZZ0N3fuUWr9nb,1,1.0,7,0.6993671118111239
Honduras,2021-12-13,Lo Siento BB:/ (with Bad Bunny & Julieta Venegas),Tainy,https://open.spotify.com/track/4gzsuuZypVbxs0Af1LSZyB,10,14.142857142857142,7,0.6991284869844522
Taiwan,2021-12-13,Infinity,Jaymes Young,https://open.spotify.com/track/1SOClUWhOi8vHZYMz3GluK,26,28.857142857142858,7,0.6990812369581175
Lithuania,2021-12-13,Own Brand Freestyle,"FelixThe1st, Dreya Mac, Finch Fetti",https://open.spotify.com/track/6Jzdxguk63s6CVVXHIrQ0x,13,16.285714285714285,7,0.6990288282495402
Colombia,2021-12-13,abcdefu,GAYLE,https://open.spotify.com/track/4fouWK6XVHhzl78KzQ1UjL,4,4.142857142857143,7,0.6985019199858153
Colombia,2021-12-13,Un Millón de Primaveras,Vicente Fernández,https://open.spotify.com/track/6j5LtifAnuTjTYvml61yFZ,11,18.0,7,0.6981038614476107
Indonesia,2021-12-13,Die For You,"VALORANT, Grabbitz",https://open.spotify.com/track/2lz3zjQ5QCVXiyOzIk02vW,8,8.0,7,0.6980639491103251
Portugal,2021-12-13,Pope Is a Rockstar,SALES,https://open.spotify.com/track/0So2sgVa8aJiARPl2P29u2,12,16.5,6,0.6979186624589009
Saudi Arabia,2021-12-13,Enemy (with JID) - from the series Arcane League of Legends,Imagine Dragons,https://open.spotify.com/track/1r9xUipOqoNwggBpENDsvJ,9,10.428571428571429,7,0.6978532301275443
South Africa,2021-12-13,Adiwele (feat. Kabza De Small & DJ Maphorisa),Young Stunna,https://open.spotify.com/track/2dTQe0W5KXs6TNVV7yi2oS,23,23.285714285714285,7,0.697789772753433
Egypt,2021-12-13,باشا باشا,ِEmad Basha,https://open.spotify.com/track/5u6I8MExcbewu6VcSnI1Sc,17,24.666666666666668,6,0.6972535414814854
Poland,2021-12-13,Swimming Pool,Marie Madeleine,https://open.spotify.com/track/3BMqVk2NJbH4fxf84e8kDC,2,3.142857142857143,7,0.6969387409113125
Taiwan,2021-12-13,今晚我一定要幹死你,6yi7,https://open.spotify.com/track/65mssBm29xt2Vt57cteyAJ,4,5.428571428571429,7,0.6966636249041096
Lithuania,2021-12-13,Fall in Love with You.,Montell Fish,https://open.spotify.com/track/31MQR9rOHRXyg4J01hRY1h,12,15.857142857142858,7,0.6965858730302417
Denmark,2021-12-13,Super Max!,Pitstop Boys,https://open.spotify.com/track/4gqOzJPGNCvEnS1u5YHOkp,1,1.2857142857142858,7,0.6961954657113518
Hungary,2021-12-13,Nincsen gond,ALEE,https://open.spotify.com/track/5FTvlhyTm3PZb0x33oCxDS,11,11.714285714285714,7,0.6958880140877881
Guatemala,2021-12-13,Two Birds,Regina Spektor,https://open.spotify.com/track/2n0U2OG5d6TuW5mKx7YrC0,16,34.0,7,0.6955863416040277
France,2021-12-13,No Wahala,1da Banton,https://open.spotify.com/track/4vHy2IHzf3EabEa7oMpUZB,3,3.4285714285714284,7,0.6954624788682041
Vietnam,2021-12-13,Own Brand Freestyle,"FelixThe1st, Dreya Mac, Finch Fetti",https://open.spotify.com/track/6Jzdxguk63s6CVVXHIrQ0x,4,4.857142857142857,7,0.695252242732118
Austria,2021-12-13,Own Brand Freestyle,"FelixThe1st, Dreya Mac, Finch Fetti",https://open.spotify.com/track/6Jzdxguk63s6CVVXHIrQ0x,13,17.428571428571427,7,0.6951955612429432
Indonesia,2021-12-13,แค่เพื่อนมั้ง (Just Friend?) - เพลงประกอบซีรีส์ แค่เพื่อนครับเพื่อน BAD BUDDY SERIES,นนน กรภัทร์,https://open.spotify.com/track/03jBontbv2DkRxsgLU8H4x,10,10.0,7,0.695052789664018
Costa Rica,2021-12-13,Mujeres Divinas,Vicente Fernández,https://open.spotify.com/track/2PxGGRmj5yunYdNF2Ud2vm,14,25.571428571428573,7,0.6950380194523402
Thailand,2021-12-13,abcdefu (angrier),GAYLE,https://open.spotify.com/track/1EQFOouqdKYdpbNoOHRVO2,19,21.0,7,0.6949790521664578
Saudi Arabia,2021-12-13,Cpr,cupcakKe,https://open.spotify.com/track/35mBYyB61qTcGGj7MXIRM1,14,17.857142857142858,7,0.6949467753843821
Latvia,2021-12-13,astral step,shadowraze,https://open.spotify.com/track/47iHvzU9Po0e6raFlgLBOF,17,20.0,7,0.6948923044334367
Honduras,2021-12-13,Estos Celos,Vicente Fernández,https://open.spotify.com/track/6u6kH7V7Tx5xDJtF82vVw0,16,23.0,6,0.6948882262283359
Peru,2021-12-13,Taca a Xereca pra Mim,MC Kaique da VP,https://open.spotify.com/track/2GqCEJpzmD81AJ2H0Hyz5T,3,4.285714285714286,7,0.694531494832141
Hong Kong,2021-12-13,abcdefu (angrier),GAYLE,https://open.spotify.com/track/1EQFOouqdKYdpbNoOHRVO2,8,8.571428571428571,7,0.6943243250222036
Italy,2021-12-13,abcdefu,GAYLE,https://open.spotify.com/track/4fouWK6XVHhzl78KzQ1UjL,5,5.0,7,0.6940336351192928
Italy,2021-12-13,MIDDLE OF THE NIGHT,Elley Duhé,https://open.spotify.com/track/58HvfVOeJY7lUuCqF0m3ly,8,8.714285714285714,7,0.693896473712903
Saudi Arabia,2021-12-13,Nothing,Bruno Major,https://open.spotify.com/track/2IAR0DziHCjSu16gR4ihvy,13,14.571428571428571,7,0.6937192725824917
Czech Republic,2021-12-13,abcdefu,GAYLE,https://open.spotify.com/track/4fouWK6XVHhzl78KzQ1UjL,1,2.5714285714285716,7,0.6936025806655834
Guatemala,2021-12-13,DANCE CRIP,Trueno,https://open.spotify.com/track/1kjs5eR4DMzyB0gm1Z8waV,6,8.0,7,0.693469858903346
Argentina,2021-12-13,I AM WOMAN,Emmy Meli,https://open.spotify.com/track/3nOz1U41SZZ0N3fuUWr9nb,2,2.0,7,0.6934576957766628
Saudi Arabia,2021-12-13,Dandelions,Ruth B.,https://open.spotify.com/track/2eAvDnpXP5W0cVtiI0PUxV,10,11.857142857142858,7,0.6934249973164694
Hong Kong,2021-12-13,一表人才,"Edan 呂爵安, Feng Ze",https://open.spotify.com/track/6zeblz6qaURo2JphS7XeFz,4,4.857142857142857,7,0.6927976221965879
Uruguay,2021-12-13,Cosas para darte,"Papina de Palma, Luciano Supervielle",https://open.spotify.com/track/6z9JyHjnY6AOJBl99MzRXf,19,24.6,5,0.6925296515692101
Morocco,2021-12-13,Bebe D’amour,Numidia Lezoul,https://open.spotify.com/track/4VCPpdyziKXmBAgi25Ud0P,9,10.714285714285714,7,0.6923994094874144
Hungary,2021-12-13,Coming for You (feat. A1 x J1),SwitchOTR,https://open.spotify.com/track/1xIqDFx3KdByBnKMlTECcM,13,17.142857142857142,7,0.6923674692158386
Malaysia,2021-12-13,Habibi,"Ricky Rich, ARAM Mafia",https://open.spotify.com/track/5lrq8sHObtY0xMmF7Ukzl7,19,21.333333333333332,6,0.6922860590118652
Panama,2021-12-13,Mujeres Divinas,Vicente Fernández,https://open.spotify.com/track/2PxGGRmj5yunYdNF2Ud2vm,19,31.285714285714285,7,0.6921544198523184
South Africa,2021-12-13,iMali (Ft. Nana Atta),"Karyendasoul, Zakes Bantwini",https://open.spotify.com/track/280MTeg7bZYCHaHxhaAtPq,27,31.428571428571427,7,0.6919267403336914
Czech Republic,2021-12-13,Swimming Pool,Marie Madeleine,https://open.spotify.com/track/3BMqVk2NJbH4fxf84e8kDC,6,7.285714285714286,7,0.6918495705061048
Romania,2021-12-13,Own Brand Freestyle,"FelixThe1st, Dreya Mac, Finch Fetti",https://open.spotify.com/track/6Jzdxguk63s6CVVXHIrQ0x,16,23.0,7,0.6918490711386684
Estonia,2021-12-13,Больно Или Было,MILOVA,https://open.spotify.com/track/0mVBMBnDOpVPgzSFu5MygE,11,14.714285714285714,7,0.6918311880564038
Philippines,2021-12-13,abcdefu,GAYLE,https://open.spotify.com/track/4fouWK6XVHhzl78KzQ1UjL,2,2.0,7,0.6915871621245101
Taiwan,2021-12-13,LOST IN PARADISE,"ALI, AKLO",https://open.spotify.com/track/7kRKlFCFLAUwt43HWtauhX,17,21.571428571428573,7,0.6915567064640181
Ireland,2021-12-13,Stop The Cavalry,Jona Lewie,https://open.spotify.com/track/2bPQuniBB9x0fRtxDly0kr,15,17.428571428571427,7,0.691365393797124
Ukraine,2021-12-13,astral step,shadowraze,https://open.spotify.com/track/47iHvzU9Po0e6raFlgLBOF,7,9.571428571428571,7,0.6913370067142026
Singapore,2021-12-13,Habibi - Albanian Remix,"Ricky Rich, Dardan, DJ Gimi-O",https://open.spotify.com/track/2sHYMLUd4nVLxHPKY05Ein,6,7.142857142857143,7,0.6912652586638949
Colombia,2021-12-13,No se habla de Bruno,"Carolina Gaitán - La Gaita, Mauro Castillo, Daniela Sierra, Juanse Diez, Isabel Garcés, Olga Lucía Vives, Encanto - Elenco",https://open.spotify.com/track/5QKk5N5xJQGsWMhPM80Kfv,3,3.0,7,0.6908712851181289
Greece,2021-12-13,Come Over (Again),Crawlers,https://open.spotify.com/track/4PDJDIdWxNN1AlnbrKkoPf,18,21.0,7,0.6905836262070313
Paraguay,2021-12-13,Nothing,Bruno Major,https://open.spotify.com/track/2IAR0DziHCjSu16gR4ihvy,23,31.428571428571427,7,0.6905204242941226
Philippines,2021-12-13,I AM WOMAN,Emmy Meli,https://open.spotify.com/track/3nOz1U41SZZ0N3fuUWr9nb,1,1.0,7,0.6903489578254005
Lithuania,2021-12-13,Chandelier,Will Paquin,https://open.spotify.com/track/3REELyDyt5SPKX2387Zubv,15,18.857142857142858,7,0.6902796689503199
Guatemala,2021-12-13,Yo Quiero Quebrarte,Los Felinos,https://open.spotify.com/track/0Byi0pNpSr0FKDQ8HtMwKY,8,10.428571428571429,7,0.6902471778622671
United Kingdom,2021-12-13,It's Called: Freefall,Rainbow Kitten Surprise,https://open.spotify.com/track/474uVhyGgK5MtY9gMcDgGl,21,26.714285714285715,7,0.6900482158443553
Dominican Republic,2021-12-13,Mon Amour - Remix,"zzoilo, Aitana",https://open.spotify.com/track/5TMLavqGRKNxgzMBrVpC9R,4,4.714285714285714,7,0.6900067323024703
Paraguay,2021-12-13,Two Birds,Regina Spektor,https://open.spotify.com/track/2n0U2OG5d6TuW5mKx7YrC0,13,16.857142857142858,7,0.689940678900473
Egypt,2021-12-13,Die For You,"VALORANT, Grabbitz",https://open.spotify.com/track/2lz3zjQ5QCVXiyOzIk02vW,4,5.714285714285714,7,0.68986765514248
Italy,2021-12-13,HAUT LES COEURS,Fauve,https://open.spotify.com/track/7vOgeTXzf58jQdV5127Kfu,6,6.0,7,0.6897605698590603
Estonia,2021-12-13,Sahara,Hensonn,https://open.spotify.com/track/6nqdgUTiWt4JbABDurkxMI,25,31.857142857142858,7,0.6889180248183214
Indonesia,2021-12-13,Habibi - Albanian Remix,"Ricky Rich, Dardan, DJ Gimi-O",https://open.spotify.com/track/2sHYMLUd4nVLxHPKY05Ein,17,24.428571428571427,7,0.6888944109145678
Peru,2021-12-13,Toxic,BoyWithUke,https://open.spotify.com/track/2gQPv5jvVPqU2a9HhMNO1v,12,12.714285714285714,7,0.6886145354156971
Dominican Republic,2021-12-13,Two Birds,Regina Spektor,https://open.spotify.com/track/2n0U2OG5d6TuW5mKx7YrC0,17,27.428571428571427,7,0.6885232377262663
Guatemala,2021-12-13,Taca a Xereca pra Mim,MC Kaique da VP,https://open.spotify.com/track/2GqCEJpzmD81AJ2H0Hyz5T,4,5.0,7,0.6884636555094081
Morocco,2021-12-13,كيفاش نخليك,"Mohamed Rifai, Hind Sdassi",https://open.spotify.com/track/0oaCbb3lplo9YIjdlwLspn,22,24.571428571428573,7,0.6882495948613108
Brazil,2021-12-13,MIDDLE OF THE NIGHT,Elley Duhé,https://open.spotify.com/track/58HvfVOeJY7lUuCqF0m3ly,18,18.142857142857142,7,0.6882354553009641
Portugal,2021-12-13,Formosa,"Kaio Viana, MC CJ",https://open.spotify.com/track/1QmupixsVNc0osesKXraZC,6,16.4,5,0.6881786329213925
Guatemala,2021-12-13,Nadie Va A Pensar En Ti Mejor Que Yo,Conjunto Rienda Real,https://open.spotify.com/track/30eHHpkjMNqb2F0V8nXjbJ,20,30.714285714285715,7,0.6881427278724455
Philippines,2021-12-13,Die For You,"VALORANT, Grabbitz",https://open.spotify.com/track/2lz3zjQ5QCVXiyOzIk02vW,3,3.4285714285714284,7,0.6881019691805939
South Korea,2021-12-13,"MERRY-GO-ROUND (Feat. Zion.T, Wonstein) (Prod. Slom)",sokodomo,https://open.spotify.com/track/2eLe81VDUQ5f0xFfc9cMWz,1,1.4285714285714286,7,0.6878503247752064
Czech Republic,2021-12-13,Cizinci (Zabijak),"Franklin Catch, Rakys",https://open.spotify.com/track/4NAWAO9TMsQoiF8Vrp7qgQ,4,4.428571428571429,7,0.6877607514820353
Portugal,2021-12-13,Coming for You (feat. A1 x J1),SwitchOTR,https://open.spotify.com/track/1xIqDFx3KdByBnKMlTECcM,14,19.714285714285715,7,0.6871123310017622
South Africa,2021-12-13,Baby Riddim,Fave,https://open.spotify.com/track/77eZIuMTB9HrQ86L4ljqEX,28,33.714285714285715,7,0.6870764822983747
Dominican Republic,2021-12-13,Infinity,Jaymes Young,https://open.spotify.com/track/1SOClUWhOi8vHZYMz3GluK,18,23.142857142857142,7,0.6865225708760989
Czech Republic,2021-12-13,DTB,Merczz,https://open.spotify.com/track/6BoXckigjvnIAZVQV6lELq,7,10.857142857142858,7,0.6864370116174612
Slovakia,2021-12-13,Stíny,Viktor Sheen,https://open.spotify.com/track/0J3SIAOndpL1MS2Vq2RMQ9,7,9.428571428571429,7,0.6860990176904004
South Africa,2021-12-13,MIDDLE OF THE NIGHT,Elley Duhé,https://open.spotify.com/track/58HvfVOeJY7lUuCqF0m3ly,16,23.571428571428573,7,0.6857539499296289
Dominican Republic,2021-12-13,Taca a Xereca pra Mim,MC Kaique da VP,https://open.spotify.com/track/2GqCEJpzmD81AJ2H0Hyz5T,8,9.0,7,0.6857512476937172
Egypt,2021-12-13,abcdefu (angrier),GAYLE,https://open.spotify.com/track/1EQFOouqdKYdpbNoOHRVO2,29,31.0,7,0.6854636949219246
Norway,2021-12-13,Super Max!,Pitstop Boys,https://open.spotify.com/track/4gqOzJPGNCvEnS1u5YHOkp,1,1.8571428571428572,7,0.685148285937111
Uruguay,2021-12-13,CULPA,"WOS, Ricardo Mollo",https://open.spotify.com/track/0BTJ7QpDRjinzAy8KQMAp8,19,21.142857142857142,7,0.6851422040404801
Ecuador,2021-12-13,Taca a Xereca pra Mim,MC Kaique da VP,https://open.spotify.com/track/2GqCEJpzmD81AJ2H0Hyz5T,4,5.0,7,0.6849614336465863
Saudi Arabia,2021-12-13,Moth To A Flame (with The Weeknd),Swedish House Mafia,https://open.spotify.com/track/2gpWyfu7eZ01zzncHpxOtA,27,30.857142857142858,7,0.6846462820445515
Paraguay,2021-12-13,Mon Amour - Remix,"zzoilo, Aitana",https://open.spotify.com/track/5TMLavqGRKNxgzMBrVpC9R,10,10.714285714285714,7,0.6845905123476389
Panama,2021-12-13,Lo Siento BB:/ (with Bad Bunny & Julieta Venegas),Tainy,https://open.spotify.com/track/4gzsuuZypVbxs0Af1LSZyB,32,36.0,7,0.6844432095016668
Turkey,2021-12-13,Gamzedeyim Deva Bulmam,"Dedublüman, Çağrı Çelik",https://open.spotify.com/track/6glvSyTo1y4WLtX0mnDq83,3,3.4285714285714284,7,0.6844429128978446
Thailand,2021-12-13,หลงรัก,Newery,https://open.spotify.com/track/7I2Bjzi60jFT1upSTDhHkB,35,38.0,7,0.6844144149023127
United Arab Emirates,2021-12-13,La Espada,Eternal Raijin,https://open.spotify.com/track/6w969Gr8VhF02vaHs67oo9,17,23.142857142857142,7,0.6843272064025319
Luxembourg,2021-12-13,Infinity,Jaymes Young,https://open.spotify.com/track/1SOClUWhOi8vHZYMz3GluK,5,6.571428571428571,7,0.6842386556932977
Peru,2021-12-13,Lo Siento BB:/ (with Bad Bunny & Julieta Venegas),Tainy,https://open.spotify.com/track/4gzsuuZypVbxs0Af1LSZyB,28,30.857142857142858,7,0.6840467128546794
Israel,2021-12-13,Mon Amour - Remix,"zzoilo, Aitana",https://open.spotify.com/track/5TMLavqGRKNxgzMBrVpC9R,23,29.428571428571427,7,0.6837708799603358
Latvia,2021-12-13,Alien Blues,Vundabar,https://open.spotify.com/track/6UjeFOCGYgMpBUtqKg1Je3,3,5.285714285714286,7,0.6837046642499267
Ukraine,2021-12-13,Marmalade,"Miyagi & Andy Panda, Mav-d",https://open.spotify.com/track/7rvEwAILTqxBpdIyUifkE8,24,28.571428571428573,7,0.6835274252793103
Paraguay,2021-12-13,Pa Tra Rkt,"Callejero Fino, Pusho DJ",https://open.spotify.com/track/1CpRJLarXSUho5AopXxNQj,13,17.0,7,0.6833222937509222
El Salvador,2021-12-13,Notion,The Rare Occasions,https://open.spotify.com/track/0sTlGEld0h8kIPZaKDYUf4,7,12.571428571428571,7,0.6831146929952581
South Africa,2021-12-13,abcdefu (angrier),GAYLE,https://open.spotify.com/track/1EQFOouqdKYdpbNoOHRVO2,14,17.428571428571427,7,0.6830675266531728
Costa Rica,2021-12-13,Fall in Love with You.,Montell Fish,https://open.spotify.com/track/31MQR9rOHRXyg4J01hRY1h,28,31.285714285714285,7,0.6830427601034236
Philippines,2021-12-13,Ligaya,mrld,https://open.spotify.com/track/3sJKnpDvliJ9OH4cORjatB,7,7.857142857142857,7,0.6827684616681517
Chile,2021-12-13,I AM WOMAN,Emmy Meli,https://open.spotify.com/track/3nOz1U41SZZ0N3fuUWr9nb,1,1.1428571428571428,7,0.6822309602501859
Latvia,2021-12-13,Лёд,"LXNER, WENARO",https://open.spotify.com/track/7D8k995g6jdie4NF1E7Tpu,22,28.666666666666668,6,0.6819199508459334
Brazil,2021-12-13,Vapo Vapo na Tcheca Tcheca,"Dj Lafon, MC LEON",https://open.spotify.com/track/7KhfjGTi9xPmWR25NLiRdZ,9,10.285714285714286,7,0.6818202606090024
Honduras,2021-12-13,La Diferencia,Vicente Fernández,https://open.spotify.com/track/6wwMqdntt3An3mmVSb613i,19,26.5,6,0.6817709613060117
Ireland,2021-12-13,I AM WOMAN,Emmy Meli,https://open.spotify.com/track/3nOz1U41SZZ0N3fuUWr9nb,1,1.7142857142857142,7,0.6815544280676501
Luxembourg,2021-12-13,Pope Is a Rockstar,SALES,https://open.spotify.com/track/0So2sgVa8aJiARPl2P29u2,7,10.285714285714286,7,0.681401277704019
Chile,2021-12-13,Mi Waxita,"Nickoog Clk, Standly, Izahn",https://open.spotify.com/track/6phCM48H3WCQfy7MCYwy0A,19,21.0,7,0.6812731370694849
Luxembourg,2021-12-13,Fairytale of New York (feat. Kirsty MacColl),The Pogues,https://open.spotify.com/track/3VTNVsTTu05dmTsVFrmGpK,4,7.428571428571429,7,0.681163607803552
Mexico,2021-12-13,No se habla de Bruno,"Carolina Gaitán - La Gaita, Mauro Castillo, Daniela Sierra, Juanse Diez, Isabel Garcés, Olga Lucía Vives, Encanto - Elenco",https://open.spotify.com/track/5QKk5N5xJQGsWMhPM80Kfv,4,4.714285714285714,7,0.6811057742804211
Ukraine,2021-12-13,Sahara,Hensonn,https://open.spotify.com/track/6nqdgUTiWt4JbABDurkxMI,8,11.571428571428571,7,0.681018868311753
Romania,2021-12-13,Enemy (with JID) - from the series Arcane League of Legends,Imagine Dragons,https://open.spotify.com/track/1r9xUipOqoNwggBpENDsvJ,16,18.714285714285715,7,0.6806021569327184
Latvia,2021-12-13,I AM WOMAN,Emmy Meli,https://open.spotify.com/track/3nOz1U41SZZ0N3fuUWr9nb,4,5.857142857142857,7,0.6805500742470331
Turkey,2021-12-13,abcdefu,GAYLE,https://open.spotify.com/track/4fouWK6XVHhzl78KzQ1UjL,1,1.8571428571428572,7,0.6797331786343231
Taiwan,2021-12-13,我不是刘德华,"新地, 卢克",https://open.spotify.com/track/1n2FscRmwzATPycaKCIr90,3,3.5,4,0.6792837862655765
Peru,2021-12-13,MIDDLE OF THE NIGHT,Elley Duhé,https://open.spotify.com/track/58HvfVOeJY7lUuCqF0m3ly,17,19.714285714285715,7,0.6792448286416521
Indonesia,2021-12-13,Helikopter,Fazlija,https://open.spotify.com/track/3xGOOOPD2HjErQLyRFk5Wf,3,3.7142857142857144,7,0.6792375235232758
Slovakia,2021-12-13,Enemy (with JID) - from the series Arcane League of Legends,Imagine Dragons,https://open.spotify.com/track/1r9xUipOqoNwggBpENDsvJ,13,14.571428571428571,7,0.6792218065450448
Colombia,2021-12-13,Monastery,"Ryan Castro, Feid",https://open.spotify.com/track/1JpzJfxjHGFUyTHXLZidok,7,7.0,7,0.6791480415584713
Egypt,2021-12-13,Matgreesh,"VLI WEEZY, Molotof",https://open.spotify.com/track/3RKzFNbYS8iiBGJCrfbVbb,17,18.0,7,0.6787827263418449
Ireland,2021-12-13,abcdefu,GAYLE,https://open.spotify.com/track/4fouWK6XVHhzl78KzQ1UjL,3,3.4285714285714284,7,0.6785810076153564
Chile,2021-12-13,Taca a Xereca pra Mim,MC Kaique da VP,https://open.spotify.com/track/2GqCEJpzmD81AJ2H0Hyz5T,3,4.857142857142857,7,0.678375502667674
Costa Rica,2021-12-13,Pope Is a Rockstar,SALES,https://open.spotify.com/track/0So2sgVa8aJiARPl2P29u2,8,17.8,5,0.6783543346210876
Paraguay,2021-12-13,Toxic,BoyWithUke,https://open.spotify.com/track/2gQPv5jvVPqU2a9HhMNO1v,25,27.285714285714285,7,0.6779717512509795
Guatemala,2021-12-13,Aca Entre Nos,Vicente Fernández,https://open.spotify.com/track/2FDFz5TuYlpP180AUicAcl,11,14.833333333333334,6,0.6779465088487594
Colombia,2021-12-13,En lo profundo/Peso,Sugey Torres,https://open.spotify.com/track/4mEIqavz99DpHXxi3wK46I,6,6.0,7,0.6778831574838741
Turkey,2021-12-13,Gözleri Bal,Melek Ashraf,https://open.spotify.com/track/29B1zrO11EY3bCRbkxCgZB,3,3.7142857142857144,7,0.6776986307086973
Guatemala,2021-12-13,Fumando Mota,Los Lara,https://open.spotify.com/track/2ytQws1jfyFcY2K2MDUfzd,5,9.333333333333334,3,0.6775448924671418
Costa Rica,2021-12-13,DANCE CRIP,Trueno,https://open.spotify.com/track/1kjs5eR4DMzyB0gm1Z8waV,4,4.714285714285714,7,0.6775251157016969
Romania,2021-12-13,Helikopter,Fazlija,https://open.spotify.com/track/3xGOOOPD2HjErQLyRFk5Wf,6,10.0,7,0.677419112979133
South Africa,2021-12-13,Habibi,"Ricky Rich, ARAM Mafia",https://open.spotify.com/track/5lrq8sHObtY0xMmF7Ukzl7,24,35.5,4,0.677249015782433
Panama,2021-12-13,Sweet Night,V,https://open.spotify.com/track/39EXZNMxb4RBHlRjnRaOKp,11,14.571428571428571,7,0.6771544192457254
Morocco,2021-12-13,Ça dépend,"Flenn, Syc",https://open.spotify.com/track/5IQgqdOpizKkUmiwAcyCuu,26,29.428571428571427,7,0.6771047139202606
Ecuador,2021-12-13,Pope Is a Rockstar,SALES,https://open.spotify.com/track/0So2sgVa8aJiARPl2P29u2,10,22.0,6,0.6770079381450662
Dominican Republic,2021-12-13,Toxic,BoyWithUke,https://open.spotify.com/track/2gQPv5jvVPqU2a9HhMNO1v,20,27.142857142857142,7,0.6769435202859829
Hungary,2021-12-13,Sahara,Hensonn,https://open.spotify.com/track/6nqdgUTiWt4JbABDurkxMI,20,29.166666666666668,6,0.6766353939760458
Ukraine,2021-12-13,Месяц,Palina,https://open.spotify.com/track/6ld52YcdNV7pdvIs69u4tP,12,14.0,7,0.6765106845993586
Nicaragua,2021-12-13,A Mi Manera - En Vivo [Un Azteca en el Azteca],Vicente Fernández,https://open.spotify.com/track/78fl7FwLL7HK60Oa6xg4Ng,17,26.0,6,0.6764308492655283
Guatemala,2021-12-13,la rica boa,DJ BULBO,https://open.spotify.com/track/5f1NXTAbZEMe0jfBZ67uqX,11,16.142857142857142,7,0.6760392269264888
Austria,2021-12-13,4am,JBee,https://open.spotify.com/track/3jTWd38NseaNnSuIK2Ybsp,17,25.857142857142858,7,0.6759782962160696
Poland,2021-12-13,Pope Is a Rockstar,SALES,https://open.spotify.com/track/0So2sgVa8aJiARPl2P29u2,10,11.714285714285714,7,0.6752837963600313
South Africa,2021-12-13,Dirty Little Animals (From the series Arcane League of Legends),BONES UK,https://open.spotify.com/track/2ZuDGsKSJpQdJmpknJ7ypF,29,36.714285714285715,7,0.6752244790334473
Slovakia,2021-12-13,The Perfect Girl,Mareux,https://open.spotify.com/track/5RBOcBpJXaNnHCGViJmYhh,14,16.5,6,0.6750930290535506
Germany,2021-12-13,Super Max!,Pitstop Boys,https://open.spotify.com/track/4gqOzJPGNCvEnS1u5YHOkp,3,5.142857142857143,7,0.6750101958881614
Ecuador,2021-12-13,Own Brand Freestyle,"FelixThe1st, Dreya Mac, Finch Fetti",https://open.spotify.com/track/6Jzdxguk63s6CVVXHIrQ0x,21,26.571428571428573,7,0.6749090655033594
Romania,2021-12-13,Notion,The Rare Occasions,https://open.spotify.com/track/0sTlGEld0h8kIPZaKDYUf4,17,22.714285714285715,7,0.6748939167549458
Spain,2021-12-13,I AM WOMAN,Emmy Meli,https://open.spotify.com/track/3nOz1U41SZZ0N3fuUWr9nb,1,1.0,7,0.6746047052826297
Israel,2021-12-13,Enemy (with JID) - from the series Arcane League of Legends,Imagine Dragons,https://open.spotify.com/track/1r9xUipOqoNwggBpENDsvJ,9,10.428571428571429,7,0.6742817890337024
Luxembourg,2021-12-13,Pepas,Farruko,https://open.spotify.com/track/2B4GHvToeLTOBB4QLzW3Ni,19,27.0,7,0.6741853333162992
Vietnam,2021-12-13,Infinity,Jaymes Young,https://open.spotify.com/track/1SOClUWhOi8vHZYMz3GluK,13,18.428571428571427,7,0.6740394155513618
Greece,2021-12-13,Overseas,"D-Block Europe, Central Cee",https://open.spotify.com/track/337kcYVjYXdLBItCw9ry3b,22,25.571428571428573,7,0.6739564998066836
Hungary,2021-12-13,Helikopter,Fazlija,https://open.spotify.com/track/3xGOOOPD2HjErQLyRFk5Wf,13,14.714285714285714,7,0.6736482820959606
Slovakia,2021-12-13,Alien Blues,Vundabar,https://open.spotify.com/track/6UjeFOCGYgMpBUtqKg1Je3,2,5.142857142857143,7,0.6736166824096778
Estonia,2021-12-13,Balling,Vibe Chemistry,https://open.spotify.com/track/0eYrKwIiqluD9dFr3STKQH,15,18.428571428571427,7,0.673590153742197
Luxembourg,2021-12-13,Do It To It,"ACRAZE, Cherish",https://open.spotify.com/track/20on25jryn53hWghthWWW3,3,3.7142857142857144,7,0.6734302942619173
Luxembourg,2021-12-13,Super Max!,Pitstop Boys,https://open.spotify.com/track/4gqOzJPGNCvEnS1u5YHOkp,7,13.571428571428571,7,0.6732843672164752
Greece,2021-12-13,Helikopter,Fazlija,https://open.spotify.com/track/3xGOOOPD2HjErQLyRFk5Wf,25,28.571428571428573,7,0.6731161928290238
Vietnam,2021-12-13,Title,Meghan Trainor,https://open.spotify.com/track/0k5hoseEJnCAbpRh38dNoI,27,31.428571428571427,7,0.6728922598482973
Hungary,2021-12-13,Rámszakadék,"Ekhoe, gyuris",https://open.spotify.com/track/5MLmJBqEizwaXqqJEzJmuV,19,23.857142857142858,7,0.6725982024375928
Romania,2021-12-13,Nothing,Bruno Major,https://open.spotify.com/track/2IAR0DziHCjSu16gR4ihvy,27,29.142857142857142,7,0.6724262927264831
Norway,2021-12-13,น้ำแดงน้ำส้ม,JV.JARVIS,https://open.spotify.com/track/1xxJiB2B3rMw8g85PPtcN7,1,1.4285714285714286,7,0.6720483327163292
Ecuador,2021-12-13,Do It To It,"ACRAZE, Cherish",https://open.spotify.com/track/20on25jryn53hWghthWWW3,7,7.714285714285714,7,0.6719708332854311
Saudi Arabia,2021-12-13,Infinity,Jaymes Young,https://open.spotify.com/track/1SOClUWhOi8vHZYMz3GluK,18,20.142857142857142,7,0.6717652041569784
Estonia,2021-12-13,Alien Blues,Vundabar,https://open.spotify.com/track/6UjeFOCGYgMpBUtqKg1Je3,2,3.4285714285714284,7,0.6716662375122889
Spain,2021-12-13,abcdefu,GAYLE,https://open.spotify.com/track/4fouWK6XVHhzl78KzQ1UjL,3,3.0,7,0.6714696971030643
Malaysia,2021-12-13,"Adiye - From ""Bachelor""","Dhibu Ninan Thomas, Kapil Kapilan",https://open.spotify.com/track/2tMoOS9grHtn4upzb4LwMG,26,33.2,5,0.6709776530532517
Panama,2021-12-13,Crying Over You ◐ (feat. RM & BEKA),HONNE,https://open.spotify.com/track/3NULjteyVVY9F7WrAXOZIG,12,20.142857142857142,7,0.6707099940951
El Salvador,2021-12-13,El Rey,Vicente Fernández,https://open.spotify.com/track/6P3dT8EkJd0LOyZklOl0Na,25,34.6,5,0.6700935644895288
Italy,2021-12-13,Spazio tempo,Francesco Gabbani,https://open.spotify.com/track/31dHcGWuV18tCPad4CkCnS,19,25.571428571428573,7,0.6699348337307799
Egypt,2021-12-13,Notion,The Rare Occasions,https://open.spotify.com/track/0sTlGEld0h8kIPZaKDYUf4,23,29.857142857142858,7,0.6698329760617505
Italy,2021-12-13,Helikopter,Fazlija,https://open.spotify.com/track/3xGOOOPD2HjErQLyRFk5Wf,3,3.4285714285714284,7,0.669684978134566
Guatemala,2021-12-13,Amapolas - Remix,"Leo Rizzi, Danny Ocean",https://open.spotify.com/track/44QxiGlmeSpF8boud04Rkc,7,8.857142857142858,7,0.6693456779052473
Hungary,2021-12-13,Késő már,Mehringer Marci,https://open.spotify.com/track/3FuvMgmA7axMw9sps0JM4x,5,5.857142857142857,7,0.6692641837512503
Russia,2021-12-13,Я уёбываю в джаз,Кишлак,https://open.spotify.com/track/3VeWIV9WTXUl8PcOusFjYv,12,18.142857142857142,7,0.6690664072478644
Malaysia,2021-12-13,Takut,Idgitaf,https://open.spotify.com/track/1qHddOZ7pwtmOsw0RmlKFx,7,8.714285714285714,7,0.6690118000398713
Egypt,2021-12-13,Own Brand Freestyle,"FelixThe1st, Dreya Mac, Finch Fetti",https://open.spotify.com/track/6Jzdxguk63s6CVVXHIrQ0x,10,12.714285714285714,7,0.668862224148779
Turkey,2021-12-13,Aşık Oldum Ben Sana,Maran Marangöz,https://open.spotify.com/track/3XYmEILag9izrWUfCp0dFK,5,5.857142857142857,7,0.6688161294257979
Nicaragua,2021-12-13,Do It To It,"ACRAZE, Cherish",https://open.spotify.com/track/20on25jryn53hWghthWWW3,4,4.714285714285714,7,0.6688030240857304
Argentina,2021-12-13,Own Brand Freestyle,"FelixThe1st, Dreya Mac, Finch Fetti",https://open.spotify.com/track/6Jzdxguk63s6CVVXHIrQ0x,9,9.285714285714286,7,0.6684720914158876
Taiwan,2021-12-13,What Lies Ahead,Joe Layne,https://open.spotify.com/track/3fg4SAOPo2hipn7Nmj1m7N,9,12.714285714285714,7,0.6683540758034794
Taiwan,2021-12-13,"MERRY-GO-ROUND (Feat. Zion.T, Wonstein) (Prod. Slom)",sokodomo,https://open.spotify.com/track/2eLe81VDUQ5f0xFfc9cMWz,9,10.714285714285714,7,0.6682287978962616
Taiwan,2021-12-13,我的世界不是只有你,"MxxdlifE, Popo J",https://open.spotify.com/track/5Zu3bu6kjoJ26MiQxe4AGd,9,10.857142857142858,7,0.6681644872029794
Israel,2021-12-13,Flowers (Say My Name),ArrDee,https://open.spotify.com/track/2BzAGK3lEZAQz5cU0Ae1wd,15,16.714285714285715,7,0.6677829106267549
Estonia,2021-12-13,СОЛНЦЕ МОНАКО,Lusia Chebotina,https://open.spotify.com/track/5YDBHDEIgWkfairCJgGApW,9,10.142857142857142,7,0.6677164527897205
Egypt,2021-12-13,El 3asal,"Donia Wael, El Waili",https://open.spotify.com/track/5ecSRvEKkYarFYgyFgKak8,9,9.285714285714286,7,0.6676443346088736
Egypt,2021-12-13,Inta El Haz,Amr Diab,https://open.spotify.com/track/0647xnQGtzAulUlJC8s4r4,12,13.142857142857142,7,0.6674366291644064
Poland,2021-12-13,I AM WOMAN,Emmy Meli,https://open.spotify.com/track/3nOz1U41SZZ0N3fuUWr9nb,6,7.285714285714286,7,0.667295575506713
Spain,2021-12-13,Do It To It,"ACRAZE, Cherish",https://open.spotify.com/track/20on25jryn53hWghthWWW3,4,4.0,7,0.6670326909841142
Lithuania,2021-12-13,Infinity,Jaymes Young,https://open.spotify.com/track/1SOClUWhOi8vHZYMz3GluK,34,37.714285714285715,7,0.6669105556028425
Romania,2021-12-13,Chandelier,Will Paquin,https://open.spotify.com/track/3REELyDyt5SPKX2387Zubv,8,15.857142857142858,7,0.6668593324833639
Mexico,2021-12-13,Cold Heart - PNAU Remix,"Elton John, Dua Lipa",https://open.spotify.com/track/7rglLriMNBPAyuJOMGwi39,25,27.857142857142858,7,0.666795769104753
Thailand,2021-12-13,ต่อจากนี้เพลงรักทุกเพลงจะเป็นของเธอเท่านั้น,NO ONE ELSE,https://open.spotify.com/track/315ar0QJiyciYkdVJUGA3w,15,16.0,7,0.6666934519613382
Belgium,2021-12-13,DTB,Merczz,https://open.spotify.com/track/6BoXckigjvnIAZVQV6lELq,6,8.714285714285714,7,0.6666413922536122
Costa Rica,2021-12-13,Hasta la Raíz,Natalia Lafourcade,https://open.spotify.com/track/3lGMtkONrZdJ8kTCg6KIFf,33,38.857142857142854,7,0.6665926014545722
Bolivia,2021-12-13,Sol,Willian,https://open.spotify.com/track/4DWWR3Zk5pka9t2BrLVc7U,14,20.285714285714285,7,0.6665609908284339
Nicaragua,2021-12-13,Para Siempre,Vicente Fernández,https://open.spotify.com/track/0uyVgmoXDbwS1ubv8AurVZ,12,17.2,5,0.6662515100808143
Morocco,2021-12-13,Chill,Inkonnu,https://open.spotify.com/track/5NwA0hLKYsFcU3FVD5hD03,15,17.0,7,0.6660804332842069
Bulgaria,2021-12-13,Pope Is a Rockstar,SALES,https://open.spotify.com/track/0So2sgVa8aJiARPl2P29u2,7,12.0,7,0.6658294835016739
El Salvador,2021-12-13,Convéncete,Princesa Alba,https://open.spotify.com/track/5UyH584f99c7qErZifyaHy,11,16.714285714285715,7,0.6654445198082979
Estonia,2021-12-13,Do It To It,"ACRAZE, Cherish",https://open.spotify.com/track/20on25jryn53hWghthWWW3,5,6.0,7,0.6652849201894382
Uruguay,2021-12-13,Volver a Vernos,Matías Valdez,https://open.spotify.com/track/6FzRjE65s7jGPVnLbx5FSr,10,11.0,7,0.6652652679989348
South Africa,2021-12-13,Own Brand Freestyle,"FelixThe1st, Dreya Mac, Finch Fetti",https://open.spotify.com/track/6Jzdxguk63s6CVVXHIrQ0x,9,13.142857142857142,7,0.6647881205094279
Egypt,2021-12-13,Guns for Hire (from the series Arcane League of Legends),Woodkid,https://open.spotify.com/track/2H3HPGuPyhcbg5AqoQ4BWr,11,13.285714285714286,7,0.664601603770461
Portugal,2021-12-13,Own Brand Freestyle,"FelixThe1st, Dreya Mac, Finch Fetti",https://open.spotify.com/track/6Jzdxguk63s6CVVXHIrQ0x,6,6.714285714285714,7,0.6645823788839892
Thailand,2021-12-13,Give Me Your Forever,Zack Tabudlo,https://open.spotify.com/track/4mzP5mHkRvGxdhdGdAH7EJ,14,14.714285714285714,7,0.664502262349934
Uruguay,2021-12-13,Cold Heart - PNAU Remix,"Elton John, Dua Lipa",https://open.spotify.com/track/7rglLriMNBPAyuJOMGwi39,25,27.0,7,0.6644901566288787
Lithuania,2021-12-13,Cpr,cupcakKe,https://open.spotify.com/track/35mBYyB61qTcGGj7MXIRM1,9,10.714285714285714,7,0.664437900847107
Denmark,2021-12-13,Legend,Tevvez,https://open.spotify.com/track/05EG9LwFCVjkoYEWzsrHHO,15,24.571428571428573,7,0.6642094466190283
Egypt,2021-12-13,Infinity,Jaymes Young,https://open.spotify.com/track/1SOClUWhOi8vHZYMz3GluK,22,22.714285714285715,7,0.6635172529779426
Guatemala,2021-12-13,Lo Siento BB:/ (with Bad Bunny & Julieta Venegas),Tainy,https://open.spotify.com/track/4gzsuuZypVbxs0Af1LSZyB,14,17.714285714285715,7,0.6633801914028428
Malaysia,2021-12-13,Alien Blues,Vundabar,https://open.spotify.com/track/6UjeFOCGYgMpBUtqKg1Je3,11,15.857142857142858,7,0.6633138204533512
South Korea,2021-12-13,BREATHE (Feat. MINO) (Prod. GRAY),"Anandelight, unofficialboyy, BE'O, Geegooin, Mudd the student",https://open.spotify.com/track/36kGkexLBfRK1hqdJ6qmaE,11,13.285714285714286,7,0.6631305649830888
Dominican Republic,2021-12-13,Manos de Tijera,Yiyo Sarante,https://open.spotify.com/track/6CABgsWNWBu7xz0mGJwI69,15,17.2,5,0.6628547627662207
Thailand,2021-12-13,I AM WOMAN,Emmy Meli,https://open.spotify.com/track/3nOz1U41SZZ0N3fuUWr9nb,10,11.285714285714286,7,0.6627692765719215
Saudi Arabia,2021-12-13,After Dark,Mr.Kitty,https://open.spotify.com/track/0zCgWGmDF0aih5qexATyBn,32,35.57142857142857,7,0.6627475107453437
Spain,2021-12-13,Fiesta de Nochebuena,"Así Canta Jerez, Luis de Perikin",https://open.spotify.com/track/2Phqjyei1oiSKpn19b0hq2,5,5.285714285714286,7,0.662436160166273
Mexico,2021-12-13,Yo Quiero Quebrarte,Los Felinos,https://open.spotify.com/track/0Byi0pNpSr0FKDQ8HtMwKY,8,8.857142857142858,7,0.6623449656924095
Netherlands,2021-12-13,Super Max!,Pitstop Boys,https://open.spotify.com/track/4gqOzJPGNCvEnS1u5YHOkp,1,1.2857142857142858,7,0.6623302622036961
Iceland,2021-12-13,Swimming Pool,Marie Madeleine,https://open.spotify.com/track/3BMqVk2NJbH4fxf84e8kDC,21,30.6,5,0.6622098181524219
Finland,2021-12-13,Swimming Pool,Marie Madeleine,https://open.spotify.com/track/3BMqVk2NJbH4fxf84e8kDC,3,4.571428571428571,7,0.6620370988050633
Costa Rica,2021-12-13,Estos Celos,Vicente Fernández,https://open.spotify.com/track/6u6kH7V7Tx5xDJtF82vVw0,20,32.285714285714285,7,0.6618588405844595
Sweden,2021-12-13,Super Max!,Pitstop Boys,https://open.spotify.com/track/4gqOzJPGNCvEnS1u5YHOkp,1,1.2857142857142858,7,0.6617089864423988
Romania,2021-12-13,Dynasties & Dystopia (from the series Arcane League of Legends),"Denzel Curry, Gizzle, Bren Joy",https://open.spotify.com/track/5EIkdrmuu2xkoQWOWjoeFY,20,29.714285714285715,7,0.6607801997222271
Czech Republic,2021-12-13,Super Idol - Remix,Samstring,https://open.spotify.com/track/5t07RuwZAUBBnF2tWKwgmP,13,15.166666666666666,6,0.6606859711212629
Switzerland,2021-12-13,Super Max!,Pitstop Boys,https://open.spotify.com/track/4gqOzJPGNCvEnS1u5YHOkp,2,2.857142857142857,7,0.6604558014292937
Mexico,2021-12-13,Es Que Me Gustas - En Vivo,Los 2 de la S,https://open.spotify.com/track/6nyl8kugrRsjzvpFhvw4hE,10,10.857142857142858,7,0.6601900969060708
Morocco,2021-12-13,Toxic,BoyWithUke,https://open.spotify.com/track/2gQPv5jvVPqU2a9HhMNO1v,15,16.0,7,0.6597254361330522
Czech Republic,2021-12-13,It's Called: Freefall,Rainbow Kitten Surprise,https://open.spotify.com/track/474uVhyGgK5MtY9gMcDgGl,16,29.166666666666668,6,0.659678826366693
Nicaragua,2021-12-13,Tacones Rojos,Sebastian Yatra,https://open.spotify.com/track/0Be7sopyKMv8Y8npsUkax2,10,16.714285714285715,7,0.6596494923941338
Uruguay,2021-12-13,Enemy (with JID) - from the series Arcane League of Legends,Imagine Dragons,https://open.spotify.com/track/1r9xUipOqoNwggBpENDsvJ,14,15.857142857142858,7,0.6595389824905495
Germany,2021-12-13,DTB,Merczz,https://open.spotify.com/track/6BoXckigjvnIAZVQV6lELq,5,7.142857142857143,7,0.6593443994580983
Belgium,2021-12-13,I AM WOMAN,Emmy Meli,https://open.spotify.com/track/3nOz1U41SZZ0N3fuUWr9nb,2,2.7142857142857144,7,0.6592651801248707
Hong Kong,2021-12-13,主角光環,Kaho Hung,https://open.spotify.com/track/4qSkBCWRJbFHRwUzZI5b8f,19,20.0,7,0.6592577599556498
South Korea,2021-12-13,Suddenly,BE'O,https://open.spotify.com/track/7gXMkqirKU23zgdlSAb00a,6,6.142857142857143,7,0.6592544184082498
Thailand,2021-12-13,นั่งเอ็นจอยในศาลา,DIEOUT,https://open.spotify.com/track/23wRDsqlEKbvV2ZwRpkld4,15,17.714285714285715,7,0.6591069606163973
Slovakia,2021-12-13,น้ำแดงน้ำส้ม,JV.JARVIS,https://open.spotify.com/track/1xxJiB2B3rMw8g85PPtcN7,19,21.142857142857142,7,0.6590889770206384
Indonesia,2021-12-13,L,Hal,https://open.spotify.com/track/66SBpMfdxpe7B2UF0hq4DR,12,14.142857142857142,7,0.6588948698534933
Latvia,2021-12-13,Cpr,cupcakKe,https://open.spotify.com/track/35mBYyB61qTcGGj7MXIRM1,13,17.428571428571427,7,0.658689030520338
Bulgaria,2021-12-13,Dirty Little Animals (From the series Arcane League of Legends),BONES UK,https://open.spotify.com/track/2ZuDGsKSJpQdJmpknJ7ypF,10,13.857142857142858,7,0.658678640264664
Nicaragua,2021-12-13,Hermoso Cariño,Vicente Fernández,https://open.spotify.com/track/6UN6W5tj0qrMYV8N9MQMJC,9,15.833333333333334,6,0.658615220247495
Ecuador,2021-12-13,No se habla de Bruno,"Carolina Gaitán - La Gaita, Mauro Castillo, Daniela Sierra, Juanse Diez, Isabel Garcés, Olga Lucía Vives, Encanto - Elenco",https://open.spotify.com/track/5QKk5N5xJQGsWMhPM80Kfv,13,16.428571428571427,7,0.658562888475556
Iceland,2021-12-13,Seventeen Going Under,Sam Fender,https://open.spotify.com/track/5rF6YUIlgiat22OT1lWspJ,21,31.285714285714285,7,0.6583887722378376
Ukraine,2021-12-13,Pixel Pig,Di Young,https://open.spotify.com/track/2NCKZeWIu9lqUDfeLKAzfM,34,41.8,5,0.6582330901149291
Guatemala,2021-12-13,Tacones Rojos,Sebastian Yatra,https://open.spotify.com/track/0Be7sopyKMv8Y8npsUkax2,27,33.57142857142857,7,0.6581185538344885
Latvia,2021-12-13,Super Gremlin,Kodak Black,https://open.spotify.com/track/4A8cWXxKfIL3lAyUDzXbCF,25,34.142857142857146,7,0.6581103808327929
Romania,2021-12-13,MIDDLE OF THE NIGHT,Elley Duhé,https://open.spotify.com/track/58HvfVOeJY7lUuCqF0m3ly,9,11.285714285714286,7,0.6580940148117762
Honduras,2021-12-13,Monastery,"Ryan Castro, Feid",https://open.spotify.com/track/1JpzJfxjHGFUyTHXLZidok,27,34.0,5,0.6580363380601666
Greece,2021-12-13,The Perfect Girl,Mareux,https://open.spotify.com/track/5RBOcBpJXaNnHCGViJmYhh,15,16.666666666666668,6,0.6579468051813909
Iceland,2021-12-13,Ástin heldur vöku,Júlí Heiðar,https://open.spotify.com/track/4bLL8O04PMkzYpT4sC47kd,20,29.166666666666668,6,0.6579186688886745
Dominican Republic,2021-12-13,Enemy - From the series Arcane League of Legends,Imagine Dragons,https://open.spotify.com/track/5UlnuulVAVmmesw4VzqHdG,37,42.333333333333336,6,0.6578617401724449
Greece,2021-12-13,NEW MAGIC WAND,"Tyler, The Creator",https://open.spotify.com/track/0fv2KH6hac06J86hBUTcSf,30,33.0,7,0.6578478097301831
Hungary,2021-12-13,IN THE CLUB,Mishashi Sensei,https://open.spotify.com/track/7vX0rvoGneCCOJ2QPruNNZ,24,27.428571428571427,7,0.6577098619020649
Vietnam,2021-12-13,Say Đắm Trong Lần Đầu,Winno,https://open.spotify.com/track/079Fpq9a18TX4ir9znmv84,17,19.285714285714285,7,0.6576216451173688
Guatemala,2021-12-13,Los Malvekes,"Cris Mj, Marcianeke, Simon la Letra, Stars Music Chile",https://open.spotify.com/track/1AnJQd8TfkhK6M3VgZDVv1,15,21.571428571428573,7,0.6575843590959414
Mexico,2021-12-13,Si Te Pudiera Mentir,Calibre 50,https://open.spotify.com/track/3p6eieHX6oEOzJStPtEsLu,27,31.285714285714285,7,0.6571766145477831
Thailand,2021-12-13,แค่เพื่อนมั้ง (Just Friend?) - เพลงประกอบซีรีส์ แค่เพื่อนครับเพื่อน BAD BUDDY SERIES,นนน กรภัทร์,https://open.spotify.com/track/03jBontbv2DkRxsgLU8H4x,17,19.285714285714285,7,0.6571382199809945
Spain,2021-12-13,DANCE CRIP,Trueno,https://open.spotify.com/track/1kjs5eR4DMzyB0gm1Z8waV,8,9.0,7,0.6564874500844919
Morocco,2021-12-13,Ya Hmed,"Mehdi Mozayine, Madara",https://open.spotify.com/track/3Ica0uL8RYkhG3YG0tpywf,17,20.428571428571427,7,0.6564512677128509
Dominican Republic,2021-12-13,Di Di Di,"Braulio Fogon, Yomel El Meloso, Don Forty Five",https://open.spotify.com/track/0VBB2FOTgZbrEd43TPZhUX,13,15.285714285714286,7,0.6563395821317151
Belgium,2021-12-13,Cool Abdoul Theme Song,"One Track Brain, Mariem Hassan",https://open.spotify.com/track/1x0HKnLUlmZEecQLFWngii,7,7.571428571428571,7,0.6563046742308631
Costa Rica,2021-12-13,Enemy (with JID) - from the series Arcane League of Legends,Imagine Dragons,https://open.spotify.com/track/1r9xUipOqoNwggBpENDsvJ,7,8.285714285714286,7,0.6561152727485042
Portugal,2021-12-13,Goodbye (from the series Arcane League of Legends),Ramsey,https://open.spotify.com/track/5QWjrWckcPcSVqQNfbD4Bc,9,13.714285714285714,7,0.6561074312744336
Greece,2021-12-13,Do It To It,"ACRAZE, Cherish",https://open.spotify.com/track/20on25jryn53hWghthWWW3,17,18.142857142857142,7,0.6558130370722847
Guatemala,2021-12-13,Las Locuras Mías,"Omar Chaparro, Joey Montana",https://open.spotify.com/track/78OElpvKKwUnCEoVVtqth5,29,36.57142857142857,7,0.6554923434783516
Nicaragua,2021-12-13,El Rey,Vicente Fernández,https://open.spotify.com/track/6P3dT8EkJd0LOyZklOl0Na,8,18.714285714285715,7,0.6541626101808892
Brazil,2021-12-13,MT - Pra Que Brigar Vs Novinha Malada Do Insta,DJ HF,https://open.spotify.com/track/5wDr1nOqIvWj7IoH5zlJKb,12,12.857142857142858,7,0.6541471376993166
Israel,2021-12-13,Alien Blues,Vundabar,https://open.spotify.com/track/6UjeFOCGYgMpBUtqKg1Je3,6,7.285714285714286,7,0.6539700397943429
Argentina,2021-12-13,No se habla de Bruno,"Carolina Gaitán - La Gaita, Mauro Castillo, Daniela Sierra, Juanse Diez, Isabel Garcés, Olga Lucía Vives, Encanto - Elenco",https://open.spotify.com/track/5QKk5N5xJQGsWMhPM80Kfv,11,11.0,7,0.6538325996359645
France,2021-12-13,TO THE MOON,Jnr Choi,https://open.spotify.com/track/0hYFc3HSZHDaDzquLVRwBH,1,1.5,6,0.6538302806630362
Paraguay,2021-12-13,Vai Lá Em Casa Hoje,"George Henrique & Rodrigo, Marília Mendonça",https://open.spotify.com/track/1c4htMHiolERc0YJvZNdlc,24,32.8,5,0.653819793508794
Mexico,2021-12-13,Fall in Love with You.,Montell Fish,https://open.spotify.com/track/31MQR9rOHRXyg4J01hRY1h,13,13.428571428571429,7,0.6537007331079042
Panama,2021-12-13,Alejarme de Ti,"Eladio Carrion, Jay Wheeler",https://open.spotify.com/track/4YV8COy6CS7PBFHw0AO4pF,27,31.428571428571427,7,0.6536979665882491
Bolivia,2021-12-13,Notion,The Rare Occasions,https://open.spotify.com/track/0sTlGEld0h8kIPZaKDYUf4,8,10.0,7,0.6536321993582785
Honduras,2021-12-13,El Rey,Vicente Fernández,https://open.spotify.com/track/6P3dT8EkJd0LOyZklOl0Na,28,34.8,5,0.6536034723065685
Romania,2021-12-13,Fac Deranj,Tzanca Uraganu,https://open.spotify.com/track/6zmcPaF3PZKgZv8sRsrLTy,13,16.285714285714285,7,0.6532919304593632
Belgium,2021-12-13,Pope Is a Rockstar,SALES,https://open.spotify.com/track/0So2sgVa8aJiARPl2P29u2,9,11.714285714285714,7,0.6531463413280446
Poland,2021-12-13,It's Called: Freefall,Rainbow Kitten Surprise,https://open.spotify.com/track/474uVhyGgK5MtY9gMcDgGl,13,21.714285714285715,7,0.652940373217491
Ecuador,2021-12-13,Macta Llega,"DJ Dever, La Toxi Costeña",https://open.spotify.com/track/6n7g87PKuRMXQFgUnM3ri1,14,17.857142857142858,7,0.6527966803098105
Honduras,2021-12-13,Nothing,Bruno Major,https://open.spotify.com/track/2IAR0DziHCjSu16gR4ihvy,25,30.428571428571427,7,0.6527783254242745
Morocco,2021-12-13,lost souls (with Brent Faiyaz),Baby Keem,https://open.spotify.com/track/02rdXe0KhMe8p6ZHzYtuw0,18,19.571428571428573,7,0.6527717750021995
Sweden,2021-12-13,Swimming Pool,Marie Madeleine,https://open.spotify.com/track/3BMqVk2NJbH4fxf84e8kDC,6,7.0,7,0.6525310423181583
Peru,2021-12-13,Los Malvekes,"Cris Mj, Marcianeke, Simon la Letra, Stars Music Chile",https://open.spotify.com/track/1AnJQd8TfkhK6M3VgZDVv1,23,25.714285714285715,7,0.6524969714952874
Canada,2021-12-13,Fairytale of New York (feat. Kirsty MacColl),The Pogues,https://open.spotify.com/track/3VTNVsTTu05dmTsVFrmGpK,18,22.285714285714285,7,0.6523615608701638
Chile,2021-12-13,Los Malvekes,"Cris Mj, Marcianeke, Simon la Letra, Stars Music Chile",https://open.spotify.com/track/1AnJQd8TfkhK6M3VgZDVv1,9,9.428571428571429,7,0.6522505557060742
Dominican Republic,2021-12-13,Estos Celos,Vicente Fernández,https://open.spotify.com/track/6u6kH7V7Tx5xDJtF82vVw0,28,33.8,5,0.6520901792057759
El Salvador,2021-12-13,Amapolas - Remix,"Leo Rizzi, Danny Ocean",https://open.spotify.com/track/44QxiGlmeSpF8boud04Rkc,13,15.571428571428571,7,0.652058542656351
Morocco,2021-12-13,Manike Mage Hithe,"Chamath Sangeeth, Yohani, Satheeshan",https://open.spotify.com/track/5JO2usoem1CW1pLL1kLj9E,3,4.857142857142857,7,0.65191950566261
Panama,2021-12-13,Hasta la Raíz,Natalia Lafourcade,https://open.spotify.com/track/3lGMtkONrZdJ8kTCg6KIFf,24,33.75,4,0.6518580474367346
Ukraine,2021-12-13,Доброго вечора - Where Are You From,PROBASS ∆ HARDI,https://open.spotify.com/track/0O3TZYgwaRadNprRONZ7iX,31,37.833333333333336,6,0.6517088321428408
France,2021-12-13,The Perfect Girl,Mareux,https://open.spotify.com/track/5RBOcBpJXaNnHCGViJmYhh,21,29.333333333333332,6,0.6514965100635772
Greece,2021-12-13,Chandelier,Will Paquin,https://open.spotify.com/track/3REELyDyt5SPKX2387Zubv,30,32.142857142857146,7,0.6513522595890449
Mexico,2021-12-13,Tacones Rojos,Sebastian Yatra,https://open.spotify.com/track/0Be7sopyKMv8Y8npsUkax2,12,12.428571428571429,7,0.6513370460857331
Finland,2021-12-13,Super Max!,Pitstop Boys,https://open.spotify.com/track/4gqOzJPGNCvEnS1u5YHOkp,1,1.0,7,0.6511860694525294
Colombia,2021-12-13,Cold Heart - PNAU Remix,"Elton John, Dua Lipa",https://open.spotify.com/track/7rglLriMNBPAyuJOMGwi39,19,22.571428571428573,7,0.6511155252592952
Greece,2021-12-13,I AM WOMAN,Emmy Meli,https://open.spotify.com/track/3nOz1U41SZZ0N3fuUWr9nb,6,8.857142857142858,7,0.6509954323387714
El Salvador,2021-12-13,Ayer y Hoy,Julio Jaramillo,https://open.spotify.com/track/58J23cD4zeeidroDepVhX7,26,35.57142857142857,7,0.650686660521957
Ecuador,2021-12-13,DANCE CRIP,Trueno,https://open.spotify.com/track/1kjs5eR4DMzyB0gm1Z8waV,12,12.714285714285714,7,0.6505626136027702
Russia,2021-12-13,Pope Is a Rockstar,SALES,https://open.spotify.com/track/0So2sgVa8aJiARPl2P29u2,3,6.428571428571429,7,0.6504742699861846
Hong Kong,2021-12-13,I AM WOMAN,Emmy Meli,https://open.spotify.com/track/3nOz1U41SZZ0N3fuUWr9nb,6,7.285714285714286,7,0.6503928078885965
Brazil,2021-12-13,Arranhão,Grupo Envolvência,https://open.spotify.com/track/7rCCn18R2AbY8qssMiVYr3,31,32.285714285714285,7,0.6503063168968001
United Arab Emirates,2021-12-13,Kina Chir,The PropheC,https://open.spotify.com/track/6XPmY4hIb1RGRyNuq0UBsl,25,27.714285714285715,7,0.6502938357682189
Hungary,2021-12-13,Dirty Little Animals (From the series Arcane League of Legends),BONES UK,https://open.spotify.com/track/2ZuDGsKSJpQdJmpknJ7ypF,36,41.857142857142854,7,0.6502361749735824
Lithuania,2021-12-13,abcdefu (angrier),GAYLE,https://open.spotify.com/track/1EQFOouqdKYdpbNoOHRVO2,12,15.285714285714286,7,0.6501749837578691
United Arab Emirates,2021-12-13,Chandelier,Will Paquin,https://open.spotify.com/track/3REELyDyt5SPKX2387Zubv,14,21.714285714285715,7,0.649815919305844
Dominican Republic,2021-12-13,Mi Romo - Remix,"El Experimento (Macgyver), Dj Adoni, Farruko",https://open.spotify.com/track/7b5L3UrZ8TOaFzZt9WhknH,13,16.857142857142858,7,0.6497612191329055
South Africa,2021-12-13,Danko,"Musketeers, AzMo",https://open.spotify.com/track/0GL7uWv0R3NVJ584jjzTBX,11,13.428571428571429,7,0.6496785161900736
Norway,2021-12-13,Julekveldsvisa (Koronaversjon),Jon Niklas Rønning,https://open.spotify.com/track/4bXxPZCWFtsypbUZMnpJau,6,6.285714285714286,7,0.6496562953724034
Uruguay,2021-12-13,Medallo,"Blessd, Justin Quiles, Lenny Tavárez",https://open.spotify.com/track/6lX6l7OuA3qrnIRfdsr0dw,13,16.571428571428573,7,0.6495052102803855
Saudi Arabia,2021-12-13,La Espada,Eternal Raijin,https://open.spotify.com/track/6w969Gr8VhF02vaHs67oo9,24,31.428571428571427,7,0.6492278049521459
Malaysia,2021-12-13,Angel Baby,Troye Sivan,https://open.spotify.com/track/2m6Ko3CY1qXNNja8AlugNc,37,40.57142857142857,7,0.6490564271129837
South Korea,2021-12-13,Infinity,Jaymes Young,https://open.spotify.com/track/1SOClUWhOi8vHZYMz3GluK,15,24.285714285714285,7,0.6487052384894076
Peru,2021-12-13,DANCE CRIP,Trueno,https://open.spotify.com/track/1kjs5eR4DMzyB0gm1Z8waV,9,10.857142857142858,7,0.6486651100142709
Ukraine,2021-12-13,Обиды,Дайте танк (!),https://open.spotify.com/track/4peDYGB0o8LfpNodhzxxGu,21,25.571428571428573,7,0.6486465029872819
Israel,2021-12-13,נסיכה,The Uzi Navon Legacy,https://open.spotify.com/track/1nXq9TfEFwuvHi6ecAvLQ3,19,23.285714285714285,7,0.6485731086669303
New Zealand,2021-12-13,Fairytale of New York (feat. Kirsty MacColl),The Pogues,https://open.spotify.com/track/3VTNVsTTu05dmTsVFrmGpK,6,6.714285714285714,7,0.6484914000945403
Nicaragua,2021-12-13,Estos Celos,Vicente Fernández,https://open.spotify.com/track/6u6kH7V7Tx5xDJtF82vVw0,13,21.666666666666668,6,0.6484463568289462
Saudi Arabia,2021-12-13,Do It To It,"ACRAZE, Cherish",https://open.spotify.com/track/20on25jryn53hWghthWWW3,23,27.0,7,0.648438725165137
Romania,2021-12-13,Sfarsitul lumii,Andia,https://open.spotify.com/track/3Vp1q7IslLXv6FpV9murz7,14,18.571428571428573,7,0.648142723399132
Slovakia,2021-12-13,I AM WOMAN,Emmy Meli,https://open.spotify.com/track/3nOz1U41SZZ0N3fuUWr9nb,5,7.0,7,0.648045826378898
Latvia,2021-12-13,all I want is you,"Rebzyyx, hoshie star",https://open.spotify.com/track/7lOvJBqH38ZY59eLU7bioq,14,16.857142857142858,7,0.6479712251615051
Lithuania,2021-12-13,Švęsim Kalėdas Kartu,"Katažina, Irūna",https://open.spotify.com/track/6fiFnuvg90xBuT9R5limAu,26,31.0,7,0.6477310675591436
South Korea,2021-12-13,Wake Up (Prod. CODE KUNST),"Gaeko, Ourealgoat, SINCE, Ahn byeong woong, Tabber, Gwangil Jo",https://open.spotify.com/track/3ijq6sRH7PgRabMb83VvQO,13,14.571428571428571,7,0.647522519515362
El Salvador,2021-12-13,Hace Rato Me Picó un Mosquito,"Crafo, Franco Paolo",https://open.spotify.com/track/5OSxqUITs9nnjzm3WsF6Jc,27,34.0,7,0.6473098114695731
Slovakia,2021-12-13,abcdefu (angrier),GAYLE,https://open.spotify.com/track/1EQFOouqdKYdpbNoOHRVO2,11,13.142857142857142,7,0.6472911560933754
Honduras,2021-12-13,El Hombre Que Más Te Amó,Vicente Fernández,https://open.spotify.com/track/3L1JzwKjjUr76VOdM9zwHk,23,28.833333333333332,6,0.6472893187100645
South Korea,2021-12-13,Counting Stars,BVNG,https://open.spotify.com/track/2wpWFIvpHUxhPqctpC4TqA,10,14.0,7,0.6472692346914343
Israel,2021-12-13,לא רואה,רוי סופר,https://open.spotify.com/track/6ZGtvjAaMeuNtsXCEbfrDG,6,6.857142857142857,7,0.647241667449604
Romania,2021-12-13,Ora 6,"Tussin, RAVA, Amuly, Dafiend, Xeno",https://open.spotify.com/track/5BTzxmS3NYLIwBFEp6tCYw,25,28.0,7,0.6470334212601937
Ireland,2021-12-13,It's Called: Freefall,Rainbow Kitten Surprise,https://open.spotify.com/track/474uVhyGgK5MtY9gMcDgGl,13,14.285714285714286,7,0.6470293983357382
Lithuania,2021-12-13,NEW MAGIC WAND,"Tyler, The Creator",https://open.spotify.com/track/0fv2KH6hac06J86hBUTcSf,37,40.142857142857146,7,0.6467537257651675
Dominican Republic,2021-12-13,Face Off,"Tech N9ne, Joey Cool, King Iso, Dwayne Johnson",https://open.spotify.com/track/6M47gaKejso9772SKTa3yH,16,24.571428571428573,7,0.6467070948187469
Finland,2021-12-13,Pienen siilin kuolema,Guggenheim-projektz,https://open.spotify.com/track/1OeWUrOckzT93TMYu5QmYM,2,2.0,7,0.6466192909028236
Honduras,2021-12-13,El Último Beso,Vicente Fernández,https://open.spotify.com/track/5sQiPI9krkeb9aAvl7tDyn,25,31.428571428571427,7,0.6464337753297941
Poland,2021-12-13,abcdefu,GAYLE,https://open.spotify.com/track/4fouWK6XVHhzl78KzQ1UjL,9,9.0,7,0.6464242095833937
Ireland,2021-12-13,Pope Is a Rockstar,SALES,https://open.spotify.com/track/0So2sgVa8aJiARPl2P29u2,4,5.857142857142857,7,0.6464058713164986
Peru,2021-12-13,Notion,The Rare Occasions,https://open.spotify.com/track/0sTlGEld0h8kIPZaKDYUf4,14,14.857142857142858,7,0.6460600780989133
Peru,2021-12-13,Two Birds,Regina Spektor,https://open.spotify.com/track/2n0U2OG5d6TuW5mKx7YrC0,14,15.0,7,0.6459937467268899
United States,2021-12-13,Fairytale of New York (feat. Kirsty MacColl),The Pogues,https://open.spotify.com/track/3VTNVsTTu05dmTsVFrmGpK,21,26.142857142857142,7,0.6459490992000199
Portugal,2021-12-13,INVEJOSO,"Distrito 23, Raffé, Chefin Oficial, Jhowzin, Oruam",https://open.spotify.com/track/1yecpnQJ3PL2BtOt8Eon6O,25,28.428571428571427,7,0.6459465216758034
Ecuador,2021-12-13,Cerrando Ciclos,Alex Ponce,https://open.spotify.com/track/6hfVrZaxIDXJbpZNfkAUV6,1,2.0,7,0.6453164036637912
Uruguay,2021-12-13,abcdefu (angrier),GAYLE,https://open.spotify.com/track/1EQFOouqdKYdpbNoOHRVO2,29,33.42857142857143,7,0.6452575192612983
Canada,2021-12-13,Swimming Pool,Marie Madeleine,https://open.spotify.com/track/3BMqVk2NJbH4fxf84e8kDC,4,4.166666666666667,6,0.645018134058894
France,2021-12-13,I AM WOMAN,Emmy Meli,https://open.spotify.com/track/3nOz1U41SZZ0N3fuUWr9nb,1,1.4285714285714286,7,0.6449959884862324
New Zealand,2021-12-13,Down Under (feat. Colin Hay),Luude,https://open.spotify.com/track/7AVyve7cFYTd51ha5i9kE2,1,1.0,7,0.6449323084891172
Malaysia,2021-12-13,Limousine (Feat. MINO) (Prod. GRAY),BE'O,https://open.spotify.com/track/5g2Ik0WJG9rqu97nCLcQhV,14,16.857142857142858,7,0.6447816127466726
Czech Republic,2021-12-13,Do It To It,"ACRAZE, Cherish",https://open.spotify.com/track/20on25jryn53hWghthWWW3,15,17.285714285714285,7,0.6447119081190327
Colombia,2021-12-13,Macta Llega,"DJ Dever, La Toxi Costeña",https://open.spotify.com/track/6n7g87PKuRMXQFgUnM3ri1,4,4.857142857142857,7,0.6446970791944501
Hong Kong,2021-12-13,"MERRY-GO-ROUND (Feat. Zion.T, Wonstein) (Prod. Slom)",sokodomo,https://open.spotify.com/track/2eLe81VDUQ5f0xFfc9cMWz,7,9.142857142857142,7,0.6443637018794979
Egypt,2021-12-13,Cpr,cupcakKe,https://open.spotify.com/track/35mBYyB61qTcGGj7MXIRM1,30,39.142857142857146,7,0.6440401332444627
Honduras,2021-12-13,Infinity,Jaymes Young,https://open.spotify.com/track/1SOClUWhOi8vHZYMz3GluK,14,27.285714285714285,7,0.6440307506327774
Singapore,2021-12-13,"MERRY-GO-ROUND (Feat. Zion.T, Wonstein) (Prod. Slom)",sokodomo,https://open.spotify.com/track/2eLe81VDUQ5f0xFfc9cMWz,18,18.857142857142858,7,0.6438065446867637
Lithuania,2021-12-13,Helikopter,Fazlija,https://open.spotify.com/track/3xGOOOPD2HjErQLyRFk5Wf,15,19.0,7,0.6430651508983003
Hungary,2021-12-13,I AM WOMAN,Emmy Meli,https://open.spotify.com/track/3nOz1U41SZZ0N3fuUWr9nb,8,8.857142857142858,7,0.6430002749129083
Australia,2021-12-13,Down Under (feat. Colin Hay),Luude,https://open.spotify.com/track/7AVyve7cFYTd51ha5i9kE2,2,2.5714285714285716,7,0.6429994348217942
Paraguay,2021-12-13,Cold Heart - PNAU Remix,"Elton John, Dua Lipa",https://open.spotify.com/track/7rglLriMNBPAyuJOMGwi39,34,40.142857142857146,7,0.6426073404208991
Ecuador,2021-12-13,Los Malvekes,"Cris Mj, Marcianeke, Simon la Letra, Stars Music Chile",https://open.spotify.com/track/1AnJQd8TfkhK6M3VgZDVv1,15,16.571428571428573,7,0.6423276832927038
India,2021-12-13,abcdefu,GAYLE,https://open.spotify.com/track/4fouWK6XVHhzl78KzQ1UjL,1,1.0,7,0.6422105985132983
United Kingdom,2021-12-13,Swimming Pool,Marie Madeleine,https://open.spotify.com/track/3BMqVk2NJbH4fxf84e8kDC,5,5.714285714285714,7,0.6420907532096423
Estonia,2021-12-13,Flowers (Say My Name),ArrDee,https://open.spotify.com/track/2BzAGK3lEZAQz5cU0Ae1wd,26,34.857142857142854,7,0.6420698716485842
New Zealand,2021-12-13,abcdefu,GAYLE,https://open.spotify.com/track/4fouWK6XVHhzl78KzQ1UjL,3,3.0,7,0.6416632752844914
Paraguay,2021-12-13,Yours,JIN,https://open.spotify.com/track/10IfXtjKQmOiON7tNAHv0y,12,13.142857142857142,7,0.6416388230660388
South Africa,2021-12-13,Hrs and Hrs,Muni Long,https://open.spotify.com/track/3xRH6FPVtheDyNla3T1FE7,29,29.0,1,0.6415633008056456
Nicaragua,2021-12-13,Yo Quiero Quebrarte,Los Felinos,https://open.spotify.com/track/0Byi0pNpSr0FKDQ8HtMwKY,14,20.571428571428573,7,0.6414912406952221
Paraguay,2021-12-13,Ella - Remix,"Boza, Lunay, Lenny Tavárez, Juhn, Beéle",https://open.spotify.com/track/7iHHlCbsFou5DZSW5HCPfs,24,27.142857142857142,7,0.6412506835980147
Bulgaria,2021-12-13,ДУМАЮ,"EMIL TRF, Jci",https://open.spotify.com/track/5ooZmDqKU3tYHm8uaEmOWK,26,29.857142857142858,7,0.640976372412685
Singapore,2021-12-13,Habibi,"Ricky Rich, ARAM Mafia",https://open.spotify.com/track/5lrq8sHObtY0xMmF7Ukzl7,11,12.714285714285714,7,0.6408360711134159
Canada,2021-12-13,We Don't Talk About Bruno,"Carolina Gaitán - La Gaita, Mauro Castillo, Adassa, Rhenzy Feliz, Diane Guerrero, Stephanie Beatriz, Encanto - Cast",https://open.spotify.com/track/52xJxFP6TqMuO4Yt0eOkMz,3,3.5714285714285716,7,0.6404887930209987
New Zealand,2021-12-13,I AM WOMAN,Emmy Meli,https://open.spotify.com/track/3nOz1U41SZZ0N3fuUWr9nb,2,2.0,7,0.6403288766350158
Turkey,2021-12-13,Pope Is a Rockstar,SALES,https://open.spotify.com/track/0So2sgVa8aJiARPl2P29u2,7,14.0,6,0.6402444404679463
United States,2021-12-13,Own Brand Freestyle,"FelixThe1st, Dreya Mac, Finch Fetti",https://open.spotify.com/track/6Jzdxguk63s6CVVXHIrQ0x,6,6.857142857142857,7,0.6402235060437776
Hong Kong,2021-12-13,Fairytale of New York (feat. Kirsty MacColl),The Pogues,https://open.spotify.com/track/3VTNVsTTu05dmTsVFrmGpK,12,18.714285714285715,7,0.6402056465751826
Vietnam,2021-12-13,Không Bằng,Na,https://open.spotify.com/track/0wAKESJRnGVOqX2UvpEPRA,9,10.857142857142858,7,0.6400672448551048
India,2021-12-13,Own Brand Freestyle,"FelixThe1st, Dreya Mac, Finch Fetti",https://open.spotify.com/track/6Jzdxguk63s6CVVXHIrQ0x,3,3.0,7,0.6399970754228731
Ireland,2021-12-13,IN THE CLUB,Mishashi Sensei,https://open.spotify.com/track/7vX0rvoGneCCOJ2QPruNNZ,19,21.571428571428573,7,0.6398090591952458
Austria,2021-12-13,TO THE MOON,Jnr Choi,https://open.spotify.com/track/0hYFc3HSZHDaDzquLVRwBH,6,8.25,4,0.6397417181156462
Nicaragua,2021-12-13,Lo Siento BB:/ (with Bad Bunny & Julieta Venegas),Tainy,https://open.spotify.com/track/4gzsuuZypVbxs0Af1LSZyB,14,24.428571428571427,7,0.639688091372909
Philippines,2021-12-13,Helikopter,Fazlija,https://open.spotify.com/track/3xGOOOPD2HjErQLyRFk5Wf,3,3.5714285714285716,7,0.6396626678606675
Poland,2021-12-13,Super Max!,Pitstop Boys,https://open.spotify.com/track/4gqOzJPGNCvEnS1u5YHOkp,3,4.428571428571429,7,0.6396509108193594
Singapore,2021-12-13,MIDDLE OF THE NIGHT,Elley Duhé,https://open.spotify.com/track/58HvfVOeJY7lUuCqF0m3ly,23,28.857142857142858,7,0.6394450133598472
Russia,2021-12-13,Полина,volgarparis,https://open.spotify.com/track/44IveH1zrogPg9Ikw09QLv,1,1.2857142857142858,7,0.6391231874306902
Colombia,2021-12-13,Cpr,cupcakKe,https://open.spotify.com/track/35mBYyB61qTcGGj7MXIRM1,11,14.857142857142858,7,0.6390590208581894
United States,2021-12-13,Surface Pressure,Jessica Darrow,https://open.spotify.com/track/760jhRscwGbIIe1m1IIQpU,5,5.571428571428571,7,0.6390205953563465
Ukraine,2021-12-13,Привет,Kambulat,https://open.spotify.com/track/2INWHGzw5qTbdeLDARChfe,23,28.571428571428573,7,0.6389879962107321
Israel,2021-12-13,Bank Account,Arab Falcon,https://open.spotify.com/track/7pUnq0uYDppOJfENIoeyJF,9,13.0,7,0.6389684462186707
South Africa,2021-12-13,Goodbye (from the series Arcane League of Legends),Ramsey,https://open.spotify.com/track/5QWjrWckcPcSVqQNfbD4Bc,27,38.833333333333336,6,0.6385658473329772
Taiwan,2021-12-13,Die For You,"VALORANT, Grabbitz",https://open.spotify.com/track/2lz3zjQ5QCVXiyOzIk02vW,17,21.571428571428573,7,0.6385598880881656
Dominican Republic,2021-12-13,DANCE CRIP,Trueno,https://open.spotify.com/track/1kjs5eR4DMzyB0gm1Z8waV,12,20.142857142857142,7,0.6383923212294396
Israel,2021-12-13,לוקסמבורג - המקורי,ארי שמר,https://open.spotify.com/track/0v8OP4q8aAYJSPE66EENYc,5,8.75,4,0.6383675906802221
Czech Republic,2021-12-13,I AM WOMAN,Emmy Meli,https://open.spotify.com/track/3nOz1U41SZZ0N3fuUWr9nb,3,5.0,7,0.6383564134660986
Uruguay,2021-12-13,Los Malvekes,"Cris Mj, Marcianeke, Simon la Letra, Stars Music Chile",https://open.spotify.com/track/1AnJQd8TfkhK6M3VgZDVv1,17,20.714285714285715,7,0.6380393687554955
Italy,2021-12-13,HAUT LES COEURS / RAG # 2,Fauve,https://open.spotify.com/track/3JynflcOndaaNi97xoUsCA,7,7.285714285714286,7,0.6378236814817401
Saudi Arabia,2021-12-13,I AM WOMAN,Emmy Meli,https://open.spotify.com/track/3nOz1U41SZZ0N3fuUWr9nb,24,28.428571428571427,7,0.6377067222179832
Philippines,2021-12-13,Surface Pressure,Jessica Darrow,https://open.spotify.com/track/760jhRscwGbIIe1m1IIQpU,11,20.166666666666668,6,0.6376443163511659
Germany,2021-12-13,Swimming Pool,Marie Madeleine,https://open.spotify.com/track/3BMqVk2NJbH4fxf84e8kDC,7,8.857142857142858,7,0.6375047578383519
Philippines,2021-12-13,Super Idol - Remix,Samstring,https://open.spotify.com/track/5t07RuwZAUBBnF2tWKwgmP,5,5.714285714285714,7,0.6373752407161624
Malaysia,2021-12-13,Give Me Your Forever,Zack Tabudlo,https://open.spotify.com/track/4mzP5mHkRvGxdhdGdAH7EJ,29,32.0,7,0.6373707933326774
Iceland,2021-12-13,Super Idol - Remix,Samstring,https://open.spotify.com/track/5t07RuwZAUBBnF2tWKwgmP,25,26.428571428571427,7,0.6372518849016293
Mexico,2021-12-13,Enemy (with JID) - from the series Arcane League of Legends,Imagine Dragons,https://open.spotify.com/track/1r9xUipOqoNwggBpENDsvJ,15,16.142857142857142,7,0.6372240759510749
South Africa,2021-12-13,Khula,"Bello no Gallo, Niseni",https://open.spotify.com/track/21yMnKufBg1L51PGGVryTj,38,43.166666666666664,6,0.6370865994976885
South Africa,2021-12-13,Do It To It,"ACRAZE, Cherish",https://open.spotify.com/track/20on25jryn53hWghthWWW3,12,16.714285714285715,7,0.637023952745304
Taiwan,2021-12-13,做夢的人 (Bonus Track),Amazing Show,https://open.spotify.com/track/1APnNXeTpmXdY4BqmXuiNU,5,9.571428571428571,7,0.6369428578860766
Vietnam,2021-12-13,Nothing,Bruno Major,https://open.spotify.com/track/2IAR0DziHCjSu16gR4ihvy,11,12.714285714285714,7,0.6368457337285133
Israel,2021-12-13,abcdefu (angrier),GAYLE,https://open.spotify.com/track/1EQFOouqdKYdpbNoOHRVO2,8,11.714285714285714,7,0.6366943136275965
Hong Kong,2021-12-13,Limousine (Feat. MINO) (Prod. GRAY),BE'O,https://open.spotify.com/track/5g2Ik0WJG9rqu97nCLcQhV,6,7.0,7,0.6365466435169955
Costa Rica,2021-12-13,Macta Llega,"DJ Dever, La Toxi Costeña",https://open.spotify.com/track/6n7g87PKuRMXQFgUnM3ri1,17,21.857142857142858,7,0.6365004461119983
United Kingdom,2021-12-13,Super Max!,Pitstop Boys,https://open.spotify.com/track/4gqOzJPGNCvEnS1u5YHOkp,2,2.142857142857143,7,0.6362123783547565
Dominican Republic,2021-12-13,Hasta la Raíz,Natalia Lafourcade,https://open.spotify.com/track/3lGMtkONrZdJ8kTCg6KIFf,21,33.0,5,0.6361864339200834
Ecuador,2021-12-13,Mujeres Divinas,Vicente Fernández,https://open.spotify.com/track/2PxGGRmj5yunYdNF2Ud2vm,22,30.4,5,0.6361754676590299
El Salvador,2021-12-13,Infinity,Jaymes Young,https://open.spotify.com/track/1SOClUWhOi8vHZYMz3GluK,16,21.571428571428573,7,0.6358154114246011
Romania,2021-12-13,I Love You So,The Walters,https://open.spotify.com/track/4SqWKzw0CbA05TGszDgMlc,38,41.714285714285715,7,0.6356267239355263
Morocco,2021-12-13,Do It To It,"ACRAZE, Cherish",https://open.spotify.com/track/20on25jryn53hWghthWWW3,8,10.571428571428571,7,0.6355917209019073
Belgium,2021-12-13,Coming for You (feat. A1 x J1),SwitchOTR,https://open.spotify.com/track/1xIqDFx3KdByBnKMlTECcM,10,10.714285714285714,7,0.6355205906094025
Hungary,2021-12-13,The Perfect Girl,Mareux,https://open.spotify.com/track/5RBOcBpJXaNnHCGViJmYhh,28,31.666666666666668,6,0.635450166489973
Iceland,2021-12-13,Own Brand Freestyle,"FelixThe1st, Dreya Mac, Finch Fetti",https://open.spotify.com/track/6Jzdxguk63s6CVVXHIrQ0x,13,17.142857142857142,7,0.6354273016958917
Honduras,2021-12-13,Se Van,"Johnny Ventura, Roberto Del Castillo, Jandy Ventura",https://open.spotify.com/track/1pYz64o0L2KOVW4l8Sftk8,3,9.0,7,0.6352502004344518
Saudi Arabia,2021-12-13,Notion,The Rare Occasions,https://open.spotify.com/track/0sTlGEld0h8kIPZaKDYUf4,12,18.285714285714285,7,0.6352147222141705
Mexico,2021-12-13,Cpr,cupcakKe,https://open.spotify.com/track/35mBYyB61qTcGGj7MXIRM1,17,17.714285714285715,7,0.6351989042876726
Honduras,2021-12-13,A Quién Vas a Amar Más Que a Mí,Vicente Fernández,https://open.spotify.com/track/1IV8PlSxx5PUiaxKwVrlg9,27,38.5,6,0.6351672914595529
Singapore,2021-12-13,I AM WOMAN,Emmy Meli,https://open.spotify.com/track/3nOz1U41SZZ0N3fuUWr9nb,8,8.714285714285714,7,0.6351504840714983
Norway,2021-12-13,Pope Is a Rockstar,SALES,https://open.spotify.com/track/0So2sgVa8aJiARPl2P29u2,3,4.857142857142857,7,0.6349329804189582
Dominican Republic,2021-12-13,Nostálgico,"Rvssian, Rauw Alejandro, Chris Brown",https://open.spotify.com/track/2BEcap3xJtmiPaHKyfQi4e,29,39.142857142857146,7,0.6348924586927462
Philippines,2021-12-13,Habang Buhay,Zack Tabudlo,https://open.spotify.com/track/63bmIgH9sS6sX5Sc7MetGq,19,21.428571428571427,7,0.6348921184264322
Dominican Republic,2021-12-13,All Too Well (10 Minute Version) (Taylor's Version) (From The Vault),Taylor Swift,https://open.spotify.com/track/5enxwA8aAbwZbf5qCHORXi,18,32.142857142857146,7,0.634876135842636
Mexico,2021-12-13,"No Tengo Hambre, Tengo Ansiedad",Alan Sutton y las criaturitas de la ansiedad,https://open.spotify.com/track/0kqWb82ACdjcObDqDqD0zg,20,21.857142857142858,7,0.6348475340623311
Costa Rica,2021-12-13,Cold Heart - PNAU Remix,"Elton John, Dua Lipa",https://open.spotify.com/track/7rglLriMNBPAyuJOMGwi39,16,19.571428571428573,7,0.6346905767460601
Singapore,2021-12-13,Mirror Mirror,"F.HERO, MILLI, Changbin of Stray Kids",https://open.spotify.com/track/59WuWdDH06AYXgdoMENEa3,36,43.285714285714285,7,0.6346884622598876
Peru,2021-12-13,No se habla de Bruno,"Carolina Gaitán - La Gaita, Mauro Castillo, Daniela Sierra, Juanse Diez, Isabel Garcés, Olga Lucía Vives, Encanto - Elenco",https://open.spotify.com/track/5QKk5N5xJQGsWMhPM80Kfv,3,4.428571428571429,7,0.6346789861519534
Iceland,2021-12-13,Aumingi með Bónuspoka,Dr. Gunni,https://open.spotify.com/track/2TwrUQObMK4S2cJA6Ub7FF,36,41.285714285714285,7,0.6346456517056032
South Africa,2021-12-13,"Sithi Shwi (feat. Big Zulu, DJ Maphorisa & Kabza De Small)",Young Stunna,https://open.spotify.com/track/4tYw8LJySmSEopvN1AknXv,28,30.0,7,0.6343941103297004
Germany,2021-12-13,Pope Is a Rockstar,SALES,https://open.spotify.com/track/0So2sgVa8aJiARPl2P29u2,12,13.857142857142858,7,0.634392740854749
Ireland,2021-12-13,Seventeen Going Under,Sam Fender,https://open.spotify.com/track/5rF6YUIlgiat22OT1lWspJ,20,24.428571428571427,7,0.6343025207188687
Thailand,2021-12-13,I Love You So,The Walters,https://open.spotify.com/track/4SqWKzw0CbA05TGszDgMlc,22,24.142857142857142,7,0.6342821437333149
Colombia,2021-12-13,Medallo,"Blessd, Justin Quiles, Lenny Tavárez",https://open.spotify.com/track/6lX6l7OuA3qrnIRfdsr0dw,9,12.857142857142858,7,0.634235998153538
Spain,2021-12-13,Coming for You (feat. A1 x J1),SwitchOTR,https://open.spotify.com/track/1xIqDFx3KdByBnKMlTECcM,17,20.428571428571427,7,0.6339329492033693
Mexico,2021-12-13,Pope Is a Rockstar,SALES,https://open.spotify.com/track/0So2sgVa8aJiARPl2P29u2,10,15.6,5,0.6339312723885742
South Africa,2021-12-13,66,"Felo Le Tee, Myztro",https://open.spotify.com/track/1b4kqxvf4kFuB7ACj9Lvve,25,27.714285714285715,7,0.6338709705005512
Panama,2021-12-13,Chicken Noodle Soup (feat. Becky G),j-hope,https://open.spotify.com/track/2y6Ty2NPAsP84XJAtzLxuk,25,31.5,4,0.6336889366476125
Indonesia,2021-12-13,Heat Waves Slowed Reverb,Farizki,https://open.spotify.com/track/5fQktIRonwXwj9IVTQ3Z3f,25,27.857142857142858,7,0.6336346922997282
Hungary,2021-12-13,Ajándék,Paulina,https://open.spotify.com/track/33xrhC6KmGnt4pemTc2yiv,14,18.428571428571427,7,0.6335952030999998
Poland,2021-12-13,Do It To It,"ACRAZE, Cherish",https://open.spotify.com/track/20on25jryn53hWghthWWW3,19,22.857142857142858,7,0.6335379351775684
Dominican Republic,2021-12-13,Si Te Interesa,Beéle,https://open.spotify.com/track/3cuxPiF5W1ID8R5Mmr36gS,19,26.285714285714285,7,0.6334558698792765
El Salvador,2021-12-13,Do It To It,"ACRAZE, Cherish",https://open.spotify.com/track/20on25jryn53hWghthWWW3,6,11.285714285714286,7,0.6331684993232893
Singapore,2021-12-13,if depression gets the best of me,Zevia,https://open.spotify.com/track/1UHATOi2uLeTk3UHKBwR30,26,32.285714285714285,7,0.6323753333379337
Ireland,2021-12-13,"30/90 (from ""tick, tick... BOOM!"" Soundtrack from the Netflix Film)","Andrew Garfield, Joshua Henry, Vanessa Hudgens, Robin de Jesus, Alexandra Shipp, MJ Rodriguez",https://open.spotify.com/track/55MIRLbZzpYSmMlRt9ZDWM,7,9.285714285714286,7,0.6323408931503883
Brazil,2021-12-13,Tantos Planos,Brocasito,https://open.spotify.com/track/1uyFfj0TJLQTFxqtrt7ArV,36,41.714285714285715,7,0.6321934633218992
Turkey,2021-12-13,Sahara,Hensonn,https://open.spotify.com/track/6nqdgUTiWt4JbABDurkxMI,19,23.857142857142858,7,0.6319492205765866
United States,2021-12-13,abcdefu (angrier),GAYLE,https://open.spotify.com/track/1EQFOouqdKYdpbNoOHRVO2,11,11.285714285714286,7,0.6313956846407097
Guatemala,2021-12-13,Infinity,Jaymes Young,https://open.spotify.com/track/1SOClUWhOi8vHZYMz3GluK,10,17.714285714285715,7,0.6313489680077337
Ukraine,2021-12-13,СОЛНЦЕ МОНАКО,Lusia Chebotina,https://open.spotify.com/track/5YDBHDEIgWkfairCJgGApW,25,27.142857142857142,7,0.6313111849907693
Guatemala,2021-12-13,Si Te Pudiera Mentir,Calibre 50,https://open.spotify.com/track/3p6eieHX6oEOzJStPtEsLu,33,39.57142857142857,7,0.6305671518415497
South Africa,2021-12-13,Ses Jagers,"Justin Vega, Early B",https://open.spotify.com/track/3cZoOqZJ4xr9kvyTmFhjzs,28,38.142857142857146,7,0.6305508350766124
Bulgaria,2021-12-13,Nothing,Bruno Major,https://open.spotify.com/track/2IAR0DziHCjSu16gR4ihvy,27,28.285714285714285,7,0.6304879487804933
Hungary,2021-12-13,Könnyű,Analog Balaton,https://open.spotify.com/track/5KVuNOOtl00SSFkIiUP3sy,16,22.285714285714285,7,0.630480890775363
Ecuador,2021-12-13,Toxic,BoyWithUke,https://open.spotify.com/track/2gQPv5jvVPqU2a9HhMNO1v,19,21.857142857142858,7,0.6302199034761643
Greece,2021-12-13,Two Birds,Regina Spektor,https://open.spotify.com/track/2n0U2OG5d6TuW5mKx7YrC0,19,25.571428571428573,7,0.6300982601914997
Uruguay,2021-12-13,Bienvenidas Al Party (Rkt),Pusho DJ,https://open.spotify.com/track/0mBjTFpXQAijhLE9rRoFUH,20,26.428571428571427,7,0.6298767053660155
Slovakia,2021-12-13,Sahara,Hensonn,https://open.spotify.com/track/6nqdgUTiWt4JbABDurkxMI,24,27.0,7,0.6298159985078403
Indonesia,2021-12-13,What Lies Ahead,Joe Layne,https://open.spotify.com/track/3fg4SAOPo2hipn7Nmj1m7N,5,6.428571428571429,7,0.6298051905392811
Peru,2021-12-13,The Perfect Girl,Mareux,https://open.spotify.com/track/5RBOcBpJXaNnHCGViJmYhh,18,20.0,6,0.6296765438835467
Austria,2021-12-13,Just A Little While,The 502s,https://open.spotify.com/track/3CL0eXel8usNNSCQ6OT7KJ,20,28.6,5,0.6294494045361428
Russia,2021-12-13,Move Your Body,"Öwnboss, Sevek",https://open.spotify.com/track/6GomT970rCOkKAyyrwJeZi,3,4.142857142857143,7,0.6294201424079484
Estonia,2021-12-13,Meeletu,Maian,https://open.spotify.com/track/70JCZKuklFxIO35GNZCZbj,16,18.714285714285715,7,0.6291390217765451
Dominican Republic,2021-12-13,Ayer y Hoy,Julio Jaramillo,https://open.spotify.com/track/58J23cD4zeeidroDepVhX7,33,38.666666666666664,6,0.6288358449345149
Indonesia,2021-12-13,Own Brand Freestyle,"FelixThe1st, Dreya Mac, Finch Fetti",https://open.spotify.com/track/6Jzdxguk63s6CVVXHIrQ0x,5,6.285714285714286,7,0.6287936808409528
Denmark,2021-12-13,Pope Is a Rockstar,SALES,https://open.spotify.com/track/0So2sgVa8aJiARPl2P29u2,7,7.571428571428571,7,0.6286479827133358
Honduras,2021-12-13,Toxic,BoyWithUke,https://open.spotify.com/track/2gQPv5jvVPqU2a9HhMNO1v,18,24.571428571428573,7,0.6286325748587324
Hong Kong,2021-12-13,Super Max!,Pitstop Boys,https://open.spotify.com/track/4gqOzJPGNCvEnS1u5YHOkp,6,7.0,4,0.6284459481940522
Ireland,2021-12-13,Shiko,"Gehlektek, TakaTuka",https://open.spotify.com/track/011dWhYZyNEITebRXv3ARB,8,9.142857142857142,7,0.6282106098039495
Greece,2021-12-13,Cpr,cupcakKe,https://open.spotify.com/track/35mBYyB61qTcGGj7MXIRM1,23,24.142857142857142,7,0.6281808087787589
Hungary,2021-12-13,Enemy (with JID) - from the series Arcane League of Legends,Imagine Dragons,https://open.spotify.com/track/1r9xUipOqoNwggBpENDsvJ,14,15.0,7,0.6281207694692241
Latvia,2021-12-13,Own Brand Freestyle,"FelixThe1st, Dreya Mac, Finch Fetti",https://open.spotify.com/track/6Jzdxguk63s6CVVXHIrQ0x,21,27.285714285714285,7,0.6280349692475465
Philippines,2021-12-13,Happier Than Ever,ASTN,https://open.spotify.com/track/7es56D0QedGMsK39wl2yFX,7,8.428571428571429,7,0.6277203659159833
Taiwan,2021-12-13,Limousine (Feat. MINO) (Prod. GRAY),BE'O,https://open.spotify.com/track/5g2Ik0WJG9rqu97nCLcQhV,3,4.142857142857143,7,0.6277059851785777
Vietnam,2021-12-13,I AM WOMAN,Emmy Meli,https://open.spotify.com/track/3nOz1U41SZZ0N3fuUWr9nb,11,19.428571428571427,7,0.6276673869893437
El Salvador,2021-12-13,la rica boa,DJ BULBO,https://open.spotify.com/track/5f1NXTAbZEMe0jfBZ67uqX,19,27.571428571428573,7,0.6274962718249759
El Salvador,2021-12-13,A Mi Manera - En Vivo [Un Azteca en el Azteca],Vicente Fernández,https://open.spotify.com/track/78fl7FwLL7HK60Oa6xg4Ng,22,31.4,5,0.6274082489171268
Portugal,2021-12-13,Alien Blues,Vundabar,https://open.spotify.com/track/6UjeFOCGYgMpBUtqKg1Je3,14,16.142857142857142,7,0.6272696476211734
Latvia,2021-12-13,MIDDLE OF THE NIGHT,Elley Duhé,https://open.spotify.com/track/58HvfVOeJY7lUuCqF0m3ly,8,9.714285714285714,7,0.6272132458070554
Guatemala,2021-12-13,Es Que Me Gustas - En Vivo,Los 2 de la S,https://open.spotify.com/track/6nyl8kugrRsjzvpFhvw4hE,11,18.0,7,0.6270106208748486
Mexico,2021-12-13,Taca a Xereca pra Mim,MC Kaique da VP,https://open.spotify.com/track/2GqCEJpzmD81AJ2H0Hyz5T,5,7.0,7,0.6269448117118029
Hong Kong,2021-12-13,年青有為,"Feng Ze, Edan 呂爵安",https://open.spotify.com/track/5dhzpjvwo4tkSuUS7otPoF,11,13.428571428571429,7,0.6267315476951945
El Salvador,2021-12-13,Ya Supérame (En Vivo),Grupo Firme,https://open.spotify.com/track/6HIIuuUIEzH1meVdGbMXyf,31,42.42857142857143,7,0.6266946424242251
Singapore,2021-12-13,LOST IN PARADISE,"ALI, AKLO",https://open.spotify.com/track/7kRKlFCFLAUwt43HWtauhX,26,29.428571428571427,7,0.6266219822421809
Czech Republic,2021-12-13,Stíny,Viktor Sheen,https://open.spotify.com/track/0J3SIAOndpL1MS2Vq2RMQ9,4,6.0,7,0.6266151030665621
El Salvador,2021-12-13,Los Malvekes,"Cris Mj, Marcianeke, Simon la Letra, Stars Music Chile",https://open.spotify.com/track/1AnJQd8TfkhK6M3VgZDVv1,6,10.142857142857142,7,0.6266062010333029
Panama,2021-12-13,Convéncete,Princesa Alba,https://open.spotify.com/track/5UyH584f99c7qErZifyaHy,22,29.333333333333332,3,0.626535196533539
Colombia,2021-12-13,Tú Si,"LEGEND EFFECT, El Gerard, Gaby, Dj Jac",https://open.spotify.com/track/4uQfxiinJRGY8wo6lXcXZ9,8,8.142857142857142,7,0.6264646988846144
Denmark,2021-12-13,Super Idol - Remix,Samstring,https://open.spotify.com/track/5t07RuwZAUBBnF2tWKwgmP,3,3.0,7,0.626294346406204
Greece,2021-12-13,Moth To A Flame (with The Weeknd),Swedish House Mafia,https://open.spotify.com/track/2gpWyfu7eZ01zzncHpxOtA,13,15.428571428571429,7,0.6247633713431122
Bolivia,2021-12-13,Two Birds,Regina Spektor,https://open.spotify.com/track/2n0U2OG5d6TuW5mKx7YrC0,23,28.571428571428573,7,0.6245932079641751
Malaysia,2021-12-13,abcdefu (angrier),GAYLE,https://open.spotify.com/track/1EQFOouqdKYdpbNoOHRVO2,18,22.0,7,0.6245842224482757
Portugal,2021-12-13,Happier Than Ever,ASTN,https://open.spotify.com/track/7es56D0QedGMsK39wl2yFX,13,15.714285714285714,7,0.6245570659025603
Latvia,2021-12-13,Notion,The Rare Occasions,https://open.spotify.com/track/0sTlGEld0h8kIPZaKDYUf4,7,9.428571428571429,7,0.6244324763080413
Greece,2021-12-13,TrapLife,"FLY LO, Mike G",https://open.spotify.com/track/5aFybnjLrxe6E88i63IyK4,38,41.4,5,0.6243816479088407
Saudi Arabia,2021-12-13,4:00A.M.,Taeko Onuki,https://open.spotify.com/track/0zoGVO4bQXG8U6ChKwNgeg,17,26.857142857142858,7,0.6243649238100454
Ecuador,2021-12-13,Un Millón de Primaveras,Vicente Fernández,https://open.spotify.com/track/6j5LtifAnuTjTYvml61yFZ,20,28.333333333333332,6,0.6243513829485183
Latvia,2021-12-13,Touch the Sky,"Ollane, MiyaGi",https://open.spotify.com/track/3CcmGNUCMi8sdk31vDAQVA,34,40.42857142857143,7,0.6238294058161065
Poland,2021-12-13,Rozmazana kreska,Kinny Zimmer,https://open.spotify.com/track/5Dwpfuw962xZq6mNg8OgzN,2,2.142857142857143,7,0.6236560316541604
Lithuania,2021-12-13,Super Max!,Pitstop Boys,https://open.spotify.com/track/4gqOzJPGNCvEnS1u5YHOkp,22,29.2,5,0.6232394236719364
Singapore,2021-12-13,We Don't Talk About Bruno,"Carolina Gaitán - La Gaita, Mauro Castillo, Adassa, Rhenzy Feliz, Diane Guerrero, Stephanie Beatriz, Encanto - Cast",https://open.spotify.com/track/52xJxFP6TqMuO4Yt0eOkMz,12,13.428571428571429,7,0.6232148569077961
Paraguay,2021-12-13,Ayer y Hoy,Julio Jaramillo,https://open.spotify.com/track/58J23cD4zeeidroDepVhX7,28,30.428571428571427,7,0.6229448843287391
United Kingdom,2021-12-13,"30/90 (from ""tick, tick... BOOM!"" Soundtrack from the Netflix Film)","Andrew Garfield, Joshua Henry, Vanessa Hudgens, Robin de Jesus, Alexandra Shipp, MJ Rodriguez",https://open.spotify.com/track/55MIRLbZzpYSmMlRt9ZDWM,6,7.428571428571429,7,0.6229327721377633
Iceland,2021-12-13,Alien Blues,Vundabar,https://open.spotify.com/track/6UjeFOCGYgMpBUtqKg1Je3,17,23.285714285714285,7,0.6228141899171091
Paraguay,2021-12-13,Salimo de Noche,"Tiago PZK, Trueno",https://open.spotify.com/track/6P096SaOzrgGxs8NWOfX7M,25,28.142857142857142,7,0.6224151126876
Dominican Republic,2021-12-13,Súbelo,"Anuel AA, Myke Towers, Jhay Cortez",https://open.spotify.com/track/3xv8JksRyqHa1lwkM9xvJf,7,9.428571428571429,7,0.6220472202777049
Peru,2021-12-13,Medallo,"Blessd, Justin Quiles, Lenny Tavárez",https://open.spotify.com/track/6lX6l7OuA3qrnIRfdsr0dw,19,21.571428571428573,7,0.6220031241019104
Portugal,2021-12-13,TU JOGA PRA TRAS TU ENCOSTA ENCOSTA vs NO PIQUE BBB - DJ DN O ASTRO Remix,"DJ Dn o Astro, Mc Mascara, Mc Rodrigo do CN",https://open.spotify.com/track/40ZZ1ZlfyNuDHgzjlxiTHC,6,8.714285714285714,7,0.6219297467176003
Bulgaria,2021-12-13,Я буду ебать,"Moreart, IHI",https://open.spotify.com/track/3lFrFQcZWPLa8WEG7xoc4b,30,35.0,7,0.62177842510385
El Salvador,2021-12-13,Nothing,Bruno Major,https://open.spotify.com/track/2IAR0DziHCjSu16gR4ihvy,19,25.285714285714285,7,0.621439322999772
Ecuador,2021-12-13,Cpr,cupcakKe,https://open.spotify.com/track/35mBYyB61qTcGGj7MXIRM1,10,15.571428571428571,7,0.6214271991353202
Costa Rica,2021-12-13,Viva Saprissa!!,La Ultra Morada - La S,https://open.spotify.com/track/10fQGdT8AwQSo0ZbOyXeXe,7,10.142857142857142,7,0.62137314754172
Egypt,2021-12-13,300 Mara,Dabbour,https://open.spotify.com/track/7fvxQ3iXBgBk950har4J77,34,37.42857142857143,7,0.6210237105211021
Bolivia,2021-12-13,Amapolas - Remix,"Leo Rizzi, Danny Ocean",https://open.spotify.com/track/44QxiGlmeSpF8boud04Rkc,13,22.428571428571427,7,0.6210226256148731
Guatemala,2021-12-13,Mujeres Divinas,Vicente Fernández,https://open.spotify.com/track/2PxGGRmj5yunYdNF2Ud2vm,13,19.333333333333332,6,0.6208427839562451
Peru,2021-12-13,Chiquitita,"Patrick Romantik, Hnos Yaipen, Erick Elera",https://open.spotify.com/track/0betY4GqNwj5KrvsUPs0RM,31,37.285714285714285,7,0.6207871871941728
Nicaragua,2021-12-13,Enemy (with JID) - from the series Arcane League of Legends,Imagine Dragons,https://open.spotify.com/track/1r9xUipOqoNwggBpENDsvJ,5,10.0,7,0.6205903724828286
Panama,2021-12-13,Cold Heart - PNAU Remix,"Elton John, Dua Lipa",https://open.spotify.com/track/7rglLriMNBPAyuJOMGwi39,25,28.0,7,0.6205125751767634
United Kingdom,2021-12-13,Pope Is a Rockstar,SALES,https://open.spotify.com/track/0So2sgVa8aJiARPl2P29u2,11,13.428571428571429,7,0.6203817454986229
France,2021-12-13,Pope Is a Rockstar,SALES,https://open.spotify.com/track/0So2sgVa8aJiARPl2P29u2,15,25.5,6,0.6203290376434855
Portugal,2021-12-13,TO THE MOON,Jnr Choi,https://open.spotify.com/track/0hYFc3HSZHDaDzquLVRwBH,9,9.0,1,0.6201414508488517
Ukraine,2021-12-13,Alien Blues,Vundabar,https://open.spotify.com/track/6UjeFOCGYgMpBUtqKg1Je3,15,20.0,7,0.6200077550884584
Peru,2021-12-13,Fall in Love with You.,Montell Fish,https://open.spotify.com/track/31MQR9rOHRXyg4J01hRY1h,16,17.0,6,0.6199809183792757
Israel,2021-12-13,Swimming Pool,Marie Madeleine,https://open.spotify.com/track/3BMqVk2NJbH4fxf84e8kDC,15,22.333333333333332,6,0.6198483789611906
Italy,2021-12-13,Swimming Pool,Marie Madeleine,https://open.spotify.com/track/3BMqVk2NJbH4fxf84e8kDC,7,8.4,5,0.6198110365095701
Thailand,2021-12-13,คนไกล,Patrickananda,https://open.spotify.com/track/63VOJDNJ3a5dve74kzWVcF,22,24.714285714285715,7,0.6197604929177656
Romania,2021-12-13,BALI,"Mobtrap, Amuly",https://open.spotify.com/track/3hoCtPKGTfEtVnQfpsBEUz,17,22.285714285714285,7,0.6197200313870072
Australia,2021-12-13,We Don't Talk About Bruno,"Carolina Gaitán - La Gaita, Mauro Castillo, Adassa, Rhenzy Feliz, Diane Guerrero, Stephanie Beatriz, Encanto - Cast",https://open.spotify.com/track/52xJxFP6TqMuO4Yt0eOkMz,4,4.285714285714286,7,0.6196249866227342
Morocco,2021-12-13,Sucré Salé,L'morphine,https://open.spotify.com/track/4zYbjpZN7B298nBrKbXeyr,22,24.714285714285715,7,0.6195891643609894
Portugal,2021-12-13,Chandelier,Will Paquin,https://open.spotify.com/track/3REELyDyt5SPKX2387Zubv,14,18.0,7,0.6192298344714359
Hong Kong,2021-12-13,反對無效,MC 張天賦,https://open.spotify.com/track/2P5Eeh29qJrYa1T27cdL3B,14,15.857142857142858,7,0.6189489095946241
Romania,2021-12-13,Biliard,"LilCagula, NL Moxxie",https://open.spotify.com/track/5AE0pXOUeBM4HfTb3Bqk3p,16,20.857142857142858,7,0.6185578603799003
Ecuador,2021-12-13,Lo Siento BB:/ (with Bad Bunny & Julieta Venegas),Tainy,https://open.spotify.com/track/4gzsuuZypVbxs0Af1LSZyB,32,35.714285714285715,7,0.6185217048737008
Latvia,2021-12-13,Limuzīns Uz Krīta,Citi Zēni,https://open.spotify.com/track/629jErpkObPMEd4aUqPvew,23,29.571428571428573,7,0.6184857000791272
Vietnam,2021-12-13,On the Low,Justin Park,https://open.spotify.com/track/4MIKclDDgZgzuaATP5yOjW,10,19.75,4,0.6182523620513912
Turkey,2021-12-13,Madam,"Arman322, Yağız jr",https://open.spotify.com/track/5AZshLaYQhw0MSzdufIwmF,7,7.285714285714286,7,0.6182037909006701
El Salvador,2021-12-13,Tacones Rojos,Sebastian Yatra,https://open.spotify.com/track/0Be7sopyKMv8Y8npsUkax2,8,10.428571428571429,7,0.618001764419399
Dominican Republic,2021-12-13,A Veces,"Corina Smith, Arcangel",https://open.spotify.com/track/3aZx00h5NlPzmfTPuVplJ5,22,32.57142857142857,7,0.6178103729789745
Ukraine,2021-12-13,Jam,Sobakka,https://open.spotify.com/track/70NM4UTOdDyUj8wJ0oJJev,14,18.571428571428573,7,0.6177541468402842
Turkey,2021-12-13,Swimming Pool,Marie Madeleine,https://open.spotify.com/track/3BMqVk2NJbH4fxf84e8kDC,10,11.714285714285714,7,0.617708913481599
Paraguay,2021-12-13,Notion,The Rare Occasions,https://open.spotify.com/track/0sTlGEld0h8kIPZaKDYUf4,14,16.142857142857142,7,0.6176118330507127
Thailand,2021-12-13,ฉันตกหลุมรักเธอตั้งแต่แรกเจอ,"Jay Daday, Mine",https://open.spotify.com/track/69qL85C6kzXqhLLunNT84k,12,13.571428571428571,7,0.6174783352760529
Estonia,2021-12-13,Used to This,"Wilkinson, Issey Cross",https://open.spotify.com/track/6IlL9Xlnm0Oq6wXSe6TH9v,18,25.571428571428573,7,0.6174107532573662
Bolivia,2021-12-13,Nothing,Bruno Major,https://open.spotify.com/track/2IAR0DziHCjSu16gR4ihvy,14,18.857142857142858,7,0.6173940848874154
Malaysia,2021-12-13,Ragu,Rizky Febian,https://open.spotify.com/track/6EfM9gZnVkp3f13ifmOOz8,9,12.285714285714286,7,0.6173850326140955
Latvia,2021-12-13,Вороны,Xcho,https://open.spotify.com/track/1eQc0azOMOv6VuqQi9c2Ba,24,30.333333333333332,6,0.6173104329127951
Uruguay,2021-12-13,Salimo de Noche,"Tiago PZK, Trueno",https://open.spotify.com/track/6P096SaOzrgGxs8NWOfX7M,23,26.428571428571427,7,0.6171914149158461
Panama,2021-12-13,Daechwita,Agust D,https://open.spotify.com/track/1Y7AZ3akqDipAyo6mmOQTy,16,22.0,4,0.6170343880841782
Slovakia,2021-12-13,Super Idol - Remix,Samstring,https://open.spotify.com/track/5t07RuwZAUBBnF2tWKwgmP,40,44.42857142857143,7,0.6169361144401758
South Korea,2021-12-13,명사수,Jung Sangsoo,https://open.spotify.com/track/1xAMWDyAOH1QflfR5lw0aG,21,27.666666666666668,6,0.6168330132284014
Uruguay,2021-12-13,BAR (Pasame la botella) - Remix,"Cele Arrabal, DJ Kuff",https://open.spotify.com/track/58AMDk994wqLOM1p5ixQvk,13,24.2,5,0.616736880168021
Poland,2021-12-13,LOUDA,"MASNY BEN, mgng",https://open.spotify.com/track/4AHLYdPB19GLS2UUBaOCy3,5,5.428571428571429,7,0.6165310343280197
Switzerland,2021-12-13,DTB,Merczz,https://open.spotify.com/track/6BoXckigjvnIAZVQV6lELq,10,10.857142857142858,7,0.6164472775124938
Italy,2021-12-13,The Perfect Girl,Mareux,https://open.spotify.com/track/5RBOcBpJXaNnHCGViJmYhh,18,21.5,6,0.6164451442711332
Romania,2021-12-13,Niciun Glonț Nu Doare Cât Dragostea,Killa Fonic,https://open.spotify.com/track/4uW2VwxS4K9D22JLJd38ym,30,35.714285714285715,7,0.6164350986460144
Slovakia,2021-12-13,IN THE CLUB,Mishashi Sensei,https://open.spotify.com/track/7vX0rvoGneCCOJ2QPruNNZ,28,32.57142857142857,7,0.6163064902177542
Luxembourg,2021-12-13,D O D O,Tayc,https://open.spotify.com/track/7fWotHT92my4vLN713vFTa,5,6.857142857142857,7,0.6162147136159913
Mexico,2021-12-13,Enemy - From the series Arcane League of Legends,Imagine Dragons,https://open.spotify.com/track/5UlnuulVAVmmesw4VzqHdG,24,25.571428571428573,7,0.6162046720789511
Philippines,2021-12-13,Own Brand Freestyle,"FelixThe1st, Dreya Mac, Finch Fetti",https://open.spotify.com/track/6Jzdxguk63s6CVVXHIrQ0x,11,12.142857142857142,7,0.6161690727998811
Slovakia,2021-12-13,Este stale som tu ja,Pavol Habera,https://open.spotify.com/track/7z3XQE1QZey1RrJKNLnSQG,17,25.857142857142858,7,0.6161526412816974
United Arab Emirates,2021-12-13,Super Max!,Pitstop Boys,https://open.spotify.com/track/4gqOzJPGNCvEnS1u5YHOkp,20,28.666666666666668,6,0.6157669440241411
Singapore,2021-12-13,Surface Pressure,Jessica Darrow,https://open.spotify.com/track/760jhRscwGbIIe1m1IIQpU,15,17.714285714285715,7,0.6156062815293959
Thailand,2021-12-13,Style,Taylor Swift,https://open.spotify.com/track/0ug5NqcwcFR2xrfTkc7k8e,23,24.571428571428573,7,0.6155748003907822
Costa Rica,2021-12-13,Ragga Tonseh,"Navigator, Betzabeth, Samir Guerrero, Hamilton, Young F.",https://open.spotify.com/track/3GIztUwYv503efVuJLvz0Y,10,14.5,6,0.61556917480217
Latvia,2021-12-13,Do It To It,"ACRAZE, Cherish",https://open.spotify.com/track/20on25jryn53hWghthWWW3,9,10.857142857142858,7,0.6152595021251062
Morocco,2021-12-13,Alien Blues,Vundabar,https://open.spotify.com/track/6UjeFOCGYgMpBUtqKg1Je3,28,32.833333333333336,6,0.61520032587236
Peru,2021-12-13,Chandelier,Will Paquin,https://open.spotify.com/track/3REELyDyt5SPKX2387Zubv,19,21.0,7,0.6150877622198601
Costa Rica,2021-12-13,Cpr,cupcakKe,https://open.spotify.com/track/35mBYyB61qTcGGj7MXIRM1,9,18.285714285714285,7,0.6150668766720011
United Arab Emirates,2021-12-13,Cpr,cupcakKe,https://open.spotify.com/track/35mBYyB61qTcGGj7MXIRM1,10,11.428571428571429,7,0.6149716631461488
Australia,2021-12-13,Surface Pressure,Jessica Darrow,https://open.spotify.com/track/760jhRscwGbIIe1m1IIQpU,5,5.428571428571429,7,0.6148206807900574
Portugal,2021-12-13,Quinto Degrau,Nivy,https://open.spotify.com/track/3FmdH6c6eh2fQZ0UNwuVMz,6,8.571428571428571,7,0.6148078137176638
Costa Rica,2021-12-13,4:00A.M.,Taeko Onuki,https://open.spotify.com/track/0zoGVO4bQXG8U6ChKwNgeg,20,26.0,7,0.6147401158878872
Estonia,2021-12-13,Own Brand Freestyle,"FelixThe1st, Dreya Mac, Finch Fetti",https://open.spotify.com/track/6Jzdxguk63s6CVVXHIrQ0x,17,23.714285714285715,7,0.614261754241087
Brazil,2021-12-13,Own Brand Freestyle,"FelixThe1st, Dreya Mac, Finch Fetti",https://open.spotify.com/track/6Jzdxguk63s6CVVXHIrQ0x,13,14.285714285714286,7,0.6141757196560662
Greece,2021-12-13,Cc,Light,https://open.spotify.com/track/07qyw1D9R324YyFNZGUUdl,30,30.0,1,0.6139438726391948
Austria,2021-12-13,Afterglow,"Bisken, LVNA",https://open.spotify.com/track/3ymoAJAHHNXQvEgeQOpI6r,32,42.142857142857146,7,0.6136150761825468
Iceland,2021-12-13,Það á að gefa börnum brauð,"Rock Paper Sisters, Eythor Ingi",https://open.spotify.com/track/1wtUbUzb1kbiEsIeRCl2V4,22,22.0,1,0.6132687815053508
Nicaragua,2021-12-13,A La Antigüita,Calibre 50,https://open.spotify.com/track/798ahLNEcoFER7Vywg1FMT,18,29.571428571428573,7,0.6132608614806027
Morocco,2021-12-13,Cœur de pirate,"Le classico organisé, Elams, Naza, Tayc, Jul, Vegedream, Naps, Lynda, SAF, THABITI",https://open.spotify.com/track/2InKuNaoyiBDf4dmr780BZ,27,38.57142857142857,7,0.6132525325788629
Argentina,2021-12-13,MIDDLE OF THE NIGHT,Elley Duhé,https://open.spotify.com/track/58HvfVOeJY7lUuCqF0m3ly,12,12.142857142857142,7,0.6128868030569965
Canada,2021-12-13,My Humps,"Joshwa, Lee Foss",https://open.spotify.com/track/5WoBAyXaOnKEfvsZocrPeT,28,32.285714285714285,7,0.6128849198438653
Luxembourg,2021-12-13,Time Time,"Trei Degete, Squeezie, Myd, KronoMuzik",https://open.spotify.com/track/5wKDPtbdggE1roeVp3UdXX,8,15.285714285714286,7,0.6126981655487427
Ireland,2021-12-13,Stay Another Day,East 17,https://open.spotify.com/track/4wYCe9tSmUolNU4WmJKbZy,24,34.57142857142857,7,0.6125553804830736
Argentina,2021-12-13,Funky de Antes,"Letan, Menor",https://open.spotify.com/track/4yMWMZEesltigOANqYkaWo,12,12.857142857142858,7,0.6125426454191026
United Kingdom,2021-12-13,TO THE MOON,Jnr Choi,https://open.spotify.com/track/0hYFc3HSZHDaDzquLVRwBH,2,3.0,5,0.6123554720003032
South Africa,2021-12-13,Coming for You (feat. A1 x J1),SwitchOTR,https://open.spotify.com/track/1xIqDFx3KdByBnKMlTECcM,19,21.571428571428573,7,0.6122965079528694
Ukraine,2021-12-13,all I want is you,"Rebzyyx, hoshie star",https://open.spotify.com/track/7lOvJBqH38ZY59eLU7bioq,26,28.142857142857142,7,0.612269296358335
Honduras,2021-12-13,Notion,The Rare Occasions,https://open.spotify.com/track/0sTlGEld0h8kIPZaKDYUf4,8,13.0,7,0.6122102461993781
Indonesia,2021-12-13,Infinity,Jaymes Young,https://open.spotify.com/track/1SOClUWhOi8vHZYMz3GluK,22,25.142857142857142,7,0.6120392269446172
Romania,2021-12-13,Snakes (from the series Arcane League of Legends),"MIYAVI, PVRIS",https://open.spotify.com/track/7LmyUD78mtwBDzgVV4P5F4,31,36.0,7,0.6120290947626965
El Salvador,2021-12-13,Hermoso Cariño,Vicente Fernández,https://open.spotify.com/track/6UN6W5tj0qrMYV8N9MQMJC,23,29.6,5,0.6120256458776623
Switzerland,2021-12-13,No Wahala,1da Banton,https://open.spotify.com/track/4vHy2IHzf3EabEa7oMpUZB,8,8.142857142857142,7,0.6118502831367565
Thailand,2021-12-13,พิง - เพลงประกอบละคร กระเช้าสีดา,NONT TANONT,https://open.spotify.com/track/6MjLHdROTcaU22k7B6gxR6,37,43.0,7,0.6117248145477651
Hungary,2021-12-13,Pánikrohamok,97inco,https://open.spotify.com/track/7bOkgKaencYDhoXN1pm50G,19,20.285714285714285,7,0.6115489152045552
Slovakia,2021-12-13,Do It To It,"ACRAZE, Cherish",https://open.spotify.com/track/20on25jryn53hWghthWWW3,18,27.0,7,0.6113319882354548
Switzerland,2021-12-13,TO THE MOON,Jnr Choi,https://open.spotify.com/track/0hYFc3HSZHDaDzquLVRwBH,2,3.2857142857142856,7,0.6111174075167967
Hungary,2021-12-13,Jetpack,"Atka, ibbigang, Valter",https://open.spotify.com/track/2ao5FhOUcVpLxa8rWiJCo3,19,21.285714285714285,7,0.611066454514274
Lithuania,2021-12-13,u.,niteboi,https://open.spotify.com/track/0J7oHYxjF6Oln61wy0kP2i,22,24.428571428571427,7,0.61101198762331
Ecuador,2021-12-13,Enemy (with JID) - from the series Arcane League of Legends,Imagine Dragons,https://open.spotify.com/track/1r9xUipOqoNwggBpENDsvJ,8,10.0,7,0.6110059466966252
Philippines,2021-12-13,Pope Is a Rockstar,SALES,https://open.spotify.com/track/0So2sgVa8aJiARPl2P29u2,13,22.428571428571427,7,0.610996084337497
Uruguay,2021-12-13,Monastery,"Ryan Castro, Feid",https://open.spotify.com/track/1JpzJfxjHGFUyTHXLZidok,27,27.0,1,0.6109841530386948
Dominican Republic,2021-12-13,Notion,The Rare Occasions,https://open.spotify.com/track/0sTlGEld0h8kIPZaKDYUf4,11,25.0,7,0.6108495550534957
Panama,2021-12-13,It's Definitely You,"V, JIN",https://open.spotify.com/track/2LowwiemmGMzzNSH1PJprK,13,20.428571428571427,7,0.6106128820494211
Bulgaria,2021-12-13,Cpr,cupcakKe,https://open.spotify.com/track/35mBYyB61qTcGGj7MXIRM1,7,8.428571428571429,7,0.6104237337609345
Luxembourg,2021-12-13,Enemy (with JID) - from the series Arcane League of Legends,Imagine Dragons,https://open.spotify.com/track/1r9xUipOqoNwggBpENDsvJ,9,11.142857142857142,7,0.6104170121033001
Panama,2021-12-13,SAD GIRLZ LUV MONEY Remix (feat. Kali Uchis and Moliy),Amaarae,https://open.spotify.com/track/09gysnJpfQ3ublBmJDfcEC,26,40.142857142857146,7,0.6104143212556802
Hong Kong,2021-12-13,勿念,Yoyo Sham,https://open.spotify.com/track/7jo1ash37IUB5NyviV7ajO,17,22.571428571428573,7,0.6101355860603312
Paraguay,2021-12-13,Amapolas - Remix,"Leo Rizzi, Danny Ocean",https://open.spotify.com/track/44QxiGlmeSpF8boud04Rkc,26,32.42857142857143,7,0.6099855467197204
Japan,2021-12-13,Yours,JIN,https://open.spotify.com/track/10IfXtjKQmOiON7tNAHv0y,1,2.0,7,0.6098948672253062
Mexico,2021-12-13,La Guadalupana,Miriam Solis,https://open.spotify.com/track/3rOfTBXxwF5n2gikwP6s47,10,11.333333333333334,6,0.6095102203164017
Guatemala,2021-12-13,Toxic,BoyWithUke,https://open.spotify.com/track/2gQPv5jvVPqU2a9HhMNO1v,12,15.714285714285714,7,0.6094736604386837
Malaysia,2021-12-13,Enemy (with JID) - from the series Arcane League of Legends,Imagine Dragons,https://open.spotify.com/track/1r9xUipOqoNwggBpENDsvJ,32,34.285714285714285,7,0.6092941504435087
El Salvador,2021-12-13,A Pesar de Todo,Vicente Fernández,https://open.spotify.com/track/6r8rc6IlfHouZoLhmBjRyK,26,33.8,5,0.6092552110477785
Iceland,2021-12-13,SAD GIRLZ LUV MONEY Remix (feat. Kali Uchis and Moliy),Amaarae,https://open.spotify.com/track/09gysnJpfQ3ublBmJDfcEC,20,25.142857142857142,7,0.6091392727401813
Chile,2021-12-13,Un Nuevo Chile Para Vivir Mejor,"Pilar Soto, David Umaña, Elizabeth Morris",https://open.spotify.com/track/6cMPDTRFHWIVsR6WXXmAnb,4,4.0,1,0.6091137799571037
Taiwan,2021-12-13,我不是刘德华,"新地, 卢克",https://open.spotify.com/track/2bjT1NTpoEeTPxQlqai57c,3,3.0,3,0.6090855268612613
Portugal,2021-12-13,Se Tá Solteira,"FBC, VHOOR, Mac Júlia",https://open.spotify.com/track/6a5JCYemYOR4lta1mzaetS,21,22.285714285714285,7,0.6089464684244537
Indonesia,2021-12-13,DJ BABY DON'T GO - FULL BASS REMIX,DJ Xen,https://open.spotify.com/track/7LHnHZ2T3AyEp4eTk4CF74,24,33.166666666666664,6,0.6087921041513503
Bolivia,2021-12-13,No se habla de Bruno,"Carolina Gaitán - La Gaita, Mauro Castillo, Daniela Sierra, Juanse Diez, Isabel Garcés, Olga Lucía Vives, Encanto - Elenco",https://open.spotify.com/track/5QKk5N5xJQGsWMhPM80Kfv,16,21.285714285714285,7,0.6087754417247179
Luxembourg,2021-12-13,Mit Dir,Sido,https://open.spotify.com/track/2xFMvrqk99biaLQavjufta,8,11.0,7,0.6086226652710444
Honduras,2021-12-13,Taca a Xereca pra Mim,MC Kaique da VP,https://open.spotify.com/track/2GqCEJpzmD81AJ2H0Hyz5T,7,14.857142857142858,7,0.6083510800741151
Ecuador,2021-12-13,4:00A.M.,Taeko Onuki,https://open.spotify.com/track/0zoGVO4bQXG8U6ChKwNgeg,22,26.571428571428573,7,0.608038473917377
France,2021-12-13,Do It To It,"ACRAZE, Cherish",https://open.spotify.com/track/20on25jryn53hWghthWWW3,13,15.857142857142858,7,0.6078840468756436
Honduras,2021-12-13,Yo Quiero Quebrarte,Los Felinos,https://open.spotify.com/track/0Byi0pNpSr0FKDQ8HtMwKY,21,28.833333333333332,6,0.6075718433111787
Dominican Republic,2021-12-13,Convéncete,Princesa Alba,https://open.spotify.com/track/5UyH584f99c7qErZifyaHy,24,36.285714285714285,7,0.6074709353470703
Uruguay,2021-12-13,Noche de Party Vs Calma (Mashup),"Mauri Mansilla, Jupa Necasek, Eme Sarav",https://open.spotify.com/track/6WBbOdNuWzg6HPmnKORzDo,19,25.285714285714285,7,0.607012059777466
Romania,2021-12-13,Sahara,Hensonn,https://open.spotify.com/track/6nqdgUTiWt4JbABDurkxMI,32,37.57142857142857,7,0.6069820989118562
Saudi Arabia,2021-12-13,Die For You,"VALORANT, Grabbitz",https://open.spotify.com/track/2lz3zjQ5QCVXiyOzIk02vW,5,7.285714285714286,7,0.60690802375841
Italy,2021-12-13,"Come, come",Sissi,https://open.spotify.com/track/1NE7ctDmeMclZuMNYY5o3j,15,16.285714285714285,7,0.6068307114150789
Singapore,2021-12-13,Helikopter,Fazlija,https://open.spotify.com/track/3xGOOOPD2HjErQLyRFk5Wf,3,5.571428571428571,7,0.6067714247216149
Iceland,2021-12-13,Geimferðalangur (Lifandi),Frostrósir,https://open.spotify.com/track/5LLrxqwqc8Q8cftLi2fJHd,11,18.0,5,0.6067654234790684
Panama,2021-12-13,Daechwita,Agust D,https://open.spotify.com/track/0H4ugk6rhnXmTl47ayy9O5,20,21.0,3,0.6066945384767444
Vietnam,2021-12-13,Die For You,"VALORANT, Grabbitz",https://open.spotify.com/track/2lz3zjQ5QCVXiyOzIk02vW,4,5.714285714285714,7,0.606651213746192
Saudi Arabia,2021-12-13,مختلفين,محمد عبدالجبار&محمود الشاعري&علي البدر,https://open.spotify.com/track/3ZVfvApOacqaWH6vlcdk3T,33,37.8,5,0.6066481000400281
Malaysia,2021-12-13,Chandelier,Will Paquin,https://open.spotify.com/track/3REELyDyt5SPKX2387Zubv,22,23.857142857142858,7,0.6066429740976822
Estonia,2021-12-13,The Perfect Girl,Mareux,https://open.spotify.com/track/5RBOcBpJXaNnHCGViJmYhh,9,10.5,6,0.6066367907563524
Belgium,2021-12-13,abcdefu,GAYLE,https://open.spotify.com/track/4fouWK6XVHhzl78KzQ1UjL,4,5.0,7,0.6065302902495462
Peru,2021-12-13,Die For You,"VALORANT, Grabbitz",https://open.spotify.com/track/2lz3zjQ5QCVXiyOzIk02vW,6,6.857142857142857,7,0.6064533651678959
Saudi Arabia,2021-12-13,abcdefu (angrier),GAYLE,https://open.spotify.com/track/1EQFOouqdKYdpbNoOHRVO2,32,36.0,7,0.6062981358664387
Morocco,2021-12-13,I AM WOMAN,Emmy Meli,https://open.spotify.com/track/3nOz1U41SZZ0N3fuUWr9nb,13,15.285714285714286,7,0.6060629076899856
Paraguay,2021-12-13,TU JOGA PRA TRAS TU ENCOSTA ENCOSTA vs NO PIQUE BBB - DJ DN O ASTRO Remix,"DJ Dn o Astro, Mc Mascara, Mc Rodrigo do CN",https://open.spotify.com/track/40ZZ1ZlfyNuDHgzjlxiTHC,19,27.0,7,0.605454643405537
Dominican Republic,2021-12-13,Alejarme de Ti,"Eladio Carrion, Jay Wheeler",https://open.spotify.com/track/4YV8COy6CS7PBFHw0AO4pF,9,11.428571428571429,7,0.6053211538923912
Panama,2021-12-13,Súbelo,"Anuel AA, Myke Towers, Jhay Cortez",https://open.spotify.com/track/3xv8JksRyqHa1lwkM9xvJf,31,36.6,5,0.6053042063920402
Vietnam,2021-12-13,"MERRY-GO-ROUND (Feat. Zion.T, Wonstein) (Prod. Slom)",sokodomo,https://open.spotify.com/track/2eLe81VDUQ5f0xFfc9cMWz,4,7.142857142857143,7,0.6048537071983929
Chile,2021-12-13,TITAN,Salastkbron,https://open.spotify.com/track/5fBQLapwAPSLw27STml9kr,10,11.428571428571429,7,0.6046543663691456
Guatemala,2021-12-13,Do It To It,"ACRAZE, Cherish",https://open.spotify.com/track/20on25jryn53hWghthWWW3,16,20.428571428571427,7,0.6045379005579221
Ireland,2021-12-13,Fairytale of New York (feat. Kirsty MacColl),The Pogues,https://open.spotify.com/track/3VTNVsTTu05dmTsVFrmGpK,10,10.857142857142858,7,0.6044635076664812
Latvia,2021-12-13,Enemy (with JID) - from the series Arcane League of Legends,Imagine Dragons,https://open.spotify.com/track/1r9xUipOqoNwggBpENDsvJ,14,18.857142857142858,7,0.6044634530245074
Czech Republic,2021-12-13,The Perfect Girl,Mareux,https://open.spotify.com/track/5RBOcBpJXaNnHCGViJmYhh,17,19.5,6,0.6044233651007279
Colombia,2021-12-13,Own Brand Freestyle,"FelixThe1st, Dreya Mac, Finch Fetti",https://open.spotify.com/track/6Jzdxguk63s6CVVXHIrQ0x,20,22.714285714285715,7,0.6043604343710742
Latvia,2021-12-13,Chandelier,Will Paquin,https://open.spotify.com/track/3REELyDyt5SPKX2387Zubv,12,22.0,7,0.6042668768976959
South Africa,2021-12-13,Swimming Pool,Marie Madeleine,https://open.spotify.com/track/3BMqVk2NJbH4fxf84e8kDC,33,36.333333333333336,3,0.6040818242045178
Nicaragua,2021-12-13,DANCE CRIP,Trueno,https://open.spotify.com/track/1kjs5eR4DMzyB0gm1Z8waV,6,7.857142857142857,7,0.6039802919121549
Lithuania,2021-12-13,Fairytale of New York (feat. Kirsty MacColl),The Pogues,https://open.spotify.com/track/3VTNVsTTu05dmTsVFrmGpK,26,33.8,5,0.6039431480668428
Egypt,2021-12-13,After Dark,Mr.Kitty,https://open.spotify.com/track/0zCgWGmDF0aih5qexATyBn,36,40.285714285714285,7,0.6038649142362719
Peru,2021-12-13,Pope Is a Rockstar,SALES,https://open.spotify.com/track/0So2sgVa8aJiARPl2P29u2,18,27.5,4,0.6036613748310001
South Africa,2021-12-13,Chocolate,"DJ Big Sky, Gipla Spin, Villosoul, Nobantu Vilakazi, Msheke Lezinto",https://open.spotify.com/track/1DS7n0ri5vbVf8DveYSjha,41,42.5,4,0.6036499092167208
Colombia,2021-12-13,Aca Entre Nos,Vicente Fernández,https://open.spotify.com/track/2FDFz5TuYlpP180AUicAcl,17,23.285714285714285,7,0.6035399745914721
Thailand,2021-12-13,Enchanted,Taylor Swift,https://open.spotify.com/track/04S1pkp1VaIqjg8zZqknR5,42,45.714285714285715,7,0.6034649772398292
Sweden,2021-12-13,"Come Whatever, Come What May","My Marianne, Jonathan Johansson",https://open.spotify.com/track/7h6dAktpx3MeQMfqN84JBW,15,16.142857142857142,7,0.6032482138136007
Bulgaria,2021-12-13,Helikopter,Fazlija,https://open.spotify.com/track/3xGOOOPD2HjErQLyRFk5Wf,10,12.0,7,0.6030687455466944
Brazil,2021-12-13,ONDA DO BERIMBAU,"dj eduardo da favela do pó, MC MENOR MT",https://open.spotify.com/track/7ypX1KnSLOXVykk0PnlUfV,5,6.0,3,0.6030489884791521
Bolivia,2021-12-13,Face Off,"Tech N9ne, Joey Cool, King Iso, Dwayne Johnson",https://open.spotify.com/track/6M47gaKejso9772SKTa3yH,31,38.666666666666664,6,0.6029722761924581
Philippines,2021-12-13,We Don't Talk About Bruno,"Carolina Gaitán - La Gaita, Mauro Castillo, Adassa, Rhenzy Feliz, Diane Guerrero, Stephanie Beatriz, Encanto - Cast",https://open.spotify.com/track/52xJxFP6TqMuO4Yt0eOkMz,14,15.285714285714286,7,0.6028896654667688
France,2021-12-13,abcdefu,GAYLE,https://open.spotify.com/track/4fouWK6XVHhzl78KzQ1UjL,2,4.285714285714286,7,0.602805482909755
Singapore,2021-12-13,abcdefu (angrier),GAYLE,https://open.spotify.com/track/1EQFOouqdKYdpbNoOHRVO2,16,18.142857142857142,7,0.6027554697316947
El Salvador,2021-12-13,Lo Siento BB:/ (with Bad Bunny & Julieta Venegas),Tainy,https://open.spotify.com/track/4gzsuuZypVbxs0Af1LSZyB,11,15.571428571428571,7,0.6026667698414363
Portugal,2021-12-13,Não Se Passa Nada,"Gandim, Bárbara Tinoco",https://open.spotify.com/track/3sukPl5fOqjcYEnq3y248K,18,19.285714285714285,7,0.6025825983855215
Indonesia,2021-12-13,Super Idol - Remix,Samstring,https://open.spotify.com/track/5t07RuwZAUBBnF2tWKwgmP,12,13.857142857142858,7,0.6025350992509142
Romania,2021-12-13,Super Idol - Remix,Samstring,https://open.spotify.com/track/5t07RuwZAUBBnF2tWKwgmP,23,34.714285714285715,7,0.6025200295610553
Taiwan,2021-12-13,你不知道的事,Leehom Wang,https://open.spotify.com/track/1QcaGSikGJLo09xN19BZdc,8,12.5,2,0.6024815241749726
Taiwan,2021-12-13,指紋,杜宣達,https://open.spotify.com/track/01clQd7YUW4nEre2I8jo7d,11,13.428571428571429,7,0.6024611397612143
Uruguay,2021-12-13,Bar Vs Hay Otro en Mi Vida (Mashup) - Remix,"Jupa Necasek, Mauri Mansilla, Vito Canzo",https://open.spotify.com/track/1a3oUydmYLnpKcGPXKZUlx,26,36.666666666666664,6,0.6023489590731174
Saudi Arabia,2021-12-13,all I want is you,"Rebzyyx, hoshie star",https://open.spotify.com/track/7lOvJBqH38ZY59eLU7bioq,33,35.42857142857143,7,0.6022678703251063
Germany,2021-12-13,I AM WOMAN,Emmy Meli,https://open.spotify.com/track/3nOz1U41SZZ0N3fuUWr9nb,1,1.4285714285714286,7,0.6021274720247579
Slovakia,2021-12-13,Goodbye (from the series Arcane League of Legends),Ramsey,https://open.spotify.com/track/5QWjrWckcPcSVqQNfbD4Bc,20,28.285714285714285,7,0.6021124582863865
Philippines,2021-12-13,Para Paraan,M Zhayt,https://open.spotify.com/track/6ww630oYLw8tW9oCziS6Zr,11,11.285714285714286,7,0.6020753509246484
Honduras,2021-12-13,Convéncete,Princesa Alba,https://open.spotify.com/track/5UyH584f99c7qErZifyaHy,24,32.833333333333336,6,0.6020326680039074
Costa Rica,2021-12-13,Lo Siento BB:/ (with Bad Bunny & Julieta Venegas),Tainy,https://open.spotify.com/track/4gzsuuZypVbxs0Af1LSZyB,35,39.285714285714285,7,0.6018071007349346
Costa Rica,2021-12-13,Chandelier,Will Paquin,https://open.spotify.com/track/3REELyDyt5SPKX2387Zubv,24,32.42857142857143,7,0.6017207131576043
Israel,2021-12-13,Surface Pressure,Jessica Darrow,https://open.spotify.com/track/760jhRscwGbIIe1m1IIQpU,26,32.57142857142857,7,0.6014481877967394
Belgium,2021-12-13,Helikopter,Fazlija,https://open.spotify.com/track/3xGOOOPD2HjErQLyRFk5Wf,5,6.857142857142857,7,0.601319272734942
Norway,2021-12-13,It's Called: Freefall,Rainbow Kitten Surprise,https://open.spotify.com/track/474uVhyGgK5MtY9gMcDgGl,23,32.857142857142854,7,0.6010105236659196
Germany,2021-12-13,Helikopter,Fazlija,https://open.spotify.com/track/3xGOOOPD2HjErQLyRFk5Wf,4,5.571428571428571,7,0.6006550881387228
Ireland,2021-12-13,Enemy (with JID) - from the series Arcane League of Legends,Imagine Dragons,https://open.spotify.com/track/1r9xUipOqoNwggBpENDsvJ,35,36.42857142857143,7,0.6005217560205669
Lithuania,2021-12-13,Do It To It,"ACRAZE, Cherish",https://open.spotify.com/track/20on25jryn53hWghthWWW3,24,29.0,7,0.6001899713257806
Estonia,2021-12-13,Move Your Body,"Öwnboss, Sevek",https://open.spotify.com/track/6GomT970rCOkKAyyrwJeZi,23,29.714285714285715,7,0.6001119117176145
Ireland,2021-12-13,Ameno Amapiano - Remix,"Goya Menor, Nektunez",https://open.spotify.com/track/3JIWSOzzlJfyf2Y1i54QeX,3,3.5,4,0.5999271068247912
Israel,2021-12-13,Chandelier,Will Paquin,https://open.spotify.com/track/3REELyDyt5SPKX2387Zubv,19,21.285714285714285,7,0.5997418764270499
South Korea,2021-12-13,Love Always Run Away,Lim Young Woong,https://open.spotify.com/track/4rMEoXVYww6Xy7q9wSj4gy,24,32.42857142857143,7,0.5997005982885423
Vietnam,2021-12-13,Suddenly,BE'O,https://open.spotify.com/track/7gXMkqirKU23zgdlSAb00a,8,12.571428571428571,7,0.5995497283325539
Spain,2021-12-13,"No Tengo Hambre, Tengo Ansiedad",Alan Sutton y las criaturitas de la ansiedad,https://open.spotify.com/track/0kqWb82ACdjcObDqDqD0zg,24,30.142857142857142,7,0.5994802492691864
Estonia,2021-12-13,abcdefu (angrier),GAYLE,https://open.spotify.com/track/1EQFOouqdKYdpbNoOHRVO2,10,12.142857142857142,7,0.5992678624501744
New Zealand,2021-12-13,My Humps,"Joshwa, Lee Foss",https://open.spotify.com/track/5WoBAyXaOnKEfvsZocrPeT,19,25.285714285714285,7,0.5990373819128161
Nicaragua,2021-12-13,El Hombre Que Más Te Amó,Vicente Fernández,https://open.spotify.com/track/3L1JzwKjjUr76VOdM9zwHk,23,37.0,6,0.5989128007602279
Hungary,2021-12-13,Come Over (Again),Crawlers,https://open.spotify.com/track/4PDJDIdWxNN1AlnbrKkoPf,32,35.714285714285715,7,0.5988690354063926
Malaysia,2021-12-13,Happier Than Ever,ASTN,https://open.spotify.com/track/7es56D0QedGMsK39wl2yFX,13,15.142857142857142,7,0.5988327610001389
Finland,2021-12-13,abcdefu,GAYLE,https://open.spotify.com/track/4fouWK6XVHhzl78KzQ1UjL,3,3.857142857142857,7,0.5987962162375053
Latvia,2021-12-13,Live Another Day,Kordhell,https://open.spotify.com/track/34lfu3S4fIcKZRNXzbdbo7,15,21.857142857142858,7,0.5986857425236438
Israel,2021-12-13,Goodbye (from the series Arcane League of Legends),Ramsey,https://open.spotify.com/track/5QWjrWckcPcSVqQNfbD4Bc,19,23.571428571428573,7,0.5986272664034249
Indonesia,2021-12-13,Terukir Di Bintang,Wong Diane,https://open.spotify.com/track/0aj57kD36M20d0ak2v6zrB,11,11.5,6,0.5980608882749925
Uruguay,2021-12-13,Vai Lá Em Casa Hoje,"George Henrique & Rodrigo, Marília Mendonça",https://open.spotify.com/track/1c4htMHiolERc0YJvZNdlc,25,35.666666666666664,6,0.5978023788723524
Spain,2021-12-13,Pope Is a Rockstar,SALES,https://open.spotify.com/track/0So2sgVa8aJiARPl2P29u2,12,21.166666666666668,6,0.5973566672019396
Brazil,2021-12-13,É Por Isso Que Sofre,"Dj Batata, Tati Quebra Barraco, Bárbara Labres",https://open.spotify.com/track/2wjTTRCmCeaNrpFG4YVsFy,15,18.714285714285715,7,0.597253424196673
Norway,2021-12-13,Swimming Pool,Marie Madeleine,https://open.spotify.com/track/3BMqVk2NJbH4fxf84e8kDC,8,9.0,7,0.5972485849879665
Nicaragua,2021-12-13,Lástima Que Seas Ajena,Vicente Fernández,https://open.spotify.com/track/5knj5DnKoHo30GHlHbvkyt,22,30.333333333333332,6,0.5971244156552271
Costa Rica,2021-12-13,Amarrau,KAVVO,https://open.spotify.com/track/1AkaZrwM7bBVjAn2RzPY8A,12,15.142857142857142,7,0.5964100928282108
Costa Rica,2021-12-13,Own Brand Freestyle,"FelixThe1st, Dreya Mac, Finch Fetti",https://open.spotify.com/track/6Jzdxguk63s6CVVXHIrQ0x,12,15.285714285714286,7,0.5963402703031416
Indonesia,2021-12-13,Every Summertime,NIKI,https://open.spotify.com/track/68HocO7fx9z0MgDU0ZPHro,21,21.571428571428573,7,0.5962222441113572
South Africa,2021-12-13,Kan Jou Nie My Maak Liefhê,Demi Lee Moore,https://open.spotify.com/track/4LUElwgy0SD5bKkEI31tSN,33,37.57142857142857,7,0.5961272471910422
Egypt,2021-12-13,Dynasties & Dystopia (from the series Arcane League of Legends),"Denzel Curry, Gizzle, Bren Joy",https://open.spotify.com/track/5EIkdrmuu2xkoQWOWjoeFY,12,17.571428571428573,7,0.5958960797710819
United Arab Emirates,2021-12-13,The Perfect Girl,Mareux,https://open.spotify.com/track/5RBOcBpJXaNnHCGViJmYhh,23,26.833333333333332,6,0.5957552201122859
Israel,2021-12-13,Toxic,BoyWithUke,https://open.spotify.com/track/2gQPv5jvVPqU2a9HhMNO1v,18,23.857142857142858,7,0.5954912328572683
South Africa,2021-12-13,Notion,The Rare Occasions,https://open.spotify.com/track/0sTlGEld0h8kIPZaKDYUf4,36,40.142857142857146,7,0.5954164747130428
Hong Kong,2021-12-13,Enemy (with JID) - from the series Arcane League of Legends,Imagine Dragons,https://open.spotify.com/track/1r9xUipOqoNwggBpENDsvJ,19,21.0,7,0.5949757912549263
United States,2021-12-13,Happier Than Ever,ASTN,https://open.spotify.com/track/7es56D0QedGMsK39wl2yFX,8,9.0,7,0.594945839951002
Italy,2021-12-13,Coming for You (feat. A1 x J1),SwitchOTR,https://open.spotify.com/track/1xIqDFx3KdByBnKMlTECcM,10,11.142857142857142,7,0.5946013805734464
Mexico,2021-12-13,Infinity,Jaymes Young,https://open.spotify.com/track/1SOClUWhOi8vHZYMz3GluK,27,28.571428571428573,7,0.5945638514148086
Mexico,2021-12-13,Un Millón de Primaveras,Vicente Fernández,https://open.spotify.com/track/6j5LtifAnuTjTYvml61yFZ,18,26.166666666666668,6,0.5944730981060774
Uruguay,2021-12-13,All Too Well (10 Minute Version) (Taylor's Version) (From The Vault),Taylor Swift,https://open.spotify.com/track/5enxwA8aAbwZbf5qCHORXi,26,31.714285714285715,7,0.5944513439728728
Lithuania,2021-12-13,HMU,Tobias Dray,https://open.spotify.com/track/60U1w8wJMlPvXRdPaLAYqi,12,15.0,7,0.5943796310005136
United Arab Emirates,2021-12-13,4:00A.M.,Taeko Onuki,https://open.spotify.com/track/0zoGVO4bQXG8U6ChKwNgeg,14,18.428571428571427,7,0.594352396309792
Portugal,2021-12-13,Die For You,"VALORANT, Grabbitz",https://open.spotify.com/track/2lz3zjQ5QCVXiyOzIk02vW,9,11.714285714285714,7,0.5941861960670529
Estonia,2021-12-13,Infinity,Jaymes Young,https://open.spotify.com/track/1SOClUWhOi8vHZYMz3GluK,32,37.0,7,0.5939963953144396
France,2021-12-13,Et Bam,Mentissa,https://open.spotify.com/track/3qYfcGBdH6Nqe18QTGgfXz,19,21.285714285714285,7,0.5939348757386863
Malaysia,2021-12-13,Goodbye (from the series Arcane League of Legends),Ramsey,https://open.spotify.com/track/5QWjrWckcPcSVqQNfbD4Bc,26,30.0,7,0.5936708165262692
Romania,2021-12-13,Cum Te Eu,"Desanto, Pitutza",https://open.spotify.com/track/4CmpSiwZkJgOET7spfZNs1,12,18.142857142857142,7,0.593638359343467
Estonia,2021-12-13,Face Off,"Tech N9ne, Joey Cool, King Iso, Dwayne Johnson",https://open.spotify.com/track/6M47gaKejso9772SKTa3yH,34,35.0,7,0.5936349804590995
Nicaragua,2021-12-13,A Quién Vas a Amar Más Que a Mí,Vicente Fernández,https://open.spotify.com/track/1IV8PlSxx5PUiaxKwVrlg9,11,14.666666666666666,6,0.5934921978443014
Panama,2021-12-13,"No Tengo Hambre, Tengo Ansiedad",Alan Sutton y las criaturitas de la ansiedad,https://open.spotify.com/track/0kqWb82ACdjcObDqDqD0zg,29,33.714285714285715,7,0.5932925538049347
United Kingdom,2021-12-13,Ameno Amapiano - Remix,"Goya Menor, Nektunez",https://open.spotify.com/track/3JIWSOzzlJfyf2Y1i54QeX,1,1.0,5,0.5932605531596153
Sweden,2021-12-13,Pope Is a Rockstar,SALES,https://open.spotify.com/track/0So2sgVa8aJiARPl2P29u2,5,5.714285714285714,7,0.5932518046059179
United Arab Emirates,2021-12-13,Super Idol - Remix,Samstring,https://open.spotify.com/track/5t07RuwZAUBBnF2tWKwgmP,24,36.714285714285715,7,0.5931873010540545
Panama,2021-12-13,Face Off,"Tech N9ne, Joey Cool, King Iso, Dwayne Johnson",https://open.spotify.com/track/6M47gaKejso9772SKTa3yH,34,36.5,4,0.5928576910625115
Panama,2021-12-13,Two Birds,Regina Spektor,https://open.spotify.com/track/2n0U2OG5d6TuW5mKx7YrC0,15,20.8,5,0.5926857965602441
Bolivia,2021-12-13,Cpr,cupcakKe,https://open.spotify.com/track/35mBYyB61qTcGGj7MXIRM1,21,30.666666666666668,6,0.5925962563860572
Guatemala,2021-12-13,abcdefu (angrier),GAYLE,https://open.spotify.com/track/1EQFOouqdKYdpbNoOHRVO2,18,27.285714285714285,7,0.5925355081806826
Morocco,2021-12-13,Notion,The Rare Occasions,https://open.spotify.com/track/0sTlGEld0h8kIPZaKDYUf4,20,24.285714285714285,7,0.5922318953892628
United States,2021-12-13,El Rey,Vicente Fernández,https://open.spotify.com/track/6P3dT8EkJd0LOyZklOl0Na,20,30.0,7,0.5922258919610076
United Kingdom,2021-12-13,DTB,Merczz,https://open.spotify.com/track/6BoXckigjvnIAZVQV6lELq,14,15.0,7,0.5921823887940988
Iceland,2021-12-13,Happier Than Ever,ASTN,https://open.spotify.com/track/7es56D0QedGMsK39wl2yFX,34,40.57142857142857,7,0.5920890877753451
Dominican Republic,2021-12-13,Ella - Remix,"Boza, Lunay, Lenny Tavárez, Juhn, Beéle",https://open.spotify.com/track/7iHHlCbsFou5DZSW5HCPfs,26,35.285714285714285,7,0.5919965493344588
South Africa,2021-12-13,Afterglow,"Bisken, LVNA",https://open.spotify.com/track/3ymoAJAHHNXQvEgeQOpI6r,23,28.0,7,0.5919094077257365
Slovakia,2021-12-13,u.,niteboi,https://open.spotify.com/track/0J7oHYxjF6Oln61wy0kP2i,21,25.428571428571427,7,0.5918435387362999
Paraguay,2021-12-13,I Love You So,The Walters,https://open.spotify.com/track/4SqWKzw0CbA05TGszDgMlc,33,35.857142857142854,7,0.5915801050609255
Hungary,2021-12-13,Szív,Krúbi,https://open.spotify.com/track/6Qg42mHmwZdqT4LpV3KnvP,11,12.714285714285714,7,0.5915565723000438
Paraguay,2021-12-13,Pope Is a Rockstar,SALES,https://open.spotify.com/track/0So2sgVa8aJiARPl2P29u2,16,21.5,4,0.5914814553382107
Singapore,2021-12-13,Janji Manis,Masdo,https://open.spotify.com/track/31ECplyzYRmbQihescMh6N,21,30.142857142857142,7,0.5909965807694221
Bolivia,2021-12-13,Bang Bang,"K'NAAN, Adam Levine",https://open.spotify.com/track/61YzdCCBPM5Pc7lIiD5i8C,36,36.0,1,0.5909229906998212
Sweden,2021-12-13,abcdefu,GAYLE,https://open.spotify.com/track/4fouWK6XVHhzl78KzQ1UjL,4,4.571428571428571,7,0.5908039640753974
Hungary,2021-12-13,Flowers (Say My Name),ArrDee,https://open.spotify.com/track/2BzAGK3lEZAQz5cU0Ae1wd,26,30.857142857142858,7,0.5907822883423007
Ukraine,2021-12-13,Override,KSLV Noh,https://open.spotify.com/track/0KYvs7DKC7Cl5IHmwpP13f,32,36.666666666666664,3,0.5906676860476534
Iceland,2021-12-13,Enemy (with JID) - from the series Arcane League of Legends,Imagine Dragons,https://open.spotify.com/track/1r9xUipOqoNwggBpENDsvJ,12,14.571428571428571,7,0.5905799201122041
France,2021-12-13,Coming for You (feat. A1 x J1),SwitchOTR,https://open.spotify.com/track/1xIqDFx3KdByBnKMlTECcM,21,25.428571428571427,7,0.5905609602089614
El Salvador,2021-12-13,SAD GIRLZ LUV MONEY Remix (feat. Kali Uchis and Moliy),Amaarae,https://open.spotify.com/track/09gysnJpfQ3ublBmJDfcEC,13,22.714285714285715,7,0.5905057681611782
Slovakia,2021-12-13,Cpr,cupcakKe,https://open.spotify.com/track/35mBYyB61qTcGGj7MXIRM1,11,12.714285714285714,7,0.5902767068730345
Malaysia,2021-12-13,Sahara,Hensonn,https://open.spotify.com/track/6nqdgUTiWt4JbABDurkxMI,31,31.0,1,0.5901421924781372
Taiwan,2021-12-13,南半球与北海道,范倪Liu,https://open.spotify.com/track/3sLVMBnNhHBUyriZyHaVNI,27,31.571428571428573,7,0.5900186270851709
Hungary,2021-12-13,Kérdőjelek és a válaszok,"Ivan & The Parazol, Carson Coma",https://open.spotify.com/track/17jtfrOhR0AqiiZHEBe9Qs,22,25.285714285714285,7,0.5899570392615511
United Kingdom,2021-12-13,I AM WOMAN,Emmy Meli,https://open.spotify.com/track/3nOz1U41SZZ0N3fuUWr9nb,1,3.0,7,0.5897161617247011
Hungary,2021-12-13,Two Birds,Regina Spektor,https://open.spotify.com/track/2n0U2OG5d6TuW5mKx7YrC0,37,40.142857142857146,7,0.5896768367796122
Colombia,2021-12-13,Para Siempre,Vicente Fernández,https://open.spotify.com/track/0uyVgmoXDbwS1ubv8AurVZ,21,31.428571428571427,7,0.5895522479749191
United Arab Emirates,2021-12-13,PakalIravukal,"Neha Nair, Sushin Shyam",https://open.spotify.com/track/4ZQA0norYP8HHLJszeWvvd,30,38.8,5,0.5894922965348697
Honduras,2021-12-13,Amapolas - Remix,"Leo Rizzi, Danny Ocean",https://open.spotify.com/track/44QxiGlmeSpF8boud04Rkc,13,17.857142857142858,7,0.5893558783647148
Panama,2021-12-13,Cpr,cupcakKe,https://open.spotify.com/track/35mBYyB61qTcGGj7MXIRM1,31,39.0,7,0.5893554972664852
Spain,2021-12-13,Tu Y Yo (feat. Los del Control),Cano,https://open.spotify.com/track/5pVEORKrVAtcWOEMJlZCFB,13,13.857142857142858,7,0.589317381056833
Ecuador,2021-12-13,MIDDLE OF THE NIGHT,Elley Duhé,https://open.spotify.com/track/58HvfVOeJY7lUuCqF0m3ly,16,28.571428571428573,7,0.5893131499755112
Vietnam,2021-12-13,Sẽ Chẳng Yêu Người Khác Đâu,Niz,https://open.spotify.com/track/153fqaiQSioY7vmKZpvmJY,21,23.285714285714285,7,0.5890619324414492
Italy,2021-12-13,Alien Blues,Vundabar,https://open.spotify.com/track/6UjeFOCGYgMpBUtqKg1Je3,8,10.428571428571429,7,0.5889339764172205
Turkey,2021-12-13,Helikopter,Fazlija,https://open.spotify.com/track/3xGOOOPD2HjErQLyRFk5Wf,10,11.0,7,0.5888966254827263
Dominican Republic,2021-12-13,SAD GIRLZ LUV MONEY Remix (feat. Kali Uchis and Moliy),Amaarae,https://open.spotify.com/track/09gysnJpfQ3ublBmJDfcEC,14,28.571428571428573,7,0.5888272429810126
Portugal,2021-12-13,La Espada,Eternal Raijin,https://open.spotify.com/track/6w969Gr8VhF02vaHs67oo9,34,40.57142857142857,7,0.5885969024489048
Bulgaria,2021-12-13,Goodbye (from the series Arcane League of Legends),Ramsey,https://open.spotify.com/track/5QWjrWckcPcSVqQNfbD4Bc,26,34.57142857142857,7,0.5884564140573452
Sweden,2021-12-13,Super Idol - Remix,Samstring,https://open.spotify.com/track/5t07RuwZAUBBnF2tWKwgmP,3,3.4285714285714284,7,0.588351614074276
Malaysia,2021-12-13,Cpr,cupcakKe,https://open.spotify.com/track/35mBYyB61qTcGGj7MXIRM1,15,18.857142857142858,7,0.5883220260173257
Sweden,2021-12-13,Ser du månen där du är ikväll? (Tillsammans igen),Thomas Stenström,https://open.spotify.com/track/4SLYrBfzgbLmiEdoKajyHL,21,38.57142857142857,7,0.5882654242123332
Italy,2021-12-13,Pope Is a Rockstar,SALES,https://open.spotify.com/track/0So2sgVa8aJiARPl2P29u2,13,19.666666666666668,6,0.588246913971103
Romania,2021-12-13,abcdefu (angrier),GAYLE,https://open.spotify.com/track/1EQFOouqdKYdpbNoOHRVO2,13,18.285714285714285,7,0.5880950759750488
Malaysia,2021-12-13,我不是刘德华,"新地, 卢克",https://open.spotify.com/track/1n2FscRmwzATPycaKCIr90,32,34.5,4,0.588038873998593
Brazil,2021-12-13,Pauperrecido,Vinny Santa Fé,https://open.spotify.com/track/5vc69sUZhHdirTDxOx7ns9,32,34.285714285714285,7,0.5879255502441991
Dominican Republic,2021-12-13,LA FAMA (with The Weeknd),ROSALÍA,https://open.spotify.com/track/6dmXZ9B5HdFAyzHeTneYBK,26,28.571428571428573,7,0.5879236563017084
South Korea,2021-12-13,Do It To It,"ACRAZE, Cherish",https://open.spotify.com/track/20on25jryn53hWghthWWW3,14,25.571428571428573,7,0.5879198670866013
South Korea,2021-12-13,I Love You So,The Walters,https://open.spotify.com/track/4SqWKzw0CbA05TGszDgMlc,15,16.714285714285715,7,0.5879124896423158
Hungary,2021-12-13,Menned kell,"ALEE, APU",https://open.spotify.com/track/5UbQELG0jlDX9nMrLk2Nx6,9,10.285714285714286,7,0.5878418013814477
Slovakia,2021-12-13,Face Off,"Tech N9ne, Joey Cool, King Iso, Dwayne Johnson",https://open.spotify.com/track/6M47gaKejso9772SKTa3yH,22,24.857142857142858,7,0.5877659110859801
Paraguay,2021-12-13,"No Tengo Hambre, Tengo Ansiedad",Alan Sutton y las criaturitas de la ansiedad,https://open.spotify.com/track/0kqWb82ACdjcObDqDqD0zg,20,24.571428571428573,7,0.587641122550252
Brazil,2021-12-13,Conto os Dias,Lucas Mamede,https://open.spotify.com/track/3gBHnHw9GqHAPocOcNihrN,6,11.428571428571429,7,0.5875601997967711
Denmark,2021-12-13,Cpr,cupcakKe,https://open.spotify.com/track/35mBYyB61qTcGGj7MXIRM1,14,15.571428571428571,7,0.5874915656513501
United Kingdom,2021-12-13,Stop The Cavalry,Jona Lewie,https://open.spotify.com/track/2bPQuniBB9x0fRtxDly0kr,18,19.142857142857142,7,0.5874573366581426
Ecuador,2021-12-13,Tacones Rojos,Sebastian Yatra,https://open.spotify.com/track/0Be7sopyKMv8Y8npsUkax2,16,17.428571428571427,7,0.5874132463442686
Greece,2021-12-13,Infinity,Jaymes Young,https://open.spotify.com/track/1SOClUWhOi8vHZYMz3GluK,33,34.714285714285715,7,0.5874125675186913
Romania,2021-12-13,Do It To It,"ACRAZE, Cherish",https://open.spotify.com/track/20on25jryn53hWghthWWW3,24,27.0,7,0.5872686990067195
Taiwan,2021-12-13,删了吧,烟嗓,https://open.spotify.com/track/0MIEzBxkb4W9uTvlVLkSuf,13,14.285714285714286,7,0.5871308766139618
Colombia,2021-12-13,Ragga Tonseh,"Navigator, Betzabeth, Samir Guerrero, Hamilton, Young F.",https://open.spotify.com/track/3GIztUwYv503efVuJLvz0Y,22,25.428571428571427,7,0.5870193019450799
Canada,2021-12-13,Surface Pressure,Jessica Darrow,https://open.spotify.com/track/760jhRscwGbIIe1m1IIQpU,5,7.571428571428571,7,0.5869475285833201
Mexico,2021-12-13,Me Dijeron Que No,Romi Marcos,https://open.spotify.com/track/4SQxupnCXpSzkmcTkR7qZj,18,19.428571428571427,7,0.5868882062673159
Italy,2021-12-13,Do It To It,"ACRAZE, Cherish",https://open.spotify.com/track/20on25jryn53hWghthWWW3,10,11.857142857142858,7,0.586884354762365
Panama,2021-12-13,Infinity,Jaymes Young,https://open.spotify.com/track/1SOClUWhOi8vHZYMz3GluK,35,38.8,5,0.5868819751386147
Saudi Arabia,2021-12-13,Own Brand Freestyle,"FelixThe1st, Dreya Mac, Finch Fetti",https://open.spotify.com/track/6Jzdxguk63s6CVVXHIrQ0x,13,20.285714285714285,7,0.5867640975531027
Thailand,2021-12-13,I JUST WANNA PEN FAN YOU DAI BOR ? (อ้ายจัสวอนน่าเป็นแฟนยูได้บ่ ?),Singto Numchok,https://open.spotify.com/track/7DLdnWK7OYDsRf7I15Ze0L,29,30.714285714285715,7,0.5866774205194408
Israel,2021-12-13,אין מאושר ממני,Eliad,https://open.spotify.com/track/1TroPJnGcLa8GB7cxHA841,32,37.285714285714285,7,0.5866555820455934
Greece,2021-12-13,10 Taxitites,Yama,https://open.spotify.com/track/3nTWVIHkL1eFmkRUSZOola,7,13.0,7,0.5864844177165303
United Kingdom,2021-12-13,abcdefu,GAYLE,https://open.spotify.com/track/4fouWK6XVHhzl78KzQ1UjL,3,4.714285714285714,7,0.5864055981887061
France,2021-12-13,Marco Mouly,Val,https://open.spotify.com/track/5n61hZe948U3pYwfycFgx8,4,5.714285714285714,7,0.5860763962201979
New Zealand,2021-12-13,Happier Than Ever,ASTN,https://open.spotify.com/track/7es56D0QedGMsK39wl2yFX,10,12.428571428571429,7,0.585836298720188
India,2021-12-13,I AM WOMAN,Emmy Meli,https://open.spotify.com/track/3nOz1U41SZZ0N3fuUWr9nb,4,4.571428571428571,7,0.5857268289123555
Chile,2021-12-13,Qué Pasa?,Marcianeke,https://open.spotify.com/track/5u0EnFzLd5WmsncTG5uMSP,14,15.285714285714286,7,0.5854061228056895
Malaysia,2021-12-13,LOST IN PARADISE,"ALI, AKLO",https://open.spotify.com/track/7kRKlFCFLAUwt43HWtauhX,27,38.0,7,0.5853810301429861
Vietnam,2021-12-13,Hạnh Phúc Mới - Heki Lo-Fi,Heki,https://open.spotify.com/track/5Xo612vaDPJWsqo7HddLGy,23,35.333333333333336,6,0.5853198473033905
France,2021-12-13,MAUVAIS PAYEUR,La Fève,https://open.spotify.com/track/18gJ5bLhq6cfKJefdwzGpj,3,4.666666666666667,3,0.5852320279499038
Canada,2021-12-13,Die For You,"VALORANT, Grabbitz",https://open.spotify.com/track/2lz3zjQ5QCVXiyOzIk02vW,4,5.0,7,0.5851926095309002
Iceland,2021-12-13,Nothing,Bruno Major,https://open.spotify.com/track/2IAR0DziHCjSu16gR4ihvy,13,16.857142857142858,7,0.5850908572178053
Denmark,2021-12-13,Helikopter,Fazlija,https://open.spotify.com/track/3xGOOOPD2HjErQLyRFk5Wf,4,5.0,7,0.5848636920368039
Latvia,2021-12-13,Sahara,Hensonn,https://open.spotify.com/track/6nqdgUTiWt4JbABDurkxMI,17,19.714285714285715,7,0.5847904030815974
Belgium,2021-12-13,Buren,Turfy Gang,https://open.spotify.com/track/7erbctwXpJ5IMpZVgvI7Jm,2,3.5,4,0.5847534457212358
Austria,2021-12-13,Flowers (Say My Name),ArrDee,https://open.spotify.com/track/2BzAGK3lEZAQz5cU0Ae1wd,37,42.142857142857146,7,0.5846740559998763
Lithuania,2021-12-13,My Humps,"Joshwa, Lee Foss",https://open.spotify.com/track/5WoBAyXaOnKEfvsZocrPeT,24,32.75,4,0.5844270305537519
Colombia,2021-12-13,Desplazado de Amor,Dogardisc,https://open.spotify.com/track/1HiQUiCK67Ys14MWywsYi7,9,11.571428571428571,7,0.5843360541953179
Uruguay,2021-12-13,LA JOAQUI | DJ TAO Turreo Sessions #6,"DJ Tao, La Joaqui",https://open.spotify.com/track/0h1Cp5qtDPVzarqIsdWdCT,28,34.714285714285715,7,0.5842579085729355
Costa Rica,2021-12-13,A Mi Manera - En Vivo [Un Azteca en el Azteca],Vicente Fernández,https://open.spotify.com/track/78fl7FwLL7HK60Oa6xg4Ng,31,39.0,5,0.584131497360118
Israel,2021-12-13,عشانك,siilawy,https://open.spotify.com/track/2L8xtCLeM42te93xowB4nx,25,33.4,5,0.5837694474704234
Russia,2021-12-13,abcdefu,GAYLE,https://open.spotify.com/track/4fouWK6XVHhzl78KzQ1UjL,2,3.0,7,0.5836124947326308
Argentina,2021-12-13,Notion,The Rare Occasions,https://open.spotify.com/track/0sTlGEld0h8kIPZaKDYUf4,18,19.0,7,0.5835715278654138
Thailand,2021-12-13,คิดไปเอง,"รวมศิลปิน (ร็อก ลีเจนด์ - โป่ง ปฐมพงศ์), Stone Metal Fire",https://open.spotify.com/track/4ar8Y8ahjOvNygxbmGQsY3,28,35.25,4,0.5833886623217224
Iceland,2021-12-13,Helikopter,Fazlija,https://open.spotify.com/track/3xGOOOPD2HjErQLyRFk5Wf,13,20.428571428571427,7,0.583329365471638
Greece,2021-12-13,Dark Red,Steve Lacy,https://open.spotify.com/track/37y7iDayfwm3WXn5BiAoRk,43,44.0,7,0.5832801355704412
Panama,2021-12-13,El Sapo y La Princesa,Franciskao Diex,https://open.spotify.com/track/5OCBiohUDvOlwEYYw9PE9e,27,27.5,2,0.5831123382471819
Taiwan,2021-12-13,愛情你比我想的閣較偉大 -《當男人戀愛時》電影主題曲,EggPlantEgg,https://open.spotify.com/track/4fJlSLYLiu5trFCMZdSQDC,17,23.6,5,0.5830907937961507
Taiwan,2021-12-13,Real World,L8ching,https://open.spotify.com/track/6r7B52U7LeAfH3AXcSC8C7,23,25.0,3,0.5828327301296494
Lithuania,2021-12-13,Live Another Day,Kordhell,https://open.spotify.com/track/34lfu3S4fIcKZRNXzbdbo7,26,31.857142857142858,7,0.5827217028275231
Hungary,2021-12-13,Goodbye (from the series Arcane League of Legends),Ramsey,https://open.spotify.com/track/5QWjrWckcPcSVqQNfbD4Bc,26,33.285714285714285,7,0.5821971027778622
Austria,2021-12-13,Super Idol - Remix,Samstring,https://open.spotify.com/track/5t07RuwZAUBBnF2tWKwgmP,12,12.5,6,0.5821620651789173
Norway,2021-12-13,MIDDLE OF THE NIGHT,Elley Duhé,https://open.spotify.com/track/58HvfVOeJY7lUuCqF0m3ly,14,16.571428571428573,7,0.5821224678611991
Mexico,2021-12-13,A Mi Manera - En Vivo [Un Azteca en el Azteca],Vicente Fernández,https://open.spotify.com/track/78fl7FwLL7HK60Oa6xg4Ng,23,32.6,5,0.5820832314169087
Saudi Arabia,2021-12-13,Toxic,BoyWithUke,https://open.spotify.com/track/2gQPv5jvVPqU2a9HhMNO1v,25,28.142857142857142,7,0.5819831265451257
Latvia,2021-12-13,Face Off,"Tech N9ne, Joey Cool, King Iso, Dwayne Johnson",https://open.spotify.com/track/6M47gaKejso9772SKTa3yH,17,23.142857142857142,7,0.5819740571380173
Canada,2021-12-13,We Rollin,Shubh,https://open.spotify.com/track/7xeE24WnWUXDwgqGiaeshi,21,24.428571428571427,7,0.5813035960496875
Russia,2021-12-13,Pixel Pig,Di Young,https://open.spotify.com/track/2NCKZeWIu9lqUDfeLKAzfM,7,8.571428571428571,7,0.5811862204038403
Spain,2021-12-13,#RapSinCorte L,"Foyone, Sceno, Kase.O, Dollar Selmouni, Ayax y Prok, FERNANDOCOSTA, Spok Sponha, Elio Toffana, Ptazeta, Cráneo, Bejo, Easy-S, Moneo, Las Ninyas del Corro, Sofía Gabanna, ToteKing, Recycled J",https://open.spotify.com/track/5ZaPIvSXtTxrj8yXnUx0wd,16,18.857142857142858,7,0.5811309800062358
Ecuador,2021-12-13,all I want is you,"Rebzyyx, hoshie star",https://open.spotify.com/track/7lOvJBqH38ZY59eLU7bioq,17,21.428571428571427,7,0.5810646967552779
Peru,2021-12-13,Hasta la Raíz,Natalia Lafourcade,https://open.spotify.com/track/3lGMtkONrZdJ8kTCg6KIFf,32,38.2,5,0.5810628049422738
Hong Kong,2021-12-13,係咁先啦 (feat. Kayan9896),MC $oho & KidNey,https://open.spotify.com/track/4I2nZnEp1JZoHO4RB27VTR,34,35.857142857142854,7,0.5810541001028842
Indonesia,2021-12-13,Two Birds,Regina Spektor,https://open.spotify.com/track/2n0U2OG5d6TuW5mKx7YrC0,19,26.0,7,0.5808396336213703
Morocco,2021-12-13,Ena,Balti,https://open.spotify.com/track/2EgLc1ac8D2PRIoOc0MWhA,33,37.142857142857146,7,0.5806270721408086
Bulgaria,2021-12-13,Dynasties & Dystopia (from the series Arcane League of Legends),"Denzel Curry, Gizzle, Bren Joy",https://open.spotify.com/track/5EIkdrmuu2xkoQWOWjoeFY,13,18.571428571428573,7,0.5805514244301229
United States,2021-12-13,Come Over (Again),Crawlers,https://open.spotify.com/track/4PDJDIdWxNN1AlnbrKkoPf,8,8.428571428571429,7,0.5804619834912874
Lithuania,2021-12-13,Notion,The Rare Occasions,https://open.spotify.com/track/0sTlGEld0h8kIPZaKDYUf4,16,20.857142857142858,7,0.5802971160175343
Latvia,2021-12-13,Toxic,BoyWithUke,https://open.spotify.com/track/2gQPv5jvVPqU2a9HhMNO1v,31,37.57142857142857,7,0.5799980083256469
Finland,2021-12-13,Live Another Day,Kordhell,https://open.spotify.com/track/34lfu3S4fIcKZRNXzbdbo7,11,16.285714285714285,7,0.5799355416451273
Czech Republic,2021-12-13,Alien Blues,Vundabar,https://open.spotify.com/track/6UjeFOCGYgMpBUtqKg1Je3,6,7.714285714285714,7,0.5798315828225352
Malaysia,2021-12-13,Enchanted,Taylor Swift,https://open.spotify.com/track/04S1pkp1VaIqjg8zZqknR5,17,19.428571428571427,7,0.5792861290715959
Panama,2021-12-13,Nothing,Bruno Major,https://open.spotify.com/track/2IAR0DziHCjSu16gR4ihvy,33,41.857142857142854,7,0.5791953613023499
Philippines,2021-12-13,Hangin,Yno,https://open.spotify.com/track/32cJ12tbY9TzPwESX9LmSl,5,6.714285714285714,7,0.5790915920533197
Argentina,2021-12-13,"No Tengo Hambre, Tengo Ansiedad",Alan Sutton y las criaturitas de la ansiedad,https://open.spotify.com/track/0kqWb82ACdjcObDqDqD0zg,34,36.57142857142857,7,0.5786891013546513
Spain,2021-12-13,Hasta la Raíz,Natalia Lafourcade,https://open.spotify.com/track/3lGMtkONrZdJ8kTCg6KIFf,30,34.42857142857143,7,0.5785881293270769
Denmark,2021-12-13,I AM WOMAN,Emmy Meli,https://open.spotify.com/track/3nOz1U41SZZ0N3fuUWr9nb,1,1.7142857142857142,7,0.5785207231906104
Hong Kong,2021-12-13,第二次告白,Lil’ Ashes,https://open.spotify.com/track/1BT7O1m2DbPrEQ40xEZWxK,12,14.333333333333334,3,0.5784852729101174
Hong Kong,2021-12-13,That Guy,Tyson Yoshi,https://open.spotify.com/track/4UkZekZxjzovQ3ErAQadFq,9,11.285714285714286,7,0.5782726642904149
Colombia,2021-12-13,Mujeres Divinas,Vicente Fernández,https://open.spotify.com/track/2PxGGRmj5yunYdNF2Ud2vm,26,31.166666666666668,6,0.5781381470443768
Mexico,2021-12-13,DANCE CRIP,Trueno,https://open.spotify.com/track/1kjs5eR4DMzyB0gm1Z8waV,14,15.142857142857142,7,0.5780133263037431
Nicaragua,2021-12-13,Me Voy a Quitar de en Medio,Vicente Fernández,https://open.spotify.com/track/2kgUPa3UUnHIUfySDkg2bm,16,21.0,6,0.5779781150761416
Ireland,2021-12-13,Elevate,Nemzzz,https://open.spotify.com/track/0nmW4fvqTwUDjlz13MNpJU,18,24.142857142857142,7,0.5778478843048236
Czech Republic,2021-12-13,Cpr,cupcakKe,https://open.spotify.com/track/35mBYyB61qTcGGj7MXIRM1,20,22.285714285714285,7,0.5777819924529182
Estonia,2021-12-13,u.,niteboi,https://open.spotify.com/track/0J7oHYxjF6Oln61wy0kP2i,13,14.428571428571429,7,0.5776809743755864
Colombia,2021-12-13,La familia Madrigal,"Olga Lucía Vives, Yaneth Waldman, Encanto - Elenco",https://open.spotify.com/track/6740sbqgB64LZopHUEiBG8,9,12.714285714285714,7,0.577479464241492
United Arab Emirates,2021-12-13,Alien Blues,Vundabar,https://open.spotify.com/track/6UjeFOCGYgMpBUtqKg1Je3,4,7.0,7,0.5773623726562273
Saudi Arabia,2021-12-13,Sunsetz,Cigarettes After Sex,https://open.spotify.com/track/69UqtTHfUKAJweQwEStRzC,38,41.857142857142854,7,0.577323969593434
Nicaragua,2021-12-13,Sublime Mujer,Vicente Fernández,https://open.spotify.com/track/5mPbC4nz0DYXO3kfnmMgRe,28,36.666666666666664,6,0.5772613551259587
Bolivia,2021-12-13,"No Tengo Hambre, Tengo Ansiedad",Alan Sutton y las criaturitas de la ansiedad,https://open.spotify.com/track/0kqWb82ACdjcObDqDqD0zg,11,23.428571428571427,7,0.5770852559764812
Finland,2021-12-13,Pope Is a Rockstar,SALES,https://open.spotify.com/track/0So2sgVa8aJiARPl2P29u2,9,10.285714285714286,7,0.5768318294378298
Vietnam,2021-12-13,แค่เพื่อนมั้ง (Just Friend?) - เพลงประกอบซีรีส์ แค่เพื่อนครับเพื่อน BAD BUDDY SERIES,นนน กรภัทร์,https://open.spotify.com/track/03jBontbv2DkRxsgLU8H4x,12,23.714285714285715,7,0.5766181381585795
Mexico,2021-12-13,Fumando Mota,Los Lara,https://open.spotify.com/track/2ytQws1jfyFcY2K2MDUfzd,12,12.0,1,0.5766090220340294
Costa Rica,2021-12-13,Taca a Xereca pra Mim,MC Kaique da VP,https://open.spotify.com/track/2GqCEJpzmD81AJ2H0Hyz5T,4,7.0,7,0.5764618832985012
Costa Rica,2021-12-13,No se habla de Bruno,"Carolina Gaitán - La Gaita, Mauro Castillo, Daniela Sierra, Juanse Diez, Isabel Garcés, Olga Lucía Vives, Encanto - Elenco",https://open.spotify.com/track/5QKk5N5xJQGsWMhPM80Kfv,15,16.428571428571427,7,0.576404591618863
Ukraine,2021-12-13,Die For You,"VALORANT, Grabbitz",https://open.spotify.com/track/2lz3zjQ5QCVXiyOzIk02vW,32,35.57142857142857,7,0.576359490630577
Bolivia,2021-12-13,"Gone, Gone, Gone",Phillip Phillips,https://open.spotify.com/track/2qHiyBpxyOXnRGG3t2iE96,39,39.0,1,0.5763108375797747
Latvia,2021-12-13,Helikopter,Fazlija,https://open.spotify.com/track/3xGOOOPD2HjErQLyRFk5Wf,32,36.285714285714285,7,0.5762410347757833
Indonesia,2021-12-13,I AM WOMAN,Emmy Meli,https://open.spotify.com/track/3nOz1U41SZZ0N3fuUWr9nb,4,6.0,7,0.5762387494050656
Guatemala,2021-12-13,Notion,The Rare Occasions,https://open.spotify.com/track/0sTlGEld0h8kIPZaKDYUf4,9,21.142857142857142,7,0.5759445468587797
Russia,2021-12-13,น้ำแดงน้ำส้ม,JV.JARVIS,https://open.spotify.com/track/1xxJiB2B3rMw8g85PPtcN7,10,12.166666666666666,6,0.5756565073628417
Chile,2021-12-13,Do It To It,"ACRAZE, Cherish",https://open.spotify.com/track/20on25jryn53hWghthWWW3,7,8.0,7,0.5754023637854795
Estonia,2021-12-13,Enemy (with JID) - from the series Arcane League of Legends,Imagine Dragons,https://open.spotify.com/track/1r9xUipOqoNwggBpENDsvJ,16,22.428571428571427,7,0.5753987808769003
Iceland,2021-12-13,masquerade,siouxxie sixxsta,https://open.spotify.com/track/0RYHqnmtNRfbYxP6Dn8Vse,27,32.142857142857146,7,0.5752686202274726
El Salvador,2021-12-13,Fall in Love with You.,Montell Fish,https://open.spotify.com/track/31MQR9rOHRXyg4J01hRY1h,32,38.6,5,0.5752665740871563
Malaysia,2021-12-13,if depression gets the best of me,Zevia,https://open.spotify.com/track/1UHATOi2uLeTk3UHKBwR30,19,24.857142857142858,7,0.5752396681514507
United Kingdom,2021-12-13,We Don't Talk About Bruno,"Carolina Gaitán - La Gaita, Mauro Castillo, Adassa, Rhenzy Feliz, Diane Guerrero, Stephanie Beatriz, Encanto - Cast",https://open.spotify.com/track/52xJxFP6TqMuO4Yt0eOkMz,4,5.857142857142857,7,0.5751627774009189
Singapore,2021-12-13,Cpr,cupcakKe,https://open.spotify.com/track/35mBYyB61qTcGGj7MXIRM1,11,14.142857142857142,7,0.5751049020692954
Peru,2021-12-13,Face Off,"Tech N9ne, Joey Cool, King Iso, Dwayne Johnson",https://open.spotify.com/track/6M47gaKejso9772SKTa3yH,30,35.714285714285715,7,0.574846273715838
El Salvador,2021-12-13,Monastery,"Ryan Castro, Feid",https://open.spotify.com/track/1JpzJfxjHGFUyTHXLZidok,27,36.5,4,0.5748277328361183
Ireland,2021-12-13,TO THE MOON,Jnr Choi,https://open.spotify.com/track/0hYFc3HSZHDaDzquLVRwBH,7,11.333333333333334,3,0.5744402818617371
Morocco,2021-12-13,Bananza (Belly Dancer),Akon,https://open.spotify.com/track/0dNPpDFdvzj6XFIRzg2hmp,18,18.5,2,0.5744007511132256
France,2021-12-13,Baby Riddim,Fave,https://open.spotify.com/track/77eZIuMTB9HrQ86L4ljqEX,23,25.428571428571427,7,0.5743901524161837
Ireland,2021-12-13,abcdefu (angrier),GAYLE,https://open.spotify.com/track/1EQFOouqdKYdpbNoOHRVO2,16,18.857142857142858,7,0.5743855377986417
New Zealand,2021-12-13,Pope Is a Rockstar,SALES,https://open.spotify.com/track/0So2sgVa8aJiARPl2P29u2,12,18.142857142857142,7,0.5742340340546401
Morocco,2021-12-13,Face Off,"Tech N9ne, Joey Cool, King Iso, Dwayne Johnson",https://open.spotify.com/track/6M47gaKejso9772SKTa3yH,23,34.285714285714285,7,0.5741616491996138
Finland,2021-12-13,Vitunvitun Vittu!,Asiamies,https://open.spotify.com/track/7x9UblfMF9OhYmmDyg7oK7,23,26.142857142857142,7,0.574140160558231
Taiwan,2021-12-13,踊り子,Vaundy,https://open.spotify.com/track/4xk70Qur2QeRmWIzWPC63V,5,7.0,7,0.5740960901604776
Egypt,2021-12-13,Playground (from the series Arcane League of Legends),Bea Miller,https://open.spotify.com/track/5f2zZawBtGBEw24ABweErz,21,24.714285714285715,7,0.5740862942080847
Costa Rica,2021-12-13,"No Tengo Hambre, Tengo Ansiedad",Alan Sutton y las criaturitas de la ansiedad,https://open.spotify.com/track/0kqWb82ACdjcObDqDqD0zg,27,32.714285714285715,7,0.5737276398662293
Germany,2021-12-13,DER LETZTE SONG (ALLES WIRD GUT) (feat. Fred Rabe),KUMMER,https://open.spotify.com/track/2FQRZLR31e3423Nmrgv0Pv,2,3.5714285714285716,7,0.5736554055799666
Indonesia,2021-12-13,Give Me Your Forever,Zack Tabudlo,https://open.spotify.com/track/4mzP5mHkRvGxdhdGdAH7EJ,18,19.428571428571427,7,0.573620711776184
Taiwan,2021-12-13,Oz.,yama,https://open.spotify.com/track/2VRcLEvQCMByWBuvM9gaJ2,20,22.428571428571427,7,0.5735291093256001
Spain,2021-12-13,Alien Blues,Vundabar,https://open.spotify.com/track/6UjeFOCGYgMpBUtqKg1Je3,19,22.714285714285715,7,0.5734673655679616
Uruguay,2021-12-13,Una Vaina Loca,"Fuego, Manuel Turizo, Duki",https://open.spotify.com/track/2qEoAz0i6yEz5dPggABcLH,29,32.714285714285715,7,0.573428658452294
Paraguay,2021-12-13,"Trava na Pose, Chama no Zoom, Dá um Close (feat. Mc Rennan)","DJ Patrick Muniz, Dj Olliver, Mc Topre",https://open.spotify.com/track/0DsPj89zlY3Us7xb5cXK5h,26,30.285714285714285,7,0.5733351963338147
Costa Rica,2021-12-13,Ninguno Pudo Con El,La Garra Herediana,https://open.spotify.com/track/3SxCba59Zu8AehbTGm3v1o,21,21.0,1,0.5729752208778137
South Korea,2021-12-13,ベテルギウス,Yuuri,https://open.spotify.com/track/2sf18cEv463VgqmdjDsFpw,18,20.428571428571427,7,0.5729156220299146
Belgium,2021-12-13,Do It To It,"ACRAZE, Cherish",https://open.spotify.com/track/20on25jryn53hWghthWWW3,14,15.428571428571429,7,0.5725761072734825
Hong Kong,2021-12-13,ベテルギウス,Yuuri,https://open.spotify.com/track/2sf18cEv463VgqmdjDsFpw,26,34.42857142857143,7,0.5725212087706918
Egypt,2021-12-13,Apocalypse,Cigarettes After Sex,https://open.spotify.com/track/3AVrVz5rK8Hrqo9YGiVGN5,34,39.5,6,0.5724438853606384
Philippines,2021-12-13,แค่เพื่อนมั้ง (Just Friend?) - เพลงประกอบซีรีส์ แค่เพื่อนครับเพื่อน BAD BUDDY SERIES,นนน กรภัทร์,https://open.spotify.com/track/03jBontbv2DkRxsgLU8H4x,8,8.571428571428571,7,0.572412414204329
Vietnam,2021-12-13,lost souls (with Brent Faiyaz),Baby Keem,https://open.spotify.com/track/02rdXe0KhMe8p6ZHzYtuw0,35,38.142857142857146,7,0.5720357333721428
Colombia,2021-12-13,Do It To It,"ACRAZE, Cherish",https://open.spotify.com/track/20on25jryn53hWghthWWW3,10,12.571428571428571,7,0.5720167537096771
Saudi Arabia,2021-12-13,أدعج عيون,Majed Alrslani,https://open.spotify.com/track/2gfpyKUlTSUwmtiWj0vDW4,39,44.166666666666664,6,0.5719116450174109
Mexico,2021-12-13,Lo Siento BB:/ (with Bad Bunny & Julieta Venegas),Tainy,https://open.spotify.com/track/4gzsuuZypVbxs0Af1LSZyB,33,36.42857142857143,7,0.5718231127392122
Austria,2021-12-13,Come Over (Again),Crawlers,https://open.spotify.com/track/4PDJDIdWxNN1AlnbrKkoPf,14,18.0,7,0.5717635114331769
France,2021-12-13,MAUVAIS PAYEUR,La Fève,https://open.spotify.com/track/2IGabiC03QhYoz6lcAmxXk,13,17.25,4,0.5715899506589611
Indonesia,2021-12-13,Pope Is a Rockstar,SALES,https://open.spotify.com/track/0So2sgVa8aJiARPl2P29u2,12,17.25,4,0.5713878221095933
Hungary,2021-12-13,messzi világ szerkezete,gyuris,https://open.spotify.com/track/4Z55llsKV24VTRpncDWVu8,39,44.857142857142854,7,0.5711533528386408
Poland,2021-12-13,The Perfect Girl,Mareux,https://open.spotify.com/track/5RBOcBpJXaNnHCGViJmYhh,15,16.333333333333332,6,0.5711495512958706
Sweden,2021-12-13,Fairytale of New York (feat. Kirsty MacColl),The Pogues,https://open.spotify.com/track/3VTNVsTTu05dmTsVFrmGpK,8,9.0,7,0.5710752403448075
Vietnam,2021-12-13,Paper Cuts,EXO-CBX,https://open.spotify.com/track/4WEDwbFzxYsd28HZtuG7Yd,20,27.75,4,0.5709546731212125
Portugal,2021-12-13,Mbappe,"NINJADRILL, Moraddx, Lacrimmx",https://open.spotify.com/track/5aP6skCcQUd1g3uGJLqTnW,7,9.75,4,0.5708825476318983
Czech Republic,2021-12-13,Dirty Little Animals (From the series Arcane League of Legends),BONES UK,https://open.spotify.com/track/2ZuDGsKSJpQdJmpknJ7ypF,21,27.428571428571427,7,0.5708249778480688
Brazil,2021-12-13,Pira Nos Caipira,"Dj Chris No Beat, Luan Pereira",https://open.spotify.com/track/5aQsAijCXIoHqGXu9RGS6s,19,20.428571428571427,7,0.57037930978381
Paraguay,2021-12-13,MIDDLE OF THE NIGHT,Elley Duhé,https://open.spotify.com/track/58HvfVOeJY7lUuCqF0m3ly,36,39.857142857142854,7,0.5701570311188494
Paraguay,2021-12-13,Convéncete,Princesa Alba,https://open.spotify.com/track/5UyH584f99c7qErZifyaHy,25,33.0,3,0.5701088893250034
Saudi Arabia,2021-12-13,All Too Well (10 Minute Version) (Taylor's Version) (From The Vault),Taylor Swift,https://open.spotify.com/track/5enxwA8aAbwZbf5qCHORXi,26,28.428571428571427,7,0.570000962540093
Norway,2021-12-13,Super Idol - Remix,Samstring,https://open.spotify.com/track/5t07RuwZAUBBnF2tWKwgmP,3,4.0,7,0.5699862240191749
South Africa,2021-12-13,Cpr,cupcakKe,https://open.spotify.com/track/35mBYyB61qTcGGj7MXIRM1,15,23.714285714285715,7,0.5699798845176022
Germany,2021-12-13,La Espada,Eternal Raijin,https://open.spotify.com/track/6w969Gr8VhF02vaHs67oo9,24,25.285714285714285,7,0.5698546545129164
Indonesia,2021-12-13,Sahabat Dulu - From Layangan Putus,Prinsa Mandagie,https://open.spotify.com/track/0zwz8FMlxFZXdnMHhLNvx5,16,17.285714285714285,7,0.5697192209816262
Ukraine,2021-12-13,dreamcore//,Pathetic,https://open.spotify.com/track/2cfFwuqPLUre5laXoyiRme,24,28.142857142857142,7,0.5696555903761654
Slovakia,2021-12-13,Dirty Little Animals (From the series Arcane League of Legends),BONES UK,https://open.spotify.com/track/2ZuDGsKSJpQdJmpknJ7ypF,30,36.0,5,0.5695232449102062
India,2021-12-13,MIDDLE OF THE NIGHT,Elley Duhé,https://open.spotify.com/track/58HvfVOeJY7lUuCqF0m3ly,10,11.857142857142858,7,0.5694875204249649
Canada,2021-12-13,The Perfect Girl,Mareux,https://open.spotify.com/track/5RBOcBpJXaNnHCGViJmYhh,20,21.833333333333332,6,0.569205012296336
Russia,2021-12-13,Swimming Pool,Marie Madeleine,https://open.spotify.com/track/3BMqVk2NJbH4fxf84e8kDC,8,8.857142857142858,7,0.569198122554369
Slovakia,2021-12-13,What Could Have Been feat. Ray Chen (from the series Arcane League of Legends),Sting,https://open.spotify.com/track/4Oih3RDrSFg3afaOphBVuy,24,32.142857142857146,7,0.5690732438547517
Ecuador,2021-12-13,Two Birds,Regina Spektor,https://open.spotify.com/track/2n0U2OG5d6TuW5mKx7YrC0,19,28.142857142857142,7,0.5689291056910245
Austria,2021-12-13,Ich Muss Gar Nichts,Antje Schomaker,https://open.spotify.com/track/4k3Fa19nJi0YPXuiUtZkOp,29,40.857142857142854,7,0.5686325149647048
Taiwan,2021-12-13,abcdefu (angrier),GAYLE,https://open.spotify.com/track/1EQFOouqdKYdpbNoOHRVO2,30,33.42857142857143,7,0.5685059049195131
Luxembourg,2021-12-13,Coming for You (feat. A1 x J1),SwitchOTR,https://open.spotify.com/track/1xIqDFx3KdByBnKMlTECcM,16,32.4,5,0.5683186741836677
Italy,2021-12-13,I AM WOMAN,Emmy Meli,https://open.spotify.com/track/3nOz1U41SZZ0N3fuUWr9nb,2,3.0,7,0.5682986664210216
Dominican Republic,2021-12-13,Un Millón de Primaveras,Vicente Fernández,https://open.spotify.com/track/6j5LtifAnuTjTYvml61yFZ,26,37.5,4,0.5682795258386059
Portugal,2021-12-13,MT - Pra Que Brigar Vs Novinha Malada Do Insta,DJ HF,https://open.spotify.com/track/5wDr1nOqIvWj7IoH5zlJKb,27,36.857142857142854,7,0.5682566016198976
Estonia,2021-12-13,Toxic,BoyWithUke,https://open.spotify.com/track/2gQPv5jvVPqU2a9HhMNO1v,30,32.285714285714285,7,0.5682238217177454
Hong Kong,2021-12-13,對得起自己,Jason Chan,https://open.spotify.com/track/0dbKKEitEKGPpgY7qOFwpe,27,34.42857142857143,7,0.5681066561629747
Estonia,2021-12-13,I AM WOMAN,Emmy Meli,https://open.spotify.com/track/3nOz1U41SZZ0N3fuUWr9nb,3,5.142857142857143,7,0.5680680185481302
South Korea,2021-12-13,Happier Than Ever,ASTN,https://open.spotify.com/track/7es56D0QedGMsK39wl2yFX,7,8.571428571428571,7,0.5678486040600231
Lithuania,2021-12-13,Только по дури,Ежемесячные,https://open.spotify.com/track/24h4LzuORNmnSviYYymhqb,29,37.666666666666664,3,0.5678063357989512
Luxembourg,2021-12-13,Bruxelles je t’aime,Angèle,https://open.spotify.com/track/0iqk44gA8PaId0Fwa6eesN,5,13.857142857142858,7,0.5677552516101977
South Africa,2021-12-13,At All,evvz,https://open.spotify.com/track/6FjmpC78dRHLwcWT7cHMyf,26,35.42857142857143,7,0.567649436789613
Guatemala,2021-12-13,Romántico,"Ramon Vega, Cornelio Vega y su Dinastia",https://open.spotify.com/track/0wi7Cq9aRlNz8kaHd4UD9u,22,27.285714285714285,7,0.5675663547006241
Egypt,2021-12-13,Toxic,BoyWithUke,https://open.spotify.com/track/2gQPv5jvVPqU2a9HhMNO1v,18,19.571428571428573,7,0.5674904775652968
Saudi Arabia,2021-12-13,I Love You So,The Walters,https://open.spotify.com/track/4SqWKzw0CbA05TGszDgMlc,16,17.571428571428573,7,0.567486119787379
Taiwan,2021-12-13,"Reset (Feat. Gaeko, Kid Milli) (Prod. CODE KUNST)","SINCE, Tabber",https://open.spotify.com/track/5oD7cKg3DRl2HFuybvVsI5,20,22.0,7,0.5674098172843244
Greece,2021-12-13,Daewoo 3,Bloody Hawk,https://open.spotify.com/track/6pwZ0KpNZ4CKwXcTiGRiOq,11,16.714285714285715,7,0.5670562700338572
Australia,2021-12-13,"30/90 (from ""tick, tick... BOOM!"" Soundtrack from the Netflix Film)","Andrew Garfield, Joshua Henry, Vanessa Hudgens, Robin de Jesus, Alexandra Shipp, MJ Rodriguez",https://open.spotify.com/track/55MIRLbZzpYSmMlRt9ZDWM,7,8.285714285714286,7,0.5670095534995143
United Kingdom,2021-12-13,Fairytale of New York (feat. Kirsty MacColl),The Pogues,https://open.spotify.com/track/3VTNVsTTu05dmTsVFrmGpK,10,11.857142857142858,7,0.5669603502322169
United Arab Emirates,2021-12-13,وصلنا,"VO, Abdulaziz Louis, Bader AlShuaibi",https://open.spotify.com/track/5x30FoNuMhL1dzwrSbDpEm,18,23.714285714285715,7,0.5667803299364127
Malaysia,2021-12-13,"MERRY-GO-ROUND (Feat. Zion.T, Wonstein) (Prod. Slom)",sokodomo,https://open.spotify.com/track/2eLe81VDUQ5f0xFfc9cMWz,19,27.0,7,0.5667100920492699
Turkey,2021-12-13,Dönersen Islık Çal,Manuş Baba,https://open.spotify.com/track/4JWAN1SBE6r2PHbXTHzQNx,31,34.142857142857146,7,0.5667079794708618
El Salvador,2021-12-13,Me Dijeron Que No,Romi Marcos,https://open.spotify.com/track/4SQxupnCXpSzkmcTkR7qZj,35,40.8,5,0.5665620509705473
Bulgaria,2021-12-13,Bananza (Belly Dancer),Akon,https://open.spotify.com/track/3BwkldhE22DdxOcXegF2Kv,21,22.6,5,0.566483587441196
Turkey,2021-12-13,MIDDLE OF THE NIGHT,Elley Duhé,https://open.spotify.com/track/58HvfVOeJY7lUuCqF0m3ly,4,5.0,7,0.5664132607725749
Poland,2021-12-13,Helikopter,Fazlija,https://open.spotify.com/track/3xGOOOPD2HjErQLyRFk5Wf,6,7.142857142857143,7,0.5662958640505795
Sweden,2021-12-13,Do It To It,"ACRAZE, Cherish",https://open.spotify.com/track/20on25jryn53hWghthWWW3,9,9.857142857142858,7,0.5662296408091458
Czech Republic,2021-12-13,Shiko,"Gehlektek, TakaTuka",https://open.spotify.com/track/011dWhYZyNEITebRXv3ARB,18,22.5,4,0.5661050889066435
Ireland,2021-12-13,Sahara,Hensonn,https://open.spotify.com/track/6nqdgUTiWt4JbABDurkxMI,18,20.285714285714285,7,0.5659787725715961
Dominican Republic,2021-12-13,Prende el Arbolito - Spotify Singles Holiday,"El Alfa, El Cherry Scom, Kiko el Crazy, Shelow Shaq",https://open.spotify.com/track/1C6bP1OpwtZO2RDKlQfFtW,30,39.5,4,0.565720280768167
El Salvador,2021-12-13,4:00A.M.,Taeko Onuki,https://open.spotify.com/track/0zoGVO4bQXG8U6ChKwNgeg,18,28.714285714285715,7,0.5655703801798718
France,2021-12-13,Ne parlons pas de Bruno,"Sharon Laloum, Julian Ortiz Cardona, Angèle Humeau, Tom Almodar, Kaycie Chase, Camille Timmerman, Encanto - Cast",https://open.spotify.com/track/6kGDQTU0FOUC29gILRZ4ZW,10,11.142857142857142,7,0.5655590105964967
Czech Republic,2021-12-13,Move Your Body,"Öwnboss, Sevek",https://open.spotify.com/track/6GomT970rCOkKAyyrwJeZi,22,29.142857142857142,7,0.565551126797709
Slovakia,2021-12-13,Pivko,"Cico Band, Rene Rendy",https://open.spotify.com/track/0SkXruhPA5gTI6AS9NR2aN,28,31.571428571428573,7,0.565493160184422
Germany,2021-12-13,TO THE MOON,Jnr Choi,https://open.spotify.com/track/0hYFc3HSZHDaDzquLVRwBH,1,1.4,5,0.565491188585328
Belgium,2021-12-13,No Wahala,1da Banton,https://open.spotify.com/track/4vHy2IHzf3EabEa7oMpUZB,6,11.142857142857142,7,0.5654261477286431
Ukraine,2021-12-13,Я ничего не могу с собою сделать,Electroforez,https://open.spotify.com/track/3qISOUWmtX2Qji94rPbx5u,37,41.142857142857146,7,0.5653181705556062
Switzerland,2021-12-13,Helikopter,Fazlija,https://open.spotify.com/track/3xGOOOPD2HjErQLyRFk5Wf,7,7.142857142857143,7,0.5652992290218023
Chile,2021-12-13,abcdefu,GAYLE,https://open.spotify.com/track/4fouWK6XVHhzl78KzQ1UjL,6,7.428571428571429,7,0.5651678689582417
Iceland,2021-12-13,Af álfum,"Margrét Eir, Friðrik Ómar",https://open.spotify.com/track/11i5Bnpjquuq7bzDjnS08V,18,20.666666666666668,6,0.565058392045943
South Africa,2021-12-13,Intimidated (feat. H.E.R.),KAYTRANADA,https://open.spotify.com/track/1jBKtzlwTVtCrScpiiHiKT,45,45.0,1,0.5649889497062972
Finland,2021-12-13,Do It To It,"ACRAZE, Cherish",https://open.spotify.com/track/20on25jryn53hWghthWWW3,10,10.714285714285714,7,0.5647411214832704
Honduras,2021-12-13,A Pesar de Todo,Vicente Fernández,https://open.spotify.com/track/6r8rc6IlfHouZoLhmBjRyK,32,36.6,5,0.5646974068922873
Egypt,2021-12-13,Dirty Little Animals (From the series Arcane League of Legends),BONES UK,https://open.spotify.com/track/2ZuDGsKSJpQdJmpknJ7ypF,23,25.857142857142858,7,0.5646837931451012
Morocco,2021-12-13,Kohen,2Ton,https://open.spotify.com/track/1G5XGAMOAqKkPpZhufAX3S,24,34.166666666666664,6,0.5646459948918005
Spain,2021-12-13,Taca a Xereca pra Mim,MC Kaique da VP,https://open.spotify.com/track/2GqCEJpzmD81AJ2H0Hyz5T,6,7.0,7,0.5642073991674766
Sweden,2021-12-13,No Wahala,1da Banton,https://open.spotify.com/track/4vHy2IHzf3EabEa7oMpUZB,11,11.428571428571429,7,0.5640792685177342
Thailand,2021-12-13,แก่จนป่านนี้คงเป็นไอ้ต้าวต่อไปวอนขอเพียงเธอแค่หางตา,ดวงดาว เดียวดาย,https://open.spotify.com/track/5WXsdMYvcWBK8vr0QTzub5,12,18.0,7,0.5640025451159799
Singapore,2021-12-13,Own Brand Freestyle,"FelixThe1st, Dreya Mac, Finch Fetti",https://open.spotify.com/track/6Jzdxguk63s6CVVXHIrQ0x,15,16.0,7,0.5639849340825042
Taiwan,2021-12-13,ベテルギウス,Yuuri,https://open.spotify.com/track/2sf18cEv463VgqmdjDsFpw,31,33.714285714285715,7,0.5639388021721189
Hungary,2021-12-13,Own Brand Freestyle,"FelixThe1st, Dreya Mac, Finch Fetti",https://open.spotify.com/track/6Jzdxguk63s6CVVXHIrQ0x,15,18.285714285714285,7,0.5637912293206688
Bulgaria,2021-12-13,Notion,The Rare Occasions,https://open.spotify.com/track/0sTlGEld0h8kIPZaKDYUf4,31,40.142857142857146,7,0.5637025131871339
Paraguay,2021-12-13,Cpr,cupcakKe,https://open.spotify.com/track/35mBYyB61qTcGGj7MXIRM1,26,36.833333333333336,6,0.5635633437920903
United States,2021-12-13,3 BIG BALLS,DigBarGayRaps,https://open.spotify.com/track/2YIDnkBfwbLMkt9rcugLdr,13,13.428571428571429,7,0.5633858003438948
Chile,2021-12-13,Chandelier,Will Paquin,https://open.spotify.com/track/3REELyDyt5SPKX2387Zubv,17,18.142857142857142,7,0.5633308820213715
Lithuania,2021-12-13,MARCELINE,Lil God Dan,https://open.spotify.com/track/17zEBtrjKKa2hwk9CxWIkX,30,37.5,6,0.563251702406184
Uruguay,2021-12-13,CAMBIANDO LA PIEL,"WOS, Nicki Nicole",https://open.spotify.com/track/2y2iEADc8O0Vv5IKHSs21i,21,22.428571428571427,7,0.5629239443081248
Denmark,2021-12-13,abcdefu,GAYLE,https://open.spotify.com/track/4fouWK6XVHhzl78KzQ1UjL,7,7.571428571428571,7,0.5629238818409191
Belgium,2021-12-13,TO THE MOON,Jnr Choi,https://open.spotify.com/track/0hYFc3HSZHDaDzquLVRwBH,5,5.2,5,0.5628895077955965
United Arab Emirates,2021-12-13,Paathira Kaalam,Tribemama Marykali,https://open.spotify.com/track/1q947de3PUA2aqGMKsl3DM,31,36.142857142857146,7,0.5627217134303546
Ecuador,2021-12-13,Claveles y Rosas,Los Pibes Trujillo,https://open.spotify.com/track/0QW8QjP12Uykc0NSQTqgcM,21,25.333333333333332,3,0.5626561193423997
Dominican Republic,2021-12-13,Mariachi,"El Cherry Scom, B One El Productor De Oro, R-M MUSIC PUBLISHING",https://open.spotify.com/track/7eXphCt4ZZ3srFaujimdV7,34,42.166666666666664,6,0.5625591513925323
Guatemala,2021-12-13,A Mi Manera - En Vivo [Un Azteca en el Azteca],Vicente Fernández,https://open.spotify.com/track/78fl7FwLL7HK60Oa6xg4Ng,27,38.6,5,0.562371764854187
El Salvador,2021-12-13,Es Que Me Gustas - En Vivo,Los 2 de la S,https://open.spotify.com/track/6nyl8kugrRsjzvpFhvw4hE,33,37.0,7,0.5622114295845027
Saudi Arabia,2021-12-13,This December,Ricky Montgomery,https://open.spotify.com/track/3gjRRs7gmh3Euynu1cau1d,6,12.428571428571429,7,0.5621139792241503
United Kingdom,2021-12-13,Down Under (feat. Colin Hay),Luude,https://open.spotify.com/track/7AVyve7cFYTd51ha5i9kE2,7,8.666666666666666,6,0.5620641354440279
Canada,2021-12-13,"30/90 (from ""tick, tick... BOOM!"" Soundtrack from the Netflix Film)","Andrew Garfield, Joshua Henry, Vanessa Hudgens, Robin de Jesus, Alexandra Shipp, MJ Rodriguez",https://open.spotify.com/track/55MIRLbZzpYSmMlRt9ZDWM,13,14.857142857142858,7,0.561872311633511
Indonesia,2021-12-13,Habibi,"Ricky Rich, Dardan, Zuna",https://open.spotify.com/track/0PukrHFus6hVBHku8hrS0Z,26,35.2,5,0.5616844129428431
Malaysia,2021-12-13,GOT MY NUMBER,Monsta X,https://open.spotify.com/track/2QI91Tq1F2Tl0slIaSegs1,34,38.714285714285715,7,0.5616399415595129
Paraguay,2021-12-13,abcdefu (angrier),GAYLE,https://open.spotify.com/track/1EQFOouqdKYdpbNoOHRVO2,30,38.2,5,0.5611443847920203
Latvia,2021-12-13,SAD GIRLZ LUV MONEY Remix (feat. Kali Uchis and Moliy),Amaarae,https://open.spotify.com/track/09gysnJpfQ3ublBmJDfcEC,21,29.571428571428573,7,0.5611353224517264
Panama,2021-12-13,Tacones Rojos,Sebastian Yatra,https://open.spotify.com/track/0Be7sopyKMv8Y8npsUkax2,25,29.571428571428573,7,0.5610980352855846
Peru,2021-12-13,I Love You So,The Walters,https://open.spotify.com/track/4SqWKzw0CbA05TGszDgMlc,18,20.714285714285715,7,0.5608051192539004
Greece,2021-12-13,LA FAMA (with The Weeknd),ROSALÍA,https://open.spotify.com/track/6dmXZ9B5HdFAyzHeTneYBK,37,37.857142857142854,7,0.56079017779199
Czech Republic,2021-12-13,Paní mrdu,NATALKAN,https://open.spotify.com/track/5xLCG4kxHSSldVKH92Z2kZ,10,10.714285714285714,7,0.5606824666718819
Panama,2021-12-13,Dynamite,BTS,https://open.spotify.com/track/5QDLhrAOJJdNAmCTJ8xMyW,38,41.0,6,0.5605977784719499
Belgium,2021-12-13,vol,MEROL,https://open.spotify.com/track/2CPcQmXN7gxSjJk1INXsz4,31,38.285714285714285,7,0.560591844516737
Mexico,2021-12-13,Como Lo Hice Yo,"Matisse, Carin Leon",https://open.spotify.com/track/64JzNzcoSZOh3RWeoghVfk,34,35.42857142857143,7,0.560413237615065
Dominican Republic,2021-12-13,Monastery,"Ryan Castro, Feid",https://open.spotify.com/track/1JpzJfxjHGFUyTHXLZidok,35,40.5,6,0.560311437268228
United Kingdom,2021-12-13,Surface Pressure,Jessica Darrow,https://open.spotify.com/track/760jhRscwGbIIe1m1IIQpU,7,9.285714285714286,7,0.560192071868904
South Africa,2021-12-13,Ameno Amapiano,Nektunez,https://open.spotify.com/track/4kmKOiYZ7w7RAO95Auh2R7,46,46.0,1,0.5600560841028696
Taiwan,2021-12-13,Enemy (with JID) - from the series Arcane League of Legends,Imagine Dragons,https://open.spotify.com/track/1r9xUipOqoNwggBpENDsvJ,9,12.428571428571429,7,0.5600452924545745
Morocco,2021-12-13,MAUVAIS PAYEUR,La Fève,https://open.spotify.com/track/18gJ5bLhq6cfKJefdwzGpj,25,32.333333333333336,3,0.5599863077886743
Latvia,2021-12-13,Она звезда,Ваня Люленов,https://open.spotify.com/track/5ue6kRvEbNdJLUxcdNrPoz,23,29.142857142857142,7,0.559980232393025
Italy,2021-12-13,Come nelle canzoni,Coez,https://open.spotify.com/track/0JsfWhQ2STKCqsvKse3Rgj,14,15.571428571428571,7,0.5599675225782716
Canada,2021-12-13,Coming for You (feat. A1 x J1),SwitchOTR,https://open.spotify.com/track/1xIqDFx3KdByBnKMlTECcM,15,16.0,7,0.559931570357265
Panama,2021-12-13,Medallo,"Blessd, Justin Quiles, Lenny Tavárez",https://open.spotify.com/track/6lX6l7OuA3qrnIRfdsr0dw,38,42.333333333333336,6,0.5599307881790341
Bolivia,2021-12-13,Ameaça,"Paulo Pires, Mc Danny, Marcynho Sensação",https://open.spotify.com/track/4fSHADbZbhpZCT9oJpxwbP,27,35.857142857142854,7,0.5597787415100415
Honduras,2021-12-13,Ayer y Hoy,Julio Jaramillo,https://open.spotify.com/track/58J23cD4zeeidroDepVhX7,33,41.333333333333336,6,0.559726766615839
United Arab Emirates,2021-12-13,Ameno Amapiano - Remix,"Goya Menor, Nektunez",https://open.spotify.com/track/3JIWSOzzlJfyf2Y1i54QeX,15,22.0,2,0.5596982512805049
Slovakia,2021-12-13,Own Brand Freestyle,"FelixThe1st, Dreya Mac, Finch Fetti",https://open.spotify.com/track/6Jzdxguk63s6CVVXHIrQ0x,15,27.5,6,0.5596782555226152
Guatemala,2021-12-13,HORNY,"Michelle Maciel, LuisOn",https://open.spotify.com/track/6znBkjdJobduYhgeeZcvCb,13,26.166666666666668,6,0.5596411675333209
Romania,2021-12-13,Cpr,cupcakKe,https://open.spotify.com/track/35mBYyB61qTcGGj7MXIRM1,8,15.428571428571429,7,0.5595968694059706
Morocco,2021-12-13,D O D O,Tayc,https://open.spotify.com/track/7fWotHT92my4vLN713vFTa,29,40.25,4,0.5594655193032552
South Africa,2021-12-13,Ngwana wa Motho,"Lil Meri, Lexxyphonik",https://open.spotify.com/track/5MmxQYMMu4zYiRZ34XaoFl,37,43.5,4,0.5592719556058156
Greece,2021-12-13,Certy,"Gio Melody, RICTA, For3al",https://open.spotify.com/track/14vC8q17NqQXBp5wHHBE3J,37,43.0,6,0.5591853253312203
Czech Republic,2021-12-13,Goodbye (from the series Arcane League of Legends),Ramsey,https://open.spotify.com/track/5QWjrWckcPcSVqQNfbD4Bc,24,39.714285714285715,7,0.5588997969058236
Nicaragua,2021-12-13,Es Que Me Gustas - En Vivo,Los 2 de la S,https://open.spotify.com/track/6nyl8kugrRsjzvpFhvw4hE,17,29.571428571428573,7,0.5587623130339109
France,2021-12-13,LOST IN PARADISE,"ALI, AKLO",https://open.spotify.com/track/7kRKlFCFLAUwt43HWtauhX,26,30.428571428571427,7,0.5586265071994987
Luxembourg,2021-12-13,Face Off,"Tech N9ne, Joey Cool, King Iso, Dwayne Johnson",https://open.spotify.com/track/6M47gaKejso9772SKTa3yH,9,11.714285714285714,7,0.5585947621578293
Japan,2021-12-13,abcdefu,GAYLE,https://open.spotify.com/track/4fouWK6XVHhzl78KzQ1UjL,1,1.5714285714285714,7,0.5585541627972678
Morocco,2021-12-13,Bananza (Belly Dancer),Akon,https://open.spotify.com/track/3BwkldhE22DdxOcXegF2Kv,16,24.8,5,0.5583929315418702
Czech Republic,2021-12-13,Live Another Day,Kordhell,https://open.spotify.com/track/34lfu3S4fIcKZRNXzbdbo7,23,37.666666666666664,6,0.5583488517908501
Thailand,2021-12-13,ฉันไม่ได้รักเธอขนาดนั้น,เหวย เหวย ฮัน,https://open.spotify.com/track/13V4fI9s3enCDDPHlUsoFx,35,37.0,7,0.5582400231946668
United Kingdom,2021-12-13,Elevate,Nemzzz,https://open.spotify.com/track/0nmW4fvqTwUDjlz13MNpJU,13,17.714285714285715,7,0.5582328884229203
Slovakia,2021-12-13,Dynasties & Dystopia (from the series Arcane League of Legends),"Denzel Curry, Gizzle, Bren Joy",https://open.spotify.com/track/5EIkdrmuu2xkoQWOWjoeFY,16,21.285714285714285,7,0.5576891003387736
Portugal,2021-12-13,MIDDLE OF THE NIGHT,Elley Duhé,https://open.spotify.com/track/58HvfVOeJY7lUuCqF0m3ly,7,11.428571428571429,7,0.5575703292537417
Iceland,2021-12-13,Eldur í hjarta (Lifandi),Frostrósir,https://open.spotify.com/track/64YFcpOpy9Byu275cSS769,30,30.666666666666668,6,0.5575673193507442
Colombia,2021-12-13,Swimming Pool,Marie Madeleine,https://open.spotify.com/track/3BMqVk2NJbH4fxf84e8kDC,8,8.0,1,0.5574739565523799
Costa Rica,2021-12-13,Tu Canción,Kendall Peña,https://open.spotify.com/track/2gUGu5HJHJu7aSRTb6Sm5K,6,12.428571428571429,7,0.5574314391917189
Honduras,2021-12-13,Los Malvekes,"Cris Mj, Marcianeke, Simon la Letra, Stars Music Chile",https://open.spotify.com/track/1AnJQd8TfkhK6M3VgZDVv1,26,38.75,4,0.5572688758599126
Uruguay,2021-12-13,Ela me Falou Que Quer Rave,"MC Levin, DJ Nikolas Alves Exclusive, DJ Kaioken, DJ Gege",https://open.spotify.com/track/0JdkDCdrhMOaeXjIZdeBXN,35,42.42857142857143,7,0.5569965454180963
Morocco,2021-12-13,Kanun,Lacrim,https://open.spotify.com/track/0GaHJMM5iRK1Is237TaOTj,24,30.833333333333332,6,0.5567092402174014
Egypt,2021-12-13,Nothing,Bruno Major,https://open.spotify.com/track/2IAR0DziHCjSu16gR4ihvy,23,27.0,7,0.556606985308143
Lithuania,2021-12-13,Italove,EMMANUELLE,https://open.spotify.com/track/4ll1UfyVm9we6xoTNGnMYO,36,41.2,5,0.5564460712163554
Ukraine,2021-12-13,The Perfect Girl,Mareux,https://open.spotify.com/track/5RBOcBpJXaNnHCGViJmYhh,29,33.5,6,0.5562072417024249
Guatemala,2021-12-13,Nothing,Bruno Major,https://open.spotify.com/track/2IAR0DziHCjSu16gR4ihvy,13,25.285714285714285,7,0.5561809664373314
New Zealand,2021-12-13,Friday Night,King George,https://open.spotify.com/track/1Ynv5ahQNdRRgDGcMVa3Y6,4,5.714285714285714,7,0.556158474624878
Greece,2021-12-13,Poppy,"Lovd, Vousou",https://open.spotify.com/track/6p8eZFmI1qMO1M9DygV0mn,39,44.42857142857143,7,0.5561292076135288
Ecuador,2021-12-13,Fall in Love with You.,Montell Fish,https://open.spotify.com/track/31MQR9rOHRXyg4J01hRY1h,11,20.285714285714285,7,0.5560409122428993
Portugal,2021-12-13,Two Birds,Regina Spektor,https://open.spotify.com/track/2n0U2OG5d6TuW5mKx7YrC0,43,45.833333333333336,6,0.555988004803439
Bolivia,2021-12-13,Para Siempre,Vicente Fernández,https://open.spotify.com/track/0uyVgmoXDbwS1ubv8AurVZ,34,40.75,4,0.5557120523910659
Latvia,2021-12-13,The Perfect Girl,Mareux,https://open.spotify.com/track/5RBOcBpJXaNnHCGViJmYhh,11,13.5,6,0.5555034471230422
Colombia,2021-12-13,El Avioncito,Giblack,https://open.spotify.com/track/4LpLAy1TgTVg097hienIjS,15,16.571428571428573,7,0.5553618846557373
Australia,2021-12-13,It's Called: Freefall,Rainbow Kitten Surprise,https://open.spotify.com/track/474uVhyGgK5MtY9gMcDgGl,24,30.428571428571427,7,0.555348686902127
Israel,2021-12-13,Notion,The Rare Occasions,https://open.spotify.com/track/0sTlGEld0h8kIPZaKDYUf4,13,15.0,7,0.5551216572930558
South Africa,2021-12-13,Osama,"Zakes Bantwini, Kasango",https://open.spotify.com/track/0T0FIfA0AI3ELwNVBSZNS3,47,47.0,1,0.5551113279387263
Ecuador,2021-12-13,Estos Celos,Vicente Fernández,https://open.spotify.com/track/6u6kH7V7Tx5xDJtF82vVw0,30,37.0,4,0.5550166126887751
Honduras,2021-12-13,Own Brand Freestyle,"FelixThe1st, Dreya Mac, Finch Fetti",https://open.spotify.com/track/6Jzdxguk63s6CVVXHIrQ0x,32,38.142857142857146,7,0.5549646053541933
Singapore,2021-12-13,南半球与北海道,范倪Liu,https://open.spotify.com/track/3sLVMBnNhHBUyriZyHaVNI,27,32.714285714285715,7,0.5547006911056866
Bolivia,2021-12-13,all I want is you,"Rebzyyx, hoshie star",https://open.spotify.com/track/7lOvJBqH38ZY59eLU7bioq,35,37.5,2,0.5545178690248083
El Salvador,2021-12-13,Que De Raro Tiene,Vicente Fernández,https://open.spotify.com/track/3gA2qpAbnuKLQV8Q9ZtIcf,35,40.0,5,0.5544193071818605
South Korea,2021-12-13,"Reset (Feat. Gaeko, Kid Milli) (Prod. CODE KUNST)","SINCE, Tabber",https://open.spotify.com/track/5oD7cKg3DRl2HFuybvVsI5,7,7.714285714285714,7,0.5544100992522103
Latvia,2021-12-13,Месяц,Palina,https://open.spotify.com/track/6ld52YcdNV7pdvIs69u4tP,37,43.0,6,0.5543441966222291
Morocco,2021-12-13,Die For You,"VALORANT, Grabbitz",https://open.spotify.com/track/2lz3zjQ5QCVXiyOzIk02vW,26,34.714285714285715,7,0.5543082553715427
Guatemala,2021-12-13,Face Off,"Tech N9ne, Joey Cool, King Iso, Dwayne Johnson",https://open.spotify.com/track/6M47gaKejso9772SKTa3yH,26,33.42857142857143,7,0.5542524123583137
Sweden,2021-12-13,Alien Blues,Vundabar,https://open.spotify.com/track/6UjeFOCGYgMpBUtqKg1Je3,13,13.428571428571429,7,0.554197289349663
Saudi Arabia,2021-12-13,Happier Than Ever,ASTN,https://open.spotify.com/track/7es56D0QedGMsK39wl2yFX,32,37.0,7,0.554113023827856
Ireland,2021-12-13,Make Me Feel Good,"Belters Only, Jazzy",https://open.spotify.com/track/4CUX44NA1CPEzd0ibMLQsL,23,27.428571428571427,7,0.5540876358058014
Costa Rica,2021-12-13,Dynasties & Dystopia (from the series Arcane League of Legends),"Denzel Curry, Gizzle, Bren Joy",https://open.spotify.com/track/5EIkdrmuu2xkoQWOWjoeFY,30,33.714285714285715,7,0.5535830162936999
Chile,2021-12-13,Lo Siento BB:/ (with Bad Bunny & Julieta Venegas),Tainy,https://open.spotify.com/track/4gzsuuZypVbxs0Af1LSZyB,34,36.857142857142854,7,0.5533704871182739
United Arab Emirates,2021-12-13,Happier Than Ever,ASTN,https://open.spotify.com/track/7es56D0QedGMsK39wl2yFX,9,11.142857142857142,7,0.553165767219187
Malaysia,2021-12-13,指紋,杜宣達,https://open.spotify.com/track/01clQd7YUW4nEre2I8jo7d,24,33.166666666666664,6,0.5528355809688361
Hong Kong,2021-12-13,Do It To It,"ACRAZE, Cherish",https://open.spotify.com/track/20on25jryn53hWghthWWW3,29,32.285714285714285,7,0.5527980518589367
Slovakia,2021-12-13,The Perfect Girl,Mareux,https://open.spotify.com/track/6J4XizhuOlKmPWykPrHIrV,14,14.0,1,0.5527185678978284
Israel,2021-12-13,Legend,Tevvez,https://open.spotify.com/track/05EG9LwFCVjkoYEWzsrHHO,26,39.142857142857146,7,0.5526934426110678
El Salvador,2021-12-13,All Too Well (10 Minute Version) (Taylor's Version) (From The Vault),Taylor Swift,https://open.spotify.com/track/5enxwA8aAbwZbf5qCHORXi,21,27.857142857142858,7,0.5526781340284027
Turkey,2021-12-13,I AM WOMAN,Emmy Meli,https://open.spotify.com/track/3nOz1U41SZZ0N3fuUWr9nb,7,8.142857142857142,7,0.5526621864204926
United Arab Emirates,2021-12-13,God Must Hate Me,Catie Turner,https://open.spotify.com/track/21xzFXSL2XkZ2mIzDDAqTK,21,27.857142857142858,7,0.5525297500494066
Austria,2021-12-13,superswag pt. 1,"ilyproxy, leander, Hadesthegrim, eversonder",https://open.spotify.com/track/08556SGxHuwQGdFKjCblO6,6,8.0,7,0.5524456881091031
Germany,2021-12-13,СОЛНЦЕ МОНАКО,Lusia Chebotina,https://open.spotify.com/track/5YDBHDEIgWkfairCJgGApW,26,27.571428571428573,7,0.5523371017637293
Slovakia,2021-12-13,Shiko,"Gehlektek, TakaTuka",https://open.spotify.com/track/011dWhYZyNEITebRXv3ARB,29,36.666666666666664,3,0.552171038633033
Portugal,2021-12-13,"Set do Dj 2W, Vol. 2","MC L da Vinte, MC Luan da BS, Mc DB, MC Josh, MC Braz, MC Keven da VC",https://open.spotify.com/track/5i9QsbNUyVGw8n0K1Oakde,17,23.142857142857142,7,0.5521472051059408
Philippines,2021-12-13,Cpr,cupcakKe,https://open.spotify.com/track/35mBYyB61qTcGGj7MXIRM1,12,13.857142857142858,7,0.5520383089416014
Finland,2021-12-13,DTB,Merczz,https://open.spotify.com/track/6BoXckigjvnIAZVQV6lELq,15,24.285714285714285,7,0.551903074846343
Vietnam,2021-12-13,Bước Qua Nhau,Vũ.,https://open.spotify.com/track/6GJi4nSZOiTOU2FhsgxWyH,15,17.142857142857142,7,0.5516316245763324
France,2021-12-13,LA FAMA (with The Weeknd),ROSALÍA,https://open.spotify.com/track/6dmXZ9B5HdFAyzHeTneYBK,14,16.285714285714285,7,0.5515901172184788
Nicaragua,2021-12-13,La Diferencia,Vicente Fernández,https://open.spotify.com/track/6wwMqdntt3An3mmVSb613i,21,28.6,5,0.5515773780728884
Saudi Arabia,2021-12-13,Chandelier,Will Paquin,https://open.spotify.com/track/3REELyDyt5SPKX2387Zubv,20,29.142857142857142,7,0.5514467592540157
Honduras,2021-12-13,Alejarme de Ti,"Eladio Carrion, Jay Wheeler",https://open.spotify.com/track/4YV8COy6CS7PBFHw0AO4pF,37,37.0,1,0.5512858272675519
Canada,2021-12-13,Dear God (feat. Kevin Gates),FL Dusa,https://open.spotify.com/track/1oPdIqXhjswpTnA5PPQs0K,15,18.285714285714285,7,0.5512626013443201
Nicaragua,2021-12-13,Toxic,BoyWithUke,https://open.spotify.com/track/2gQPv5jvVPqU2a9HhMNO1v,7,13.714285714285714,7,0.5512122206288831
Nicaragua,2021-12-13,Pope Is a Rockstar,SALES,https://open.spotify.com/track/0So2sgVa8aJiARPl2P29u2,19,29.333333333333332,3,0.5511664765686359
New Zealand,2021-12-13,We Don't Talk About Bruno,"Carolina Gaitán - La Gaita, Mauro Castillo, Adassa, Rhenzy Feliz, Diane Guerrero, Stephanie Beatriz, Encanto - Cast",https://open.spotify.com/track/52xJxFP6TqMuO4Yt0eOkMz,5,9.285714285714286,7,0.551057788401595
Norway,2021-12-13,Hold Mitt Hjerte,"Elias Akselsen, Betty Stjernen, Børge Pedersen",https://open.spotify.com/track/5ZMjMSFyAAF4Pe2e19L9ey,23,25.166666666666668,6,0.5509718214671432
Portugal,2021-12-13,Bota a Mão no Chão,"Felipe Cardoso DJ, Mc Fopi",https://open.spotify.com/track/3Lw41pfko5XMrsHRtlbo2k,19,23.0,7,0.5508438586146424
Panama,2021-12-13,Por Ley,"LH, BARBEL, EL ZETA, Danny Yash",https://open.spotify.com/track/3Zb2735n7CfJ8ZwKd69O01,42,42.0,1,0.5508424657992725
Ecuador,2021-12-13,Swimming Pool,Marie Madeleine,https://open.spotify.com/track/3BMqVk2NJbH4fxf84e8kDC,23,31.666666666666668,3,0.5505912863477292
Denmark,2021-12-13,Alien Blues,Vundabar,https://open.spotify.com/track/6UjeFOCGYgMpBUtqKg1Je3,8,8.857142857142858,7,0.5503146301938286
Guatemala,2021-12-13,"No Tengo Hambre, Tengo Ansiedad",Alan Sutton y las criaturitas de la ansiedad,https://open.spotify.com/track/0kqWb82ACdjcObDqDqD0zg,27,32.42857142857143,7,0.5503000833535614
Italy,2021-12-13,Enemy (with JID) - from the series Arcane League of Legends,Imagine Dragons,https://open.spotify.com/track/1r9xUipOqoNwggBpENDsvJ,28,30.714285714285715,7,0.5500797466589613
Guatemala,2021-12-13,After Dark,Mr.Kitty,https://open.spotify.com/track/0zCgWGmDF0aih5qexATyBn,36,43.0,7,0.549898677343601
South Korea,2021-12-13,It's love,Mose,https://open.spotify.com/track/4VZw0oTcsBxgdcbe1Pmntg,27,34.6,5,0.5498050465987716
Nicaragua,2021-12-13,A Pesar de Todo,Vicente Fernández,https://open.spotify.com/track/6r8rc6IlfHouZoLhmBjRyK,27,37.5,4,0.5497147757323287
El Salvador,2021-12-13,Se Le Ve,"Dímelo Flow, Dalex, Sech, Justin Quiles, Arcangel, De La Ghetto, Lenny Tavárez",https://open.spotify.com/track/5W1qmxHrMlQGGAiFA3ZQqP,34,40.666666666666664,3,0.5495870969986341
Japan,2021-12-13,僕らの季節,JO1,https://open.spotify.com/track/0fiihHCigBcUjLcyPAhVWh,3,4.0,7,0.5495770616372674
United Arab Emirates,2021-12-13,Helikopter,Fazlija,https://open.spotify.com/track/3xGOOOPD2HjErQLyRFk5Wf,11,15.571428571428571,7,0.5495663218491897
Germany,2021-12-13,Do It To It,"ACRAZE, Cherish",https://open.spotify.com/track/20on25jryn53hWghthWWW3,13,14.428571428571429,7,0.5492423681931663
Peru,2021-12-13,Bang Bang,"K'NAAN, Adam Levine",https://open.spotify.com/track/61YzdCCBPM5Pc7lIiD5i8C,26,26.0,1,0.549226553583364
Singapore,2021-12-13,Infinity,Jaymes Young,https://open.spotify.com/track/1SOClUWhOi8vHZYMz3GluK,27,28.714285714285715,7,0.5491740404455672
Germany,2021-12-13,Flowers (Say My Name),ArrDee,https://open.spotify.com/track/2BzAGK3lEZAQz5cU0Ae1wd,30,43.714285714285715,7,0.5490149929362271
Ukraine,2021-12-13,MIDDLE OF THE NIGHT,Elley Duhé,https://open.spotify.com/track/58HvfVOeJY7lUuCqF0m3ly,28,34.42857142857143,7,0.5487508232668827
Portugal,2021-12-13,Por Supuesto,Marina Sena,https://open.spotify.com/track/7xVSNhAUQhUIpwfR6lTOwA,31,40.42857142857143,7,0.5487029854525596
Spain,2021-12-13,Fairytale of New York (feat. Kirsty MacColl),The Pogues,https://open.spotify.com/track/3VTNVsTTu05dmTsVFrmGpK,36,41.285714285714285,7,0.5485885341001023
Uruguay,2021-12-13,Tranquila,SOYTURISTA,https://open.spotify.com/track/7nzcqKMmC0EXKYNRm1HJOE,25,33.833333333333336,6,0.5483439266158614
Taiwan,2021-12-13,On the Low,Justin Park,https://open.spotify.com/track/4MIKclDDgZgzuaATP5yOjW,31,39.0,4,0.5482516083691287
Portugal,2021-12-13,Enemy (with JID) - from the series Arcane League of Legends,Imagine Dragons,https://open.spotify.com/track/1r9xUipOqoNwggBpENDsvJ,18,22.142857142857142,7,0.5481914259573972
Argentina,2021-12-13,Conteo - Turreo Edit,"Jona Caso, dj mutha",https://open.spotify.com/track/0aayaZcSL6LTQj821t9PRQ,16,18.142857142857142,7,0.5481620849042352
Thailand,2021-12-13,Happier Than Ever,ASTN,https://open.spotify.com/track/7es56D0QedGMsK39wl2yFX,14,16.857142857142858,7,0.5481611820512186
Malaysia,2021-12-13,Notion,The Rare Occasions,https://open.spotify.com/track/0sTlGEld0h8kIPZaKDYUf4,23,28.571428571428573,7,0.5481482673074636
Japan,2021-12-13,神っぽいな,PinocchioP,https://open.spotify.com/track/5ALRT96oaGuX7VHySBLbQu,18,21.142857142857142,7,0.5481410935822311
Colombia,2021-12-13,DANCE CRIP,Trueno,https://open.spotify.com/track/1kjs5eR4DMzyB0gm1Z8waV,18,21.714285714285715,7,0.5480930897926466
Ecuador,2021-12-13,Dynasties & Dystopia (from the series Arcane League of Legends),"Denzel Curry, Gizzle, Bren Joy",https://open.spotify.com/track/5EIkdrmuu2xkoQWOWjoeFY,36,42.142857142857146,7,0.547444019805447
South Africa,2021-12-13,Infinity,Jaymes Young,https://open.spotify.com/track/1SOClUWhOi8vHZYMz3GluK,46,48.285714285714285,7,0.5472890207352799
Italy,2021-12-13,Altro,BALTIMORA,https://open.spotify.com/track/6sISVbwV68KYynzFuXZsFP,9,19.5,6,0.5472519522319524
Mexico,2021-12-13,A La Antigüita,Calibre 50,https://open.spotify.com/track/798ahLNEcoFER7Vywg1FMT,38,41.285714285714285,7,0.5471985637590253
Ecuador,2021-12-13,El Avioncito,Giblack,https://open.spotify.com/track/4LpLAy1TgTVg097hienIjS,28,36.75,4,0.5470318231641039
Spain,2021-12-13,Tofu Delivery,"Orslok, Rojuu",https://open.spotify.com/track/3CDGdnri4kiyWKlcl25bYJ,23,25.428571428571427,7,0.5468552781745416
Taiwan,2021-12-13,Friday,Freak Slug,https://open.spotify.com/track/4GQGU0CI1lR4xRcxxioIIQ,28,28.0,1,0.5468275298072618
Poland,2021-12-13,MIDDLE OF THE NIGHT,Elley Duhé,https://open.spotify.com/track/58HvfVOeJY7lUuCqF0m3ly,10,10.714285714285714,7,0.5467242797899313
Slovakia,2021-12-13,Rampa,"DMS, Horkýže Slíže",https://open.spotify.com/track/0N0ZJUbAR04XjQQYUwKg6D,41,42.666666666666664,6,0.546437065623319
Bulgaria,2021-12-13,Az pak li sum gotov,DJ Azo,https://open.spotify.com/track/53FAr7fXFkABxxcZz72gHD,23,32.666666666666664,6,0.5461272331679787
Philippines,2021-12-13,Smile,"Chito Miranda, Parokya Ni Edgar",https://open.spotify.com/track/6RqeS3ryyo70iCei3Niwct,17,26.285714285714285,7,0.5461211342339302
Sweden,2021-12-13,Lucky,Lucky Twice,https://open.spotify.com/track/2UFzyfLgNGY0PLXfkszWlf,16,18.0,7,0.5460660298590762
Portugal,2021-12-13,"Deu Meia Noite, Eu Sumi, Geral Soltando Fogos","Mc Delux, DJ MT7",https://open.spotify.com/track/3hycwch1V1aCbKGlcfKg0I,8,10.714285714285714,7,0.5459383367157906
Romania,2021-12-13,Fairytale of New York (feat. Kirsty MacColl),The Pogues,https://open.spotify.com/track/3VTNVsTTu05dmTsVFrmGpK,34,37.0,7,0.5455495827613626
Luxembourg,2021-12-13,Je te laisserai des mots,Patrick Watson,https://open.spotify.com/track/0V5cvmTKsYmF5FmGGEAfmS,24,32.0,6,0.5452633313115577
Romania,2021-12-13,nuts (feat. rainy bear),Lil Peep,https://open.spotify.com/track/2SabxRgV7VMc1LRHgw0HIo,29,39.5,2,0.5452230099059523
South Africa,2021-12-13,The Perfect Girl,Mareux,https://open.spotify.com/track/6J4XizhuOlKmPWykPrHIrV,49,49.0,1,0.5451899677560061
Belgium,2021-12-13,Swimming Pool,Marie Madeleine,https://open.spotify.com/track/3BMqVk2NJbH4fxf84e8kDC,11,12.6,5,0.545053400344963
Iceland,2021-12-13,Ég þarf ekki margt um jólin,"Birgir, Stefán Hilmarsson",https://open.spotify.com/track/7LFys6idnSEGXg7aPyZuoi,36,36.0,1,0.5449886165740169
Romania,2021-12-13,The Perfect Girl,Mareux,https://open.spotify.com/track/6J4XizhuOlKmPWykPrHIrV,19,19.0,1,0.5449369118381339
Egypt,2021-12-13,Chelsea,Maged,https://open.spotify.com/track/1j4r8QjxjehjaZJLD0sI6p,39,43.0,7,0.5448952013292603
Thailand,2021-12-13,ปีใหม่ปีนี้,"Saran, Jeff Satur",https://open.spotify.com/track/2ewrA9zGxvXrWSt6sLkqZx,30,31.571428571428573,7,0.5446277235326379
Hong Kong,2021-12-13,Candy Ball (粵),As One,https://open.spotify.com/track/4KJQv2xgU0UN95kuI479b3,17,20.571428571428573,7,0.5445215627578552
South Korea,2021-12-13,"gganbu (Feat. YUMDDA, ASH ISLAND) (Prod. TOIL)",KOONTA,https://open.spotify.com/track/4XI5Kdm1zdSFxdIGd9xUVT,9,9.857142857142858,7,0.544413989729956
Czech Republic,2021-12-13,น้ำแดงน้ำส้ม,JV.JARVIS,https://open.spotify.com/track/1xxJiB2B3rMw8g85PPtcN7,13,14.333333333333334,6,0.5443701525870441
Costa Rica,2021-12-13,Los Malvekes,"Cris Mj, Marcianeke, Simon la Letra, Stars Music Chile",https://open.spotify.com/track/1AnJQd8TfkhK6M3VgZDVv1,36,41.857142857142854,7,0.5442142955922668
Lithuania,2021-12-13,Bananza (Belly Dancer),Akon,https://open.spotify.com/track/0dNPpDFdvzj6XFIRzg2hmp,22,22.0,2,0.5441527211207993
Ecuador,2021-12-13,la rica boa,DJ BULBO,https://open.spotify.com/track/5f1NXTAbZEMe0jfBZ67uqX,26,30.714285714285715,7,0.5440429873470838
South Korea,2021-12-13,Press F5 (Feat. GRAY),"Geegooin, Anandelight",https://open.spotify.com/track/2GyBnXC1hlCtfD81JLw473,22,30.142857142857142,7,0.5439190557863057
Bolivia,2021-12-13,The Perfect Girl,Mareux,https://open.spotify.com/track/5RBOcBpJXaNnHCGViJmYhh,37,41.0,2,0.5438386609709808
Russia,2021-12-13,astral step,shadowraze,https://open.spotify.com/track/47iHvzU9Po0e6raFlgLBOF,16,18.714285714285715,7,0.5437350871420226
Ukraine,2021-12-13,Comfort Chain,Instupendo,https://open.spotify.com/track/5BAXlRDW3YaPr3rfqV51TA,37,42.0,2,0.5435692217399848
Latvia,2021-12-13,плачь,"rizza, Sqwore",https://open.spotify.com/track/3yCKABoZU3FVFuyVBc5VlM,33,36.75,4,0.5435499908579248
Ukraine,2021-12-13,Lucky,Lucky Twice,https://open.spotify.com/track/2UFzyfLgNGY0PLXfkszWlf,27,38.166666666666664,6,0.5434788940111266
Ukraine,2021-12-13,uf-af,LOLIWZ,https://open.spotify.com/track/5bGs1NKVdyGjLlYjlTUVSY,19,21.285714285714285,7,0.5428938181040726
Ireland,2021-12-13,Cpr,cupcakKe,https://open.spotify.com/track/35mBYyB61qTcGGj7MXIRM1,24,26.428571428571427,7,0.542583204735675
Ireland,2021-12-13,Goodbye (from the series Arcane League of Legends),Ramsey,https://open.spotify.com/track/5QWjrWckcPcSVqQNfbD4Bc,27,29.857142857142858,7,0.5425668978719415
Costa Rica,2021-12-13,Tacones Rojos,Sebastian Yatra,https://open.spotify.com/track/0Be7sopyKMv8Y8npsUkax2,23,25.857142857142858,7,0.5425502440152076
Ireland,2021-12-13,Do It To It,"ACRAZE, Cherish",https://open.spotify.com/track/20on25jryn53hWghthWWW3,12,13.428571428571429,7,0.5424981110827027
Bulgaria,2021-12-13,abcdefu (angrier),GAYLE,https://open.spotify.com/track/1EQFOouqdKYdpbNoOHRVO2,11,21.142857142857142,7,0.5422105309318828
Romania,2021-12-13,Menned kell,"ALEE, APU",https://open.spotify.com/track/5UbQELG0jlDX9nMrLk2Nx6,33,40.0,7,0.5420961851095217
Ukraine,2021-12-13,Want me!!?,"Cl4pers, noevdv",https://open.spotify.com/track/115iPhBHB5BBzjLCZFfvTt,42,45.666666666666664,3,0.5419774693807897
United States,2021-12-13,What Else Can I Do?,"Diane Guerrero, Stephanie Beatriz",https://open.spotify.com/track/3XoYqtiWHhsk59frZupImG,16,17.0,7,0.5418457493288301
Iceland,2021-12-13,Stop The Cavalry,Jona Lewie,https://open.spotify.com/track/2bPQuniBB9x0fRtxDly0kr,11,15.6,5,0.5418013642024339
Bolivia,2021-12-13,Swimming Pool,Marie Madeleine,https://open.spotify.com/track/3BMqVk2NJbH4fxf84e8kDC,46,46.0,1,0.5417355699781541
Vietnam,2021-12-13,Mắt Nai Cha Cha - Tune,"Ssahita, Duy Lion",https://open.spotify.com/track/0TGvthiE1p04KXnspxy1j1,18,25.571428571428573,7,0.5415483269827204
Dominican Republic,2021-12-13,Macta Llega,"DJ Dever, La Toxi Costeña",https://open.spotify.com/track/6n7g87PKuRMXQFgUnM3ri1,27,37.4,5,0.5413678664749828
South Korea,2021-12-13,The First Snow,EXO,https://open.spotify.com/track/2VNpT9fRk1kyksT0S4coZR,8,10.0,2,0.5413676303847882
South Africa,2021-12-13,10111,Entity MusiQ,https://open.spotify.com/track/7tUYvFLtg3qsr1Lda6kOp9,41,43.333333333333336,3,0.5412899908709256
Ireland,2021-12-13,MIDDLE OF THE NIGHT,Elley Duhé,https://open.spotify.com/track/58HvfVOeJY7lUuCqF0m3ly,12,15.857142857142858,7,0.5412739789104216
Chile,2021-12-13,Ella - Remix,"Boza, Lunay, Lenny Tavárez, Juhn, Beéle",https://open.spotify.com/track/7iHHlCbsFou5DZSW5HCPfs,23,24.0,7,0.5412015984315273
Luxembourg,2021-12-13,Flowers (Say My Name),ArrDee,https://open.spotify.com/track/2BzAGK3lEZAQz5cU0Ae1wd,24,33.0,7,0.5411408021707976
Malaysia,2021-12-13,Swimming Pool,Marie Madeleine,https://open.spotify.com/track/3BMqVk2NJbH4fxf84e8kDC,41,41.0,1,0.5409338229404546
Taiwan,2021-12-13,Surface Pressure,Jessica Darrow,https://open.spotify.com/track/760jhRscwGbIIe1m1IIQpU,34,40.42857142857143,7,0.5408195573539409
Lithuania,2021-12-13,CUM,WHOKILLEDXIX,https://open.spotify.com/track/26Wi8P1wIM3JQFxRRErnvt,39,39.0,1,0.5406000523615008
Romania,2021-12-13,Goodbye (from the series Arcane League of Legends),Ramsey,https://open.spotify.com/track/5QWjrWckcPcSVqQNfbD4Bc,11,26.714285714285715,7,0.5405524943144492
Vietnam,2021-12-13,Mirror Mirror,"F.HERO, MILLI, Changbin of Stray Kids",https://open.spotify.com/track/59WuWdDH06AYXgdoMENEa3,8,12.0,7,0.5403707987590847
Austria,2021-12-13,2 Gesichter,"Rosc, Yung Jannky",https://open.spotify.com/track/2RPpPcyHKJtRQOZSY6nJU0,23,30.857142857142858,7,0.5403501069684854
Hong Kong,2021-12-13,Dynasties & Dystopia (from the series Arcane League of Legends),"Denzel Curry, Gizzle, Bren Joy",https://open.spotify.com/track/5EIkdrmuu2xkoQWOWjoeFY,18,22.285714285714285,7,0.5403346231343877
Morocco,2021-12-13,SAD GIRLZ LUV MONEY Remix (feat. Kali Uchis and Moliy),Amaarae,https://open.spotify.com/track/09gysnJpfQ3ublBmJDfcEC,16,29.571428571428573,7,0.5401984510282408
Malaysia,2021-12-13,Nothing,Bruno Major,https://open.spotify.com/track/2IAR0DziHCjSu16gR4ihvy,37,39.857142857142854,7,0.5401598474283806
Greece,2021-12-13,Friends,Chase Atlantic,https://open.spotify.com/track/2jQiSYrwJehQAcuaaQrXnS,41,45.714285714285715,7,0.5401592008393689
Panama,2021-12-13,Señorita Bonita,Franciskao Diex,https://open.spotify.com/track/3Kw14syxZ8PbkLbljGN37Q,22,22.5,2,0.5401300011442803
Germany,2021-12-13,IN THE CLUB,Mishashi Sensei,https://open.spotify.com/track/7vX0rvoGneCCOJ2QPruNNZ,11,13.333333333333334,6,0.5398855647419304
Bolivia,2021-12-13,Mr. Trance,Esteman,https://open.spotify.com/track/3SLIDzhExrfsvH6sVosiwn,42,47.0,7,0.5398811578755915
Dominican Republic,2021-12-13,Manos de Tijeras,Yiyo Sarante,https://open.spotify.com/track/2iOTSNQGp3wEqvbd2fGpuj,19,22.0,2,0.5398412702399182
Thailand,2021-12-13,ติดอยู่ในนิทาน,"TANTHAM, VareeONE, RANGER, YUNGFORTYSIX",https://open.spotify.com/track/6wCi8PhsgvDA81XNiZarkm,31,32.42857142857143,7,0.5397241550563598
Hungary,2021-12-13,abcdefu (angrier),GAYLE,https://open.spotify.com/track/1EQFOouqdKYdpbNoOHRVO2,23,25.428571428571427,7,0.5396373107971649
Saudi Arabia,2021-12-13,باشا باشا,ِEmad Basha,https://open.spotify.com/track/5u6I8MExcbewu6VcSnI1Sc,23,26.142857142857142,7,0.5395585311043399
Morocco,2021-12-13,Porfavor,Chaos333,https://open.spotify.com/track/0QQsxD6ZVzBINIgNgqWCF5,17,22.0,7,0.5395423862114456
Lithuania,2021-12-13,SAD GIRLZ LUV MONEY Remix (feat. Kali Uchis and Moliy),Amaarae,https://open.spotify.com/track/09gysnJpfQ3ublBmJDfcEC,23,29.0,6,0.5394638721179807
Sweden,2021-12-13,I AM WOMAN,Emmy Meli,https://open.spotify.com/track/3nOz1U41SZZ0N3fuUWr9nb,1,2.2857142857142856,7,0.5392234653891892
Malaysia,2021-12-13,踊り子,Vaundy,https://open.spotify.com/track/4xk70Qur2QeRmWIzWPC63V,36,38.57142857142857,7,0.538863351130893
Slovakia,2021-12-13,Notion,The Rare Occasions,https://open.spotify.com/track/0sTlGEld0h8kIPZaKDYUf4,9,14.0,7,0.5388251510256166
Chile,2021-12-13,CHOKOO,"Barbero Exótico, Simon la Letra, El BAI, Keylon, Germanini, Standly, Tame, Drago200, Yohancito",https://open.spotify.com/track/1FRXVSbMv39KAilkbmKNXz,37,39.142857142857146,7,0.5388250475934684
Netherlands,2021-12-13,abcdefu,GAYLE,https://open.spotify.com/track/4fouWK6XVHhzl78KzQ1UjL,4,5.571428571428571,7,0.5388196770307175
Singapore,2021-12-13,Alien Blues,Vundabar,https://open.spotify.com/track/6UjeFOCGYgMpBUtqKg1Je3,20,22.0,7,0.5386961998366491
United Kingdom,2021-12-13,Make Me Feel Good,"Belters Only, Jazzy",https://open.spotify.com/track/4CUX44NA1CPEzd0ibMLQsL,26,30.857142857142858,7,0.5386954406724025
Luxembourg,2021-12-13,Fixette - Bonus,Ziak,https://open.spotify.com/track/0Kvkx0NcqsdYOhQzYfDuDZ,25,29.142857142857142,7,0.5386113014787182
Ecuador,2021-12-13,Cold Heart - PNAU Remix,"Elton John, Dua Lipa",https://open.spotify.com/track/7rglLriMNBPAyuJOMGwi39,27,32.714285714285715,7,0.5385618192146732
Nicaragua,2021-12-13,Si Te Pudiera Mentir,Calibre 50,https://open.spotify.com/track/3p6eieHX6oEOzJStPtEsLu,23,31.714285714285715,7,0.5384667723322807
United Kingdom,2021-12-13,Happier Than Ever,ASTN,https://open.spotify.com/track/7es56D0QedGMsK39wl2yFX,17,22.0,7,0.5382334672972379
Canada,2021-12-13,It's Called: Freefall,Rainbow Kitten Surprise,https://open.spotify.com/track/474uVhyGgK5MtY9gMcDgGl,31,36.857142857142854,7,0.5382290275982513
Russia,2021-12-13,Die For You,"VALORANT, Grabbitz",https://open.spotify.com/track/2lz3zjQ5QCVXiyOzIk02vW,13,14.0,7,0.5379819615456792
Hungary,2021-12-13,Kik Lehetnénk Mi?,Paulina,https://open.spotify.com/track/1rxDPdLThry1tMvaPnvUQI,22,24.857142857142858,7,0.5379801288189175
Israel,2021-12-13,Dynasties & Dystopia (from the series Arcane League of Legends),"Denzel Curry, Gizzle, Bren Joy",https://open.spotify.com/track/5EIkdrmuu2xkoQWOWjoeFY,18,22.142857142857142,7,0.5379036466738225
Czech Republic,2021-12-13,abcdefu (angrier),GAYLE,https://open.spotify.com/track/1EQFOouqdKYdpbNoOHRVO2,16,17.857142857142858,7,0.5378800747637107
Peru,2021-12-13,Convéncete,Princesa Alba,https://open.spotify.com/track/5UyH584f99c7qErZifyaHy,36,41.714285714285715,7,0.5376564617521674
Morocco,2021-12-13,Ma colombe - Moroccan Remix,"Nej, Tagne",https://open.spotify.com/track/1MbHeoSYFMKzkbybU9FQtF,4,8.857142857142858,7,0.5375836181323677
Guatemala,2021-12-13,Una Cunumi - Remix,"Qmayb, J.Gonzo, Faraón Love Shady, Xvideo Token",https://open.spotify.com/track/07sQOuFnAKkgT81abNu1m9,20,25.25,4,0.5375254484257734
Costa Rica,2021-12-13,abcdefu (angrier),GAYLE,https://open.spotify.com/track/1EQFOouqdKYdpbNoOHRVO2,13,20.0,7,0.5374815766869933
Norway,2021-12-13,abcdefu,GAYLE,https://open.spotify.com/track/4fouWK6XVHhzl78KzQ1UjL,11,13.0,7,0.5373984728351274
Honduras,2021-12-13,Macta Llega,"DJ Dever, La Toxi Costeña",https://open.spotify.com/track/6n7g87PKuRMXQFgUnM3ri1,12,24.142857142857142,7,0.5373017092317441
Norway,2021-12-13,TO THE MOON,Jnr Choi,https://open.spotify.com/track/0hYFc3HSZHDaDzquLVRwBH,3,3.0,1,0.537150526241423
Estonia,2021-12-13,Helikopter,Fazlija,https://open.spotify.com/track/3xGOOOPD2HjErQLyRFk5Wf,24,27.857142857142858,7,0.5371249480674731
Finland,2021-12-13,Helikopter,Fazlija,https://open.spotify.com/track/3xGOOOPD2HjErQLyRFk5Wf,5,5.857142857142857,7,0.5369120866420732
Paraguay,2021-12-13,Olimpia el Decano,Miguel Quintana Bareiro y Su Tropical 5,https://open.spotify.com/track/3lbXFGMFWa5Mnw4Puq8E7Z,32,37.0,7,0.5369095685604808
Lithuania,2021-12-13,Change (In the House of Flies),Deftones,https://open.spotify.com/track/51c94ac31swyDQj9B3Lzs3,40,44.6,5,0.5368801194548738
Greece,2021-12-13,Bes La Chez,"Jitano, Trannos",https://open.spotify.com/track/57AUVrr5VvbhzKsaoRMRN1,42,44.0,3,0.536587940423746
Iceland,2021-12-13,Dingaling,Laddi,https://open.spotify.com/track/5Zxm28ZlWhLCGF044tFU8l,8,11.0,7,0.5365461039611004
Spain,2021-12-13,Tacones Rojos,Sebastian Yatra,https://open.spotify.com/track/0Be7sopyKMv8Y8npsUkax2,16,18.857142857142858,7,0.5362969092776382
Germany,2021-12-13,abcdefu,GAYLE,https://open.spotify.com/track/4fouWK6XVHhzl78KzQ1UjL,5,6.857142857142857,7,0.536101090301
Norway,2021-12-13,Sylvi Girl,"Odd-Magnus Williamson, Norges Nye Megahit",https://open.spotify.com/track/0u4e4THptwutUPtS2AY3t4,7,8.571428571428571,7,0.5359729379547851
Morocco,2021-12-13,مسيطره,Lamis Kan,https://open.spotify.com/track/4hFNqLwpBM1WoaxrgEForT,31,39.714285714285715,7,0.5358662525347704
Russia,2021-12-13,Только по дури,Ежемесячные,https://open.spotify.com/track/24h4LzuORNmnSviYYymhqb,4,6.142857142857143,7,0.5358647157802042
Austria,2021-12-13,IN THE CLUB,Mishashi Sensei,https://open.spotify.com/track/7vX0rvoGneCCOJ2QPruNNZ,24,31.0,7,0.5358005100886092
Ukraine,2021-12-13,Сборник хуйни и картинки,Кишлак,https://open.spotify.com/track/7lCQWjdm3y59VF3TijcwPL,35,40.8,5,0.5357825152926099
Nicaragua,2021-12-13,All Too Well (10 Minute Version) (Taylor's Version) (From The Vault),Taylor Swift,https://open.spotify.com/track/5enxwA8aAbwZbf5qCHORXi,10,17.857142857142858,7,0.5357175668769578
Chile,2021-12-13,Own Brand Freestyle,"FelixThe1st, Dreya Mac, Finch Fetti",https://open.spotify.com/track/6Jzdxguk63s6CVVXHIrQ0x,15,16.428571428571427,7,0.5356138023641599
Indonesia,2021-12-13,Dj Gani Gani X Badai Angin Ribut,Ebong Musik,https://open.spotify.com/track/6CprCpXIk38uJY65hJ4xcC,39,43.714285714285715,7,0.5355412441241768
Turkey,2021-12-13,Die For You,"VALORANT, Grabbitz",https://open.spotify.com/track/2lz3zjQ5QCVXiyOzIk02vW,9,9.714285714285714,7,0.5353765703152288
Uruguay,2021-12-13,Notion,The Rare Occasions,https://open.spotify.com/track/0sTlGEld0h8kIPZaKDYUf4,38,43.857142857142854,7,0.5353328010646696
New Zealand,2021-12-13,Alien Blues,Vundabar,https://open.spotify.com/track/6UjeFOCGYgMpBUtqKg1Je3,8,11.714285714285714,7,0.535277415015067
Uruguay,2021-12-13,La Llamada,"Pusho, Myke Towers",https://open.spotify.com/track/4VlVJff7viYXRb7TbmXGGP,34,37.0,2,0.5352501246435558
Australia,2021-12-13,My Humps,"Joshwa, Lee Foss",https://open.spotify.com/track/5WoBAyXaOnKEfvsZocrPeT,15,15.571428571428571,7,0.5352464792460624
Paraguay,2021-12-13,Super Max!,Pitstop Boys,https://open.spotify.com/track/4gqOzJPGNCvEnS1u5YHOkp,27,36.75,4,0.5351837088605167
Portugal,2021-12-13,Guns for Hire (from the series Arcane League of Legends),Woodkid,https://open.spotify.com/track/2H3HPGuPyhcbg5AqoQ4BWr,39,44.2,5,0.5351144107813411
Dominican Republic,2021-12-13,Colocame El Culo Patra,Maceo El Perro Blanco,https://open.spotify.com/track/3UNFzGmO9e63gIv9U1E39P,30,36.0,4,0.5349746051759869
Guatemala,2021-12-13,Fumando Mota,Los Lara,https://open.spotify.com/track/3pJqGlXzMjn3yrhYBTPYA1,33,33.0,1,0.5348585709830207
Mexico,2021-12-13,Bonita (En Vivo),Los Tesoros de Javi,https://open.spotify.com/track/66v4AMEAdnb2K76SwRY5hv,5,5.666666666666667,3,0.5348428877420736
Iceland,2021-12-13,Face Off,"Tech N9ne, Joey Cool, King Iso, Dwayne Johnson",https://open.spotify.com/track/6M47gaKejso9772SKTa3yH,23,28.714285714285715,7,0.5348150859438526
South Korea,2021-12-13,GHOST TOWN,Benson Boone,https://open.spotify.com/track/135Lf4Q0CzlMNfOxbEUsLH,15,19.0,7,0.5345093091397782
India,2021-12-13,Helikopter,Fazlija,https://open.spotify.com/track/3xGOOOPD2HjErQLyRFk5Wf,2,3.0,7,0.5344472636920962
Turkey,2021-12-13,Ayrılığın Kitabı,Deniz Aygül,https://open.spotify.com/track/21QrUuaAHm9kmVETFYBhbo,12,13.0,7,0.5342814833639868
Italy,2021-12-13,NEMESI (feat. BLANCO),Marracash,https://open.spotify.com/track/1oMZnVIuo6GmUNnemu8sLu,22,28.0,7,0.5342571000390178
Germany,2021-12-13,Coming for You (feat. A1 x J1),SwitchOTR,https://open.spotify.com/track/1xIqDFx3KdByBnKMlTECcM,16,17.714285714285715,7,0.5341703269516562
Chile,2021-12-13,No se habla de Bruno,"Carolina Gaitán - La Gaita, Mauro Castillo, Daniela Sierra, Juanse Diez, Isabel Garcés, Olga Lucía Vives, Encanto - Elenco",https://open.spotify.com/track/5QKk5N5xJQGsWMhPM80Kfv,11,12.142857142857142,7,0.5341153564886255
Lithuania,2021-12-13,Come Over (Again),Crawlers,https://open.spotify.com/track/4PDJDIdWxNN1AlnbrKkoPf,25,41.166666666666664,6,0.5340576284589401
France,2021-12-13,À qui la faute,Leila AD,https://open.spotify.com/track/6i0KLQD7zlFLyS5zxOHAB0,7,8.714285714285714,7,0.5339797829622229
Spain,2021-12-13,Die For You,"VALORANT, Grabbitz",https://open.spotify.com/track/2lz3zjQ5QCVXiyOzIk02vW,7,7.0,1,0.5338884098066738
Netherlands,2021-12-13,No Wahala,1da Banton,https://open.spotify.com/track/4vHy2IHzf3EabEa7oMpUZB,5,6.714285714285714,7,0.5337627206775027
Brazil,2021-12-13,Notion,The Rare Occasions,https://open.spotify.com/track/0sTlGEld0h8kIPZaKDYUf4,17,21.571428571428573,7,0.5337319681870264
Argentina,2021-12-13,all I want is you,"Rebzyyx, hoshie star",https://open.spotify.com/track/7lOvJBqH38ZY59eLU7bioq,32,39.57142857142857,7,0.5336709294028551
Panama,2021-12-13,MIDDLE OF THE NIGHT,Elley Duhé,https://open.spotify.com/track/58HvfVOeJY7lUuCqF0m3ly,37,40.0,2,0.5335494695834435
Belgium,2021-12-13,Enemy (with JID) - from the series Arcane League of Legends,Imagine Dragons,https://open.spotify.com/track/1r9xUipOqoNwggBpENDsvJ,34,35.42857142857143,7,0.5335450898592042
Austria,2021-12-13,Helikopter,Fazlija,https://open.spotify.com/track/3xGOOOPD2HjErQLyRFk5Wf,11,16.428571428571427,7,0.5334101773643403
Sweden,2021-12-13,Hey Ho,Aslak Trude,https://open.spotify.com/track/1mlP7iqVLZMYryuispoFBE,5,7.0,7,0.5329272556962251
Denmark,2021-12-13,Du Til Grin,INDSÆT NAVN,https://open.spotify.com/track/2m8pxRt7uhT50UfZ2BFUoU,4,4.571428571428571,7,0.5327524920207855
Czech Republic,2021-12-13,Die For You,"VALORANT, Grabbitz",https://open.spotify.com/track/2lz3zjQ5QCVXiyOzIk02vW,14,18.142857142857142,7,0.5326899593250393
Colombia,2021-12-13,Taca a Xereca pra Mim,MC Kaique da VP,https://open.spotify.com/track/2GqCEJpzmD81AJ2H0Hyz5T,9,10.285714285714286,7,0.5326448659960275
Norway,2021-12-13,Legend,Tevvez,https://open.spotify.com/track/05EG9LwFCVjkoYEWzsrHHO,36,40.0,7,0.5325823751710984
Ireland,2021-12-13,Chaise Longue,Wet Leg,https://open.spotify.com/track/7iqAuZe5yS0suLQcFfVK39,38,41.714285714285715,7,0.5325586233277615
France,2021-12-13,Jour meilleur,Orelsan,https://open.spotify.com/track/6VOUfCrjmxH62oijWgbC6O,6,7.714285714285714,7,0.5325365204190815
Vietnam,2021-12-13,Limousine (Feat. MINO) (Prod. GRAY),BE'O,https://open.spotify.com/track/5g2Ik0WJG9rqu97nCLcQhV,8,15.0,7,0.5324294884317363
Ecuador,2021-12-13,Nothing,Bruno Major,https://open.spotify.com/track/2IAR0DziHCjSu16gR4ihvy,27,29.857142857142858,7,0.532425848672514
Hong Kong,2021-12-13,美之 (Mee & Gee),N.Y.P.D. 南洋派對,https://open.spotify.com/track/3woABErMrAOiXfh1i8ZCuo,22,36.333333333333336,6,0.5324223726449336
Ukraine,2021-12-13,Забери Мене До Себе На Різдво,KRUTЬ,https://open.spotify.com/track/4A3tQaEEdGi7FNhRkLPJgL,48,48.0,1,0.5320026685737974
Egypt,2021-12-13,Keify Keda,"Wegz, Disco Misr",https://open.spotify.com/track/3yWSjxKQMpa7hXcmVElZgX,37,41.285714285714285,7,0.5319977668255725
Germany,2021-12-13,4am,JBee,https://open.spotify.com/track/3jTWd38NseaNnSuIK2Ybsp,21,22.857142857142858,7,0.5319038059024171
Italy,2021-12-13,Own Brand Freestyle,"FelixThe1st, Dreya Mac, Finch Fetti",https://open.spotify.com/track/6Jzdxguk63s6CVVXHIrQ0x,12,15.0,7,0.5316364656801184
Romania,2021-12-13,Misfit Toys (from the series Arcane League of Legends),"Pusha T, Mako",https://open.spotify.com/track/40giNwfX1pR3smltxvs3dB,41,41.0,1,0.5314524523030113
Turkey,2021-12-13,น้ำแดงน้ำส้ม,JV.JARVIS,https://open.spotify.com/track/1xxJiB2B3rMw8g85PPtcN7,14,15.0,6,0.5312750151494773
Dominican Republic,2021-12-13,Nothing,Bruno Major,https://open.spotify.com/track/2IAR0DziHCjSu16gR4ihvy,28,37.4,5,0.5311742624007844
Netherlands,2021-12-13,Pope Is a Rockstar,SALES,https://open.spotify.com/track/0So2sgVa8aJiARPl2P29u2,10,12.571428571428571,7,0.5311347945311027
Brazil,2021-12-13,abcdefu (angrier),GAYLE,https://open.spotify.com/track/1EQFOouqdKYdpbNoOHRVO2,30,31.142857142857142,7,0.5310656829549899
Czech Republic,2021-12-13,Coming for You (feat. A1 x J1),SwitchOTR,https://open.spotify.com/track/1xIqDFx3KdByBnKMlTECcM,17,22.571428571428573,7,0.5310162207594128
Panama,2021-12-13,Mirror Mirror,"F.HERO, MILLI, Changbin of Stray Kids",https://open.spotify.com/track/59WuWdDH06AYXgdoMENEa3,46,46.0,1,0.5309341701922752
El Salvador,2021-12-13,Para Siempre,Vicente Fernández,https://open.spotify.com/track/0uyVgmoXDbwS1ubv8AurVZ,38,42.333333333333336,3,0.530850769218576
Mexico,2021-12-13,Bonita,Los Tesoros de Javi,https://open.spotify.com/track/0OWig66Nmr8HhzqHQB5pO4,6,6.5,4,0.5307676335799303
Chile,2021-12-13,LOST IN PARADISE,"ALI, AKLO",https://open.spotify.com/track/7kRKlFCFLAUwt43HWtauhX,13,14.285714285714286,7,0.5304964383940495
Lithuania,2021-12-13,all I want is you,"Rebzyyx, hoshie star",https://open.spotify.com/track/7lOvJBqH38ZY59eLU7bioq,32,37.25,4,0.5304683751249261
Malaysia,2021-12-13,Dirty Little Animals (From the series Arcane League of Legends),BONES UK,https://open.spotify.com/track/2ZuDGsKSJpQdJmpknJ7ypF,39,43.666666666666664,3,0.5304652113827417
United States,2021-12-13,i won't run,Keanu Bicol,https://open.spotify.com/track/3ykvobAQxQ5VlcDOMKXI4M,21,23.0,7,0.5304206990169145
Egypt,2021-12-13,Enemy - From the series Arcane League of Legends,Imagine Dragons,https://open.spotify.com/track/5UlnuulVAVmmesw4VzqHdG,30,32.0,7,0.5303671247237176
Hungary,2021-12-13,Charmy,"Ekhoe, ibbigang, Szalai",https://open.spotify.com/track/2WyYMndo3CFcDCALxyDPOd,26,32.285714285714285,7,0.5303091631273764
South Africa,2021-12-13,Enemy (with JID) - from the series Arcane League of Legends,Imagine Dragons,https://open.spotify.com/track/1r9xUipOqoNwggBpENDsvJ,37,42.285714285714285,7,0.5302438352976833
Singapore,2021-12-13,Super Max!,Pitstop Boys,https://open.spotify.com/track/4gqOzJPGNCvEnS1u5YHOkp,9,11.0,3,0.5300625954398888
Iceland,2021-12-13,It's Called: Freefall,Rainbow Kitten Surprise,https://open.spotify.com/track/474uVhyGgK5MtY9gMcDgGl,39,39.0,1,0.5300405938467712
El Salvador,2021-12-13,Amapolas,Leo Rizzi,https://open.spotify.com/track/0z5yLgBmAtaylDYrgwzlpH,40,45.0,6,0.5300253013560757
Bulgaria,2021-12-13,NEW MAGIC WAND,"Tyler, The Creator",https://open.spotify.com/track/0fv2KH6hac06J86hBUTcSf,26,32.142857142857146,7,0.5298656445108476
Norway,2021-12-13,Helikopter,Fazlija,https://open.spotify.com/track/3xGOOOPD2HjErQLyRFk5Wf,8,9.714285714285714,7,0.5297596818885582
Spain,2021-12-13,abcdefu (angrier),GAYLE,https://open.spotify.com/track/1EQFOouqdKYdpbNoOHRVO2,25,26.714285714285715,7,0.5296808136900776
Italy,2021-12-13,La Espada,Eternal Raijin,https://open.spotify.com/track/6w969Gr8VhF02vaHs67oo9,32,38.285714285714285,7,0.529512417020853
Lithuania,2021-12-13,4:00A.M.,Taeko Onuki,https://open.spotify.com/track/0zoGVO4bQXG8U6ChKwNgeg,14,20.571428571428573,7,0.5293881927209524
South Africa,2021-12-13,Dom Pérignon,"DJ Mohamed x D2mza, The Lowkeys, 3TWO1",https://open.spotify.com/track/4PuveZGbBp0nnSCMsHQbjN,40,45.2,5,0.5293367035237639
Netherlands,2021-12-13,Helikopter,Fazlija,https://open.spotify.com/track/3xGOOOPD2HjErQLyRFk5Wf,6,7.714285714285714,7,0.5287710930999092
France,2021-12-13,Time Time,"Trei Degete, Squeezie, Myd, KronoMuzik",https://open.spotify.com/track/5wKDPtbdggE1roeVp3UdXX,5,6.857142857142857,7,0.5287156988514411
Uruguay,2021-12-13,Pope Is a Rockstar,SALES,https://open.spotify.com/track/0So2sgVa8aJiARPl2P29u2,35,37.666666666666664,3,0.5285527865040831
Latvia,2021-12-13,The Perfect Girl,Mareux,https://open.spotify.com/track/6J4XizhuOlKmPWykPrHIrV,13,13.0,1,0.5285432368214111
Guatemala,2021-12-13,All Too Well (10 Minute Version) (Taylor's Version) (From The Vault),Taylor Swift,https://open.spotify.com/track/5enxwA8aAbwZbf5qCHORXi,42,47.142857142857146,7,0.5285268973521897
Ireland,2021-12-13,Coming for You (feat. A1 x J1),SwitchOTR,https://open.spotify.com/track/1xIqDFx3KdByBnKMlTECcM,30,32.57142857142857,7,0.5277528662697302
Nicaragua,2021-12-13,De Qué Manera Te Olvido,Vicente Fernández,https://open.spotify.com/track/0mLSnzvqwlq9hhrgJucGJs,32,36.75,4,0.5277136186653442
Chile,2021-12-13,Medallo,"Blessd, Justin Quiles, Lenny Tavárez",https://open.spotify.com/track/6lX6l7OuA3qrnIRfdsr0dw,18,21.142857142857142,7,0.5273603178190257
Ukraine,2021-12-13,Cake 9core (Outro),Rising6,https://open.spotify.com/track/6cS6hPNElTyO3zBVPhPmgP,49,49.0,1,0.5270088955716203
Czech Republic,2021-12-13,Face Off,"Tech N9ne, Joey Cool, King Iso, Dwayne Johnson",https://open.spotify.com/track/6M47gaKejso9772SKTa3yH,30,35.0,7,0.5269022232001833
Latvia,2021-12-13,Karameles,"Ingus Ulmanis, Zane Dombrovska",https://open.spotify.com/track/6a3FylB1GVpvASUUtrsqlB,28,37.666666666666664,6,0.5267646215638869
Hungary,2021-12-13,Cpr,cupcakKe,https://open.spotify.com/track/35mBYyB61qTcGGj7MXIRM1,27,30.571428571428573,7,0.5266875342560539
Romania,2021-12-13,4:00A.M.,Taeko Onuki,https://open.spotify.com/track/0zoGVO4bQXG8U6ChKwNgeg,27,32.0,7,0.5266036372001005
Sweden,2021-12-13,The Perfect Girl,Mareux,https://open.spotify.com/track/5RBOcBpJXaNnHCGViJmYhh,24,26.666666666666668,6,0.5265333363851777
Singapore,2021-12-13,我不是刘德华,"新地, 卢克",https://open.spotify.com/track/2bjT1NTpoEeTPxQlqai57c,11,12.333333333333334,3,0.5265044122465818
Guatemala,2021-12-13,Cold Heart - PNAU Remix,"Elton John, Dua Lipa",https://open.spotify.com/track/7rglLriMNBPAyuJOMGwi39,30,38.0,7,0.5264894204831777
Greece,2021-12-13,"Money Calling (feat. RAYE, Russ Millions & wewantwraiths)",Da Beatfreakz,https://open.spotify.com/track/58BJ5oUPX5ST2pjCtOSMkk,39,42.75,4,0.5263534401519181
Slovakia,2021-12-13,Come Over (Again),Crawlers,https://open.spotify.com/track/4PDJDIdWxNN1AlnbrKkoPf,25,32.8,5,0.5263416742164837
El Salvador,2021-12-13,Me Voy a Quitar de en Medio,Vicente Fernández,https://open.spotify.com/track/2kgUPa3UUnHIUfySDkg2bm,43,43.0,1,0.5261856714067931
Chile,2021-12-13,All Too Well (10 Minute Version) (Taylor's Version) (From The Vault),Taylor Swift,https://open.spotify.com/track/5enxwA8aAbwZbf5qCHORXi,26,27.571428571428573,7,0.52594803919606
Denmark,2021-12-13,Vidunderlig,ARO,https://open.spotify.com/track/0kTz1IAV0lsWQV6ZilQXTG,4,5.428571428571429,7,0.5258802651537553
Israel,2021-12-13,Happier Than Ever,ASTN,https://open.spotify.com/track/7es56D0QedGMsK39wl2yFX,20,26.142857142857142,7,0.5257593948311682
Greece,2021-12-13,Narcotics,"Gio SB, Ghosp, Lau Jr, Ghostaa",https://open.spotify.com/track/2r6RRVkNcl1mkbqiMBlji5,48,48.0,1,0.5257545792014261
Greece,2021-12-13,right here,"Lil Peep, Horse Head",https://open.spotify.com/track/5OFf5pzpIcdstWwAhv5YXE,48,48.0,1,0.5257545792014261
Belgium,2021-12-13,MAUVAIS PAYEUR,La Fève,https://open.spotify.com/track/18gJ5bLhq6cfKJefdwzGpj,19,22.666666666666668,3,0.525736903328169
Romania,2021-12-13,Fall in Love with You.,Montell Fish,https://open.spotify.com/track/31MQR9rOHRXyg4J01hRY1h,40,44.5,6,0.5255548462686981
Iceland,2021-12-13,Stjarnan mín,Íslensku dívurnar,https://open.spotify.com/track/5WH6soOfEZ3x8Fs87zrlQi,12,13.0,4,0.5254977793089399
Uruguay,2021-12-13,PELOTUDA,Dillom,https://open.spotify.com/track/65zh1W9YBpgGlS4G98mI0v,28,33.333333333333336,6,0.5254685993065341
Bolivia,2021-12-13,Television / So Far So Good,Rex Orange County,https://open.spotify.com/track/5OUTFH5acycdnf8OVo21Gv,36,41.0,5,0.5252368058163168
Bolivia,2021-12-13,Dynasties & Dystopia (from the series Arcane League of Legends),"Denzel Curry, Gizzle, Bren Joy",https://open.spotify.com/track/5EIkdrmuu2xkoQWOWjoeFY,24,36.8,5,0.5251482019041555
United States,2021-12-13,Volver Volver,Vicente Fernández,https://open.spotify.com/track/4Fvnz1ZJ86IdqDAepWYPAh,28,34.2,5,0.5251018520115215
Greece,2021-12-13,abcdefu (angrier),GAYLE,https://open.spotify.com/track/1EQFOouqdKYdpbNoOHRVO2,21,26.428571428571427,7,0.5250914310682062
Singapore,2021-12-13,At Least I Had You,"Gentle Bones, JJ Lin",https://open.spotify.com/track/3hpR0IWUJMvtlq3aAyKPqz,35,37.857142857142854,7,0.5250337370511519
Costa Rica,2021-12-13,Pensándote - Remix,"GIMARIO, KAVVO, Ziidar, FIO",https://open.spotify.com/track/3WOwm6kginUb9Ee7AoZvt8,14,21.0,7,0.5249026737778328
France,2021-12-13,Elle ne t'aime pas,La Femme,https://open.spotify.com/track/4Wc6pPAjbXLkNCvzeNyAvh,33,35.285714285714285,7,0.524885723588608
Iceland,2021-12-13,Musclebells,DJ Muscleboy,https://open.spotify.com/track/22IiXEeYRhD2O5Gez6AKZV,37,43.857142857142854,7,0.524841709930556
New Zealand,2021-12-13,Swimming Pool,Marie Madeleine,https://open.spotify.com/track/3BMqVk2NJbH4fxf84e8kDC,10,12.4,5,0.524758819552709
Peru,2021-12-13,4:00A.M.,Taeko Onuki,https://open.spotify.com/track/0zoGVO4bQXG8U6ChKwNgeg,14,23.428571428571427,7,0.5246133612120708
Colombia,2021-12-13,Enemy (with JID) - from the series Arcane League of Legends,Imagine Dragons,https://open.spotify.com/track/1r9xUipOqoNwggBpENDsvJ,12,14.714285714285714,7,0.5245301569634249
Vietnam,2021-12-13,Thế Hệ Tan Vỡ (feat. SIVAN),Kai Đinh,https://open.spotify.com/track/0vLXpeE2Z7iVvcba8PAwwI,10,13.0,7,0.5244634639473627
Peru,2021-12-13,Bar,"TINI, L-Gante",https://open.spotify.com/track/0lJE8f0lx8mUSfMyxeYpiC,27,28.142857142857142,7,0.5244019049063441
Bulgaria,2021-12-13,Navsegda,"Irina Rimes, Jah Khalib",https://open.spotify.com/track/6Dyr43pQJhnp0fxLQ6c1fL,27,34.142857142857146,7,0.5243630472126452
Dominican Republic,2021-12-13,Hace Rato Me Picó un Mosquito,"Crafo, Franco Paolo",https://open.spotify.com/track/5OSxqUITs9nnjzm3WsF6Jc,30,35.833333333333336,6,0.5242127004940377
Mexico,2021-12-13,Notion,The Rare Occasions,https://open.spotify.com/track/0sTlGEld0h8kIPZaKDYUf4,20,22.285714285714285,7,0.5241914260566714
Italy,2021-12-13,CRAZY LOVE,Marracash,https://open.spotify.com/track/3HYK8FMGNQu1Whl8DdtsRC,20,20.714285714285715,7,0.5241453260352601
Poland,2021-12-13,IN THE CLUB,Mishashi Sensei,https://open.spotify.com/track/7vX0rvoGneCCOJ2QPruNNZ,13,14.428571428571429,7,0.5238290958769587
Czech Republic,2021-12-13,Chandelier,Will Paquin,https://open.spotify.com/track/3REELyDyt5SPKX2387Zubv,32,38.42857142857143,7,0.5237800358662499
Hong Kong,2021-12-13,三個字,Anson Kong 江𤒹生,https://open.spotify.com/track/524AUGUhR1F8SRiumM4T5e,24,29.857142857142858,7,0.5236179935991236
Uruguay,2021-12-13,Sou Favela,"MC Bruninho, Vitinho Ferrari, Dj DG, Batidão Stronda",https://open.spotify.com/track/4lEVoOnIybtRqi4knZwdPZ,30,33.857142857142854,7,0.5233690515892094
Norway,2021-12-13,Fairytale of New York (feat. Kirsty MacColl),The Pogues,https://open.spotify.com/track/3VTNVsTTu05dmTsVFrmGpK,11,11.714285714285714,7,0.522870208581783
Chile,2021-12-13,Cold Heart - PNAU Remix,"Elton John, Dua Lipa",https://open.spotify.com/track/7rglLriMNBPAyuJOMGwi39,19,21.285714285714285,7,0.5227956958484261
Saudi Arabia,2021-12-13,Rolling in the Deep,Adele,https://open.spotify.com/track/6IAZHEBUIGJ6NJKxxOBIEr,23,29.285714285714285,7,0.5227952775821131
Taiwan,2021-12-13,現主時,"潮州土狗, Asiaboy 禁藥王, Lizi 栗子",https://open.spotify.com/track/6N80A4UOXsL0re2oJU5NgP,30,34.714285714285715,7,0.5227774385365999
Italy,2021-12-13,Cpr,cupcakKe,https://open.spotify.com/track/35mBYyB61qTcGGj7MXIRM1,35,38.0,7,0.5226263276086218
Finland,2021-12-13,I AM WOMAN,Emmy Meli,https://open.spotify.com/track/3nOz1U41SZZ0N3fuUWr9nb,5,6.571428571428571,7,0.5225231219191799
Luxembourg,2021-12-13,paris freestyle - skrilla remix,Pashanim,https://open.spotify.com/track/6fuO9uk9wbjCHvQJqk2Qpx,25,31.142857142857142,7,0.5224231202745802
Turkey,2021-12-13,Altüst Olmuşum,Mavi Gri,https://open.spotify.com/track/2VnefbnGEWUiCLXHKOtE6x,25,25.857142857142858,7,0.522357554353247
Turkey,2021-12-13,Her Gece,Perdenin Ardındakiler,https://open.spotify.com/track/6D9C3pOcz76P84cMuAY1Ry,28,29.285714285714285,7,0.5223411612110899
India,2021-12-13,Nai Lagda (Lofi),Dr LoFi,https://open.spotify.com/track/7eBhPTYRFdNbGHqvvZqwSq,6,6.857142857142857,7,0.5221323611578992
Saudi Arabia,2021-12-13,The Perfect Girl,Mareux,https://open.spotify.com/track/6J4XizhuOlKmPWykPrHIrV,22,22.0,1,0.5220352240815125
Ukraine,2021-12-13,Dynasties & Dystopia (from the series Arcane League of Legends),"Denzel Curry, Gizzle, Bren Joy",https://open.spotify.com/track/5EIkdrmuu2xkoQWOWjoeFY,50,50.0,1,0.5220097126134706
Ukraine,2021-12-13,psiblades,"shadowraze, babyswishh1",https://open.spotify.com/track/3auzaPW4fXa8oI4KbTalAU,50,50.0,1,0.5220097126134706
Bolivia,2021-12-13,After Dark,Mr.Kitty,https://open.spotify.com/track/0zCgWGmDF0aih5qexATyBn,50,50.0,1,0.5217740618513723
Portugal,2021-12-13,Chariot,Mega,https://open.spotify.com/track/1eOuuW7VHBrIpwQ8drsPQN,37,40.714285714285715,7,0.5216773720768807
New Zealand,2021-12-13,Big Energy,Latto,https://open.spotify.com/track/6Zu3aw7FfjAF9WA0fA81Oq,8,9.0,7,0.5214658191507592
Portugal,2021-12-13,Vai Lá Em Casa Hoje,"George Henrique & Rodrigo, Marília Mendonça",https://open.spotify.com/track/1c4htMHiolERc0YJvZNdlc,25,28.142857142857142,7,0.5213746699051162
Egypt,2021-12-13,Goodbye (from the series Arcane League of Legends),Ramsey,https://open.spotify.com/track/5QWjrWckcPcSVqQNfbD4Bc,6,8.428571428571429,7,0.5213698452402789
Hong Kong,2021-12-13,LOST IN PARADISE,"ALI, AKLO",https://open.spotify.com/track/7kRKlFCFLAUwt43HWtauhX,11,15.0,7,0.521365755119768
Singapore,2021-12-13,指紋,杜宣達,https://open.spotify.com/track/01clQd7YUW4nEre2I8jo7d,22,23.571428571428573,7,0.5213383240839449
Belgium,2021-12-13,Cpr,cupcakKe,https://open.spotify.com/track/35mBYyB61qTcGGj7MXIRM1,15,19.142857142857142,7,0.5211969553394366
Taiwan,2021-12-13,"Meeting is easy, parting is hard (Feat. Leellamarz) (Prod. TOIL)",Basick,https://open.spotify.com/track/1GFS1xMbcAWXf5W0tSuZev,17,21.0,7,0.5211002502599388
Italy,2021-12-13,Mare,Ugo Borghetti,https://open.spotify.com/track/1M0QDg5YAY5dkCbqItuQzo,22,24.0,7,0.5210938719820354
Poland,2021-12-13,Qami Qami,Maléna,https://open.spotify.com/track/5ikUCEXt9xjVXf8ojHne77,10,10.0,1,0.521091292415487
Bolivia,2021-12-13,Die For You,"VALORANT, Grabbitz",https://open.spotify.com/track/2lz3zjQ5QCVXiyOzIk02vW,40,43.666666666666664,3,0.5210771688227083
Panama,2021-12-13,Sou Favela,"MC Bruninho, Vitinho Ferrari, Dj DG, Batidão Stronda",https://open.spotify.com/track/4lEVoOnIybtRqi4knZwdPZ,33,38.285714285714285,7,0.5209399228206226
Lithuania,2021-12-13,Nothing,Bruno Major,https://open.spotify.com/track/2IAR0DziHCjSu16gR4ihvy,28,33.142857142857146,7,0.5207062216813066
Norway,2021-12-13,Chiquita,"P-Tee, 1Flacko",https://open.spotify.com/track/7cwLMNDg8c9D7q2ov1cpVJ,16,24.6,5,0.5205784088503496
Austria,2021-12-13,Zeit für uns,Moritz Garth,https://open.spotify.com/track/4g99PRaojcYRs1rgLwZRs8,15,21.571428571428573,7,0.5204408994432388
Malaysia,2021-12-13,Comfort Chain,Instupendo,https://open.spotify.com/track/5BAXlRDW3YaPr3rfqV51TA,23,25.5,2,0.5202653710453499
Egypt,2021-12-13,I AM WOMAN,Emmy Meli,https://open.spotify.com/track/3nOz1U41SZZ0N3fuUWr9nb,17,20.142857142857142,7,0.5201530174716082
South Korea,2021-12-13,Yours,JIN,https://open.spotify.com/track/10IfXtjKQmOiON7tNAHv0y,18,21.142857142857142,7,0.5199549586309572
Belgium,2021-12-13,Chandelier,Will Paquin,https://open.spotify.com/track/3REELyDyt5SPKX2387Zubv,15,21.714285714285715,7,0.5198938591150901
Switzerland,2021-12-13,Cpr,cupcakKe,https://open.spotify.com/track/35mBYyB61qTcGGj7MXIRM1,22,24.714285714285715,7,0.5196597319965666
Honduras,2021-12-13,Television / So Far So Good,Rex Orange County,https://open.spotify.com/track/5OUTFH5acycdnf8OVo21Gv,41,46.2,5,0.5196460681546814
Guatemala,2021-12-13,Medallo,"Blessd, Justin Quiles, Lenny Tavárez",https://open.spotify.com/track/6lX6l7OuA3qrnIRfdsr0dw,21,26.857142857142858,7,0.5195823062517202
Hungary,2021-12-13,Habibi,"Ricky Rich, Dardan, Zuna",https://open.spotify.com/track/0PukrHFus6hVBHku8hrS0Z,27,32.333333333333336,3,0.5193888898150976
Slovakia,2021-12-13,4:00A.M.,Taeko Onuki,https://open.spotify.com/track/0zoGVO4bQXG8U6ChKwNgeg,34,42.5,4,0.5188760418570975
Germany,2021-12-13,Stop The Cavalry,Jona Lewie,https://open.spotify.com/track/2bPQuniBB9x0fRtxDly0kr,22,24.714285714285715,7,0.518874408826817
Chile,2021-12-13,Swimming Pool,Marie Madeleine,https://open.spotify.com/track/3BMqVk2NJbH4fxf84e8kDC,7,7.25,4,0.5187239345699084
Thailand,2021-12-13,LOST IN PARADISE,"ALI, AKLO",https://open.spotify.com/track/7kRKlFCFLAUwt43HWtauhX,35,38.57142857142857,7,0.5186665576450123
Malaysia,2021-12-13,Ginseng Strip 2002,Yung Lean,https://open.spotify.com/track/79nEEoEPY2w8EXj9hjn5oc,37,40.0,2,0.5185869681863073
Canada,2021-12-13,La Espada,Eternal Raijin,https://open.spotify.com/track/6w969Gr8VhF02vaHs67oo9,35,40.857142857142854,7,0.5182506064919977
South Africa,2021-12-13,4:00A.M.,Taeko Onuki,https://open.spotify.com/track/0zoGVO4bQXG8U6ChKwNgeg,32,35.0,2,0.5182004417539596
Nicaragua,2021-12-13,Las Llaves de Mi Alma,Vicente Fernández,https://open.spotify.com/track/5M8JfFdmUtewLKcy0sZLtR,30,40.4,5,0.5179608983055712
Costa Rica,2021-12-13,Alien Blues,Vundabar,https://open.spotify.com/track/6UjeFOCGYgMpBUtqKg1Je3,29,36.285714285714285,7,0.517947541623452
Guatemala,2021-12-13,El Rey,Vicente Fernández,https://open.spotify.com/track/6P3dT8EkJd0LOyZklOl0Na,32,39.666666666666664,3,0.517850858817285
Vietnam,2021-12-13,24/7,"Celina Sharma, Harris J.",https://open.spotify.com/track/304uzYXYjPulJpLRJzuesX,34,35.42857142857143,7,0.5176859978916472
Uruguay,2021-12-13,Don Omar Rkt (Tengo el Pure),DJ Sebas,https://open.spotify.com/track/5boDCW4sxO9DQBlnwJuvpF,46,46.0,1,0.5176413500340713
Mexico,2021-12-13,Mr. Trance,Esteman,https://open.spotify.com/track/3SLIDzhExrfsvH6sVosiwn,29,30.0,7,0.5176304128137723
Colombia,2021-12-13,Los Malvekes,"Cris Mj, Marcianeke, Simon la Letra, Stars Music Chile",https://open.spotify.com/track/1AnJQd8TfkhK6M3VgZDVv1,36,39.714285714285715,7,0.5176041702029308
Germany,2021-12-13,Die For You,"VALORANT, Grabbitz",https://open.spotify.com/track/2lz3zjQ5QCVXiyOzIk02vW,9,10.285714285714286,7,0.5175583173007297
Ukraine,2021-12-13,Парень твой бандит,ARCHI,https://open.spotify.com/track/6EVpmV4p77KauvdHuh947j,42,46.0,4,0.5174791407246597
Morocco,2021-12-13,TO THE MOON,Jnr Choi,https://open.spotify.com/track/0hYFc3HSZHDaDzquLVRwBH,38,38.0,1,0.5170224033487072
Germany,2021-12-13,It's Called: Freefall,Rainbow Kitten Surprise,https://open.spotify.com/track/474uVhyGgK5MtY9gMcDgGl,27,37.333333333333336,6,0.5169847556855945
Dominican Republic,2021-12-13,Alien Blues,Vundabar,https://open.spotify.com/track/6UjeFOCGYgMpBUtqKg1Je3,46,46.0,1,0.5169119303984187
Czech Republic,2021-12-13,Legend,Tevvez,https://open.spotify.com/track/05EG9LwFCVjkoYEWzsrHHO,32,37.142857142857146,7,0.5168268221593745
Mexico,2021-12-13,Amapolas,Leo Rizzi,https://open.spotify.com/track/0z5yLgBmAtaylDYrgwzlpH,29,31.714285714285715,7,0.5167612416882431
Romania,2021-12-13,Nincsen gond,ALEE,https://open.spotify.com/track/5FTvlhyTm3PZb0x33oCxDS,44,44.0,1,0.5164542945252792
Saudi Arabia,2021-12-13,This Side of Paradise,Coyote Theory,https://open.spotify.com/track/79EkGysjP2dL5GdpeQjRxT,47,48.0,6,0.5163130707464374
Bulgaria,2021-12-13,Super Gremlin,Kodak Black,https://open.spotify.com/track/4A8cWXxKfIL3lAyUDzXbCF,29,38.833333333333336,6,0.5161009972206321
Malaysia,2021-12-13,DJ BABY DON'T GO - FULL BASS REMIX,DJ Xen,https://open.spotify.com/track/7LHnHZ2T3AyEp4eTk4CF74,46,46.0,1,0.5159638836328161
Germany,2021-12-13,Shiko,"Gehlektek, TakaTuka",https://open.spotify.com/track/011dWhYZyNEITebRXv3ARB,27,31.142857142857142,7,0.5159488552075646
Brazil,2021-12-13,Se a Saudade Bater,MC Tairon,https://open.spotify.com/track/5WVsfMt8jKVuSGOr4iBFDu,39,44.0,5,0.5159165326022572
Egypt,2021-12-13,Ahla Wahda,"Disco Misr, Aziz Maraka",https://open.spotify.com/track/6zUTQHFa3gsmWyRxZzYe4e,19,26.0,7,0.5157956611753943
Greece,2021-12-13,Nothing,Bruno Major,https://open.spotify.com/track/2IAR0DziHCjSu16gR4ihvy,50,50.0,1,0.5157496481599377
Greece,2021-12-13,Teacher's Pet,Melanie Martinez,https://open.spotify.com/track/5o5akY9xnEk6lpMkD8RwD9,50,50.0,1,0.5157496481599377
Portugal,2021-12-13,Girassóis (feat. EU.CLIDES),benji price,https://open.spotify.com/track/4qheMQqpaPce8ZRZVejirY,26,30.428571428571427,7,0.5157186069298855
Slovakia,2021-12-13,Fairytale of New York (feat. Kirsty MacColl),The Pogues,https://open.spotify.com/track/3VTNVsTTu05dmTsVFrmGpK,32,37.5,2,0.5156465258369953
Spain,2021-12-13,MIDDLE OF THE NIGHT,Elley Duhé,https://open.spotify.com/track/58HvfVOeJY7lUuCqF0m3ly,17,20.857142857142858,7,0.5156019983518432
Singapore,2021-12-13,我不是刘德华,"新地, 卢克",https://open.spotify.com/track/1n2FscRmwzATPycaKCIr90,10,10.5,4,0.5155890724411459
Brazil,2021-12-13,Ela vai de frente ela vai de costas,DJ LK Simões,https://open.spotify.com/track/2tKd21Yz49ZbBQcwPAnH3R,21,22.571428571428573,7,0.51525633265202
Finland,2021-12-13,It's Called: Freefall,Rainbow Kitten Surprise,https://open.spotify.com/track/474uVhyGgK5MtY9gMcDgGl,12,16.714285714285715,7,0.5151728115677972
Austria,2021-12-13,Cpr,cupcakKe,https://open.spotify.com/track/35mBYyB61qTcGGj7MXIRM1,16,23.142857142857142,7,0.5151463299423651
Italy,2021-12-13,Un battito ancora,Gli Ultimi,https://open.spotify.com/track/2YQKpGTFcuIeNvpksxrZ5v,26,28.0,7,0.5151351146454689
Thailand,2021-12-13,Perfect,One Direction,https://open.spotify.com/track/3NLnwwAQbbFKcEcV8hDItk,42,43.142857142857146,7,0.5150832599537475
Vietnam,2021-12-13,Váy Cưới (Lofi Version),Trung Tu,https://open.spotify.com/track/1As1VoCdyEsU9GLuHuYXXQ,37,44.0,7,0.5150617934383579
Iceland,2021-12-13,Dynasties & Dystopia (from the series Arcane League of Legends),"Denzel Curry, Gizzle, Bren Joy",https://open.spotify.com/track/5EIkdrmuu2xkoQWOWjoeFY,42,42.0,1,0.5150384825915313
Slovakia,2021-12-13,Chandelier,Will Paquin,https://open.spotify.com/track/3REELyDyt5SPKX2387Zubv,39,43.166666666666664,6,0.5149290300378989
Ireland,2021-12-13,Surface Pressure,Jessica Darrow,https://open.spotify.com/track/760jhRscwGbIIe1m1IIQpU,18,32.0,7,0.5149213758684681
United States,2021-12-13,The Perfect Girl,Mareux,https://open.spotify.com/track/5RBOcBpJXaNnHCGViJmYhh,16,17.666666666666668,6,0.5146739595412373
Sweden,2021-12-13,abcdefu (angrier),GAYLE,https://open.spotify.com/track/1EQFOouqdKYdpbNoOHRVO2,22,27.0,7,0.514602436179601
India,2021-12-13,Infinity,Jaymes Young,https://open.spotify.com/track/1SOClUWhOi8vHZYMz3GluK,9,10.142857142857142,7,0.5145813267943601
Bolivia,2021-12-13,abcdefu (angrier),GAYLE,https://open.spotify.com/track/1EQFOouqdKYdpbNoOHRVO2,27,37.0,3,0.5145710533528562
Czech Republic,2021-12-13,Pivko,"Cico Band, Rene Rendy",https://open.spotify.com/track/0SkXruhPA5gTI6AS9NR2aN,22,25.857142857142858,7,0.5144833743349798
El Salvador,2021-12-13,Toxic,BoyWithUke,https://open.spotify.com/track/2gQPv5jvVPqU2a9HhMNO1v,18,25.571428571428573,7,0.5144304920584096
Netherlands,2021-12-13,DTB,Merczz,https://open.spotify.com/track/6BoXckigjvnIAZVQV6lELq,8,9.0,6,0.5142643787670583
Chile,2021-12-13,Fall in Love with You.,Montell Fish,https://open.spotify.com/track/31MQR9rOHRXyg4J01hRY1h,19,23.142857142857142,7,0.5142474728815439
Dominican Republic,2021-12-13,After Dark,Mr.Kitty,https://open.spotify.com/track/0zCgWGmDF0aih5qexATyBn,41,44.25,4,0.5141476275532699
Peru,2021-12-13,Ella - Remix,"Boza, Lunay, Lenny Tavárez, Juhn, Beéle",https://open.spotify.com/track/7iHHlCbsFou5DZSW5HCPfs,38,40.714285714285715,7,0.5139896444196067
Australia,2021-12-13,TO THE MOON,Jnr Choi,https://open.spotify.com/track/0hYFc3HSZHDaDzquLVRwBH,4,4.333333333333333,3,0.5139738771703616
Singapore,2021-12-13,Give Me Your Forever,Zack Tabudlo,https://open.spotify.com/track/4mzP5mHkRvGxdhdGdAH7EJ,37,39.714285714285715,7,0.513944535740126
Guatemala,2021-12-13,Alejarme de Ti,"Eladio Carrion, Jay Wheeler",https://open.spotify.com/track/4YV8COy6CS7PBFHw0AO4pF,19,28.0,7,0.5139374755717958
Saudi Arabia,2021-12-13,وصلنا,"VO, Abdulaziz Louis, Bader AlShuaibi",https://open.spotify.com/track/5x30FoNuMhL1dzwrSbDpEm,37,44.0,4,0.5138335104531813
Argentina,2021-12-13,abcdefu (angrier),GAYLE,https://open.spotify.com/track/1EQFOouqdKYdpbNoOHRVO2,23,24.285714285714285,7,0.5136647071447064
Switzerland,2021-12-13,Swimming Pool,Marie Madeleine,https://open.spotify.com/track/3BMqVk2NJbH4fxf84e8kDC,11,12.2,5,0.5136289128056968
Saudi Arabia,2021-12-13,Ocean,Elsa & Emilie,https://open.spotify.com/track/2W3Z4r19OwBPHqEcD042QB,43,43.0,1,0.5134930416415617
Greece,2021-12-13,Badman,"Mente Fuerte, HGEMONA$",https://open.spotify.com/track/3PJ08KHVwAX8HI1PHbVPHj,48,49.142857142857146,7,0.5134376539467058
Thailand,2021-12-13,Cpr,cupcakKe,https://open.spotify.com/track/35mBYyB61qTcGGj7MXIRM1,24,27.0,7,0.5133575274832483
Honduras,2021-12-13,Volver Volver,Vicente Fernández,https://open.spotify.com/track/4Fvnz1ZJ86IdqDAepWYPAh,32,41.4,5,0.5133434221451211
Peru,2021-12-13,Nothing,Bruno Major,https://open.spotify.com/track/2IAR0DziHCjSu16gR4ihvy,29,32.285714285714285,7,0.5133078791034335
Israel,2021-12-13,יש ימים,Avraham Aviv Alush,https://open.spotify.com/track/2Qf1xUEw1fGG0Z2mmC6N0w,21,29.285714285714285,7,0.5132191790603214
Saudi Arabia,2021-12-13,Guns for Hire (from the series Arcane League of Legends),Woodkid,https://open.spotify.com/track/2H3HPGuPyhcbg5AqoQ4BWr,39,41.0,7,0.5131492869628269
Luxembourg,2021-12-13,MIDDLE OF THE NIGHT,Elley Duhé,https://open.spotify.com/track/58HvfVOeJY7lUuCqF0m3ly,18,22.142857142857142,7,0.5130357105369224
Taiwan,2021-12-13,哪里都是你 - 女版,四夕雨日斤,https://open.spotify.com/track/2RiK6I4aD27vexytv9ntff,25,38.0,4,0.5127998062945589
Malaysia,2021-12-13,I Love You So,The Walters,https://open.spotify.com/track/4SqWKzw0CbA05TGszDgMlc,41,43.57142857142857,7,0.5127263011560336
Dominican Republic,2021-12-13,Mujeres Divinas,Vicente Fernández,https://open.spotify.com/track/2PxGGRmj5yunYdNF2Ud2vm,43,45.666666666666664,3,0.5124196828901266
Singapore,2021-12-13,"30/90 (from ""tick, tick... BOOM!"" Soundtrack from the Netflix Film)","Andrew Garfield, Joshua Henry, Vanessa Hudgens, Robin de Jesus, Alexandra Shipp, MJ Rodriguez",https://open.spotify.com/track/55MIRLbZzpYSmMlRt9ZDWM,25,32.0,3,0.5123743232132018
Chile,2021-12-13,MIDDLE OF THE NIGHT,Elley Duhé,https://open.spotify.com/track/58HvfVOeJY7lUuCqF0m3ly,21,24.142857142857142,7,0.5123513635739332
Dominican Republic,2021-12-13,"No Tengo Hambre, Tengo Ansiedad",Alan Sutton y las criaturitas de la ansiedad,https://open.spotify.com/track/0kqWb82ACdjcObDqDqD0zg,32,36.42857142857143,7,0.5123406921769915
Belgium,2021-12-13,Cool Abdoul Theme Song - Radio Edit,"One Track Brain, Mariem Hassan",https://open.spotify.com/track/1mUpmCX5vxXyDEbkbNTtn5,23,29.25,4,0.5123355864005565
Greece,2021-12-13,lost souls (with Brent Faiyaz),Baby Keem,https://open.spotify.com/track/02rdXe0KhMe8p6ZHzYtuw0,23,33.857142857142854,7,0.512331856450919
Australia,2021-12-13,Want me!!?,"Cl4pers, noevdv",https://open.spotify.com/track/115iPhBHB5BBzjLCZFfvTt,25,35.0,5,0.5122793110860476
Nicaragua,2021-12-13,Alejarme de Ti,"Eladio Carrion, Jay Wheeler",https://open.spotify.com/track/4YV8COy6CS7PBFHw0AO4pF,13,24.857142857142858,7,0.5122508456658171
United Kingdom,2021-12-13,MIDDLE OF THE NIGHT,Elley Duhé,https://open.spotify.com/track/58HvfVOeJY7lUuCqF0m3ly,21,23.428571428571427,7,0.5119487480976118
Slovakia,2021-12-13,Toxic,BoyWithUke,https://open.spotify.com/track/2gQPv5jvVPqU2a9HhMNO1v,37,43.0,7,0.511917728357236
Paraguay,2021-12-13,Infinity,Jaymes Young,https://open.spotify.com/track/1SOClUWhOi8vHZYMz3GluK,37,42.285714285714285,7,0.511773290443049
Costa Rica,2021-12-13,En El Bar,"Toledo, KAVVO, RVS",https://open.spotify.com/track/2vmjg3coaLu9sVVBSbdJJH,26,30.142857142857142,7,0.5117298852445203
Saudi Arabia,2021-12-13,Dynasties & Dystopia (from the series Arcane League of Legends),"Denzel Curry, Gizzle, Bren Joy",https://open.spotify.com/track/5EIkdrmuu2xkoQWOWjoeFY,41,44.5,6,0.5117207014660613
Vietnam,2021-12-13,Enemy (with JID) - from the series Arcane League of Legends,Imagine Dragons,https://open.spotify.com/track/1r9xUipOqoNwggBpENDsvJ,38,42.0,7,0.5115758676293956
Portugal,2021-12-13,Cpr,cupcakKe,https://open.spotify.com/track/35mBYyB61qTcGGj7MXIRM1,28,36.0,7,0.5115037687704796
Bolivia,2021-12-13,Sin Maquillar,Andrés Obregón,https://open.spotify.com/track/2FSMtTgsTxHfMb90fVFvsx,37,43.0,7,0.5114017295750688
Italy,2021-12-13,Aria,"Lucariello, Raiz",https://open.spotify.com/track/68luo7EPovGDNLDZAhd3HL,26,35.42857142857143,7,0.5113669117459139
Turkey,2021-12-13,Gitme,"Dolu Kadehi Ters Tut, Sedef Sebüktekin",https://open.spotify.com/track/4Sng3wnol2Gb2yXgFdr9lj,27,29.857142857142858,7,0.5113327652423192
Honduras,2021-12-13,Cpr,cupcakKe,https://open.spotify.com/track/35mBYyB61qTcGGj7MXIRM1,30,35.42857142857143,7,0.5113032372098044
India,2021-12-13,see you later (ten years),Jenna Raine,https://open.spotify.com/track/5elofKuRmgZmCVImWT6JtE,23,27.142857142857142,7,0.5112489730525079
El Salvador,2021-12-13,Una Cunumi - Remix,"Qmayb, J.Gonzo, Faraón Love Shady, Xvideo Token",https://open.spotify.com/track/07sQOuFnAKkgT81abNu1m9,46,46.0,1,0.5111739915276841
El Salvador,2021-12-13,La Diferencia,Vicente Fernández,https://open.spotify.com/track/6wwMqdntt3An3mmVSb613i,37,42.0,4,0.5111399787008718
Uruguay,2021-12-13,Ella - Remix,"Boza, Lunay, Lenny Tavárez, Juhn, Beéle",https://open.spotify.com/track/7iHHlCbsFou5DZSW5HCPfs,39,40.5,2,0.5110120135170312
Honduras,2021-12-13,Hasta la Raíz,Natalia Lafourcade,https://open.spotify.com/track/3lGMtkONrZdJ8kTCg6KIFf,18,22.857142857142858,7,0.5110001238000107
Slovakia,2021-12-13,Я буду ебать,"Moreart, IHI",https://open.spotify.com/track/3lFrFQcZWPLa8WEG7xoc4b,39,42.142857142857146,7,0.5109634917910842
Malaysia,2021-12-13,La Espada,Eternal Raijin,https://open.spotify.com/track/6w969Gr8VhF02vaHs67oo9,47,47.0,1,0.5109562909875085
Panama,2021-12-13,El Rey,Vicente Fernández,https://open.spotify.com/track/6P3dT8EkJd0LOyZklOl0Na,50,50.0,1,0.5109269246818584
Iceland,2021-12-13,Ég þarf enga gjöf í ár,"Valdimar Guðmundsson, Fjölskyldan",https://open.spotify.com/track/4zkdfzYrkU53benFEZaman,26,28.333333333333332,3,0.5108645344605187
Taiwan,2021-12-13,貴腐酒 Noble Wine,"Dessy, 緋村宗祐",https://open.spotify.com/track/3b2tTQ5bPDtC1BeCs397Az,31,34.42857142857143,7,0.5108154497593821
Denmark,2021-12-13,Swimming Pool,Marie Madeleine,https://open.spotify.com/track/3BMqVk2NJbH4fxf84e8kDC,10,12.666666666666666,6,0.5107998453986687
Colombia,2021-12-13,A Mi Manera - En Vivo [Un Azteca en el Azteca],Vicente Fernández,https://open.spotify.com/track/78fl7FwLL7HK60Oa6xg4Ng,30,34.8,5,0.5106558286865432
Philippines,2021-12-13,Fiction,Lund,https://open.spotify.com/track/31Z75ehoSqIwC1bsRESbKM,34,35.714285714285715,7,0.5103965792927491
Luxembourg,2021-12-13,L'odeur de l'essence,Orelsan,https://open.spotify.com/track/4c3TC1eWvz6BgOqSlOAKdT,14,20.714285714285715,7,0.5100811962236873
Mexico,2021-12-13,Own Brand Freestyle,"FelixThe1st, Dreya Mac, Finch Fetti",https://open.spotify.com/track/6Jzdxguk63s6CVVXHIrQ0x,11,13.0,5,0.5100769373661267
Ireland,2021-12-13,4am,JBee,https://open.spotify.com/track/3jTWd38NseaNnSuIK2Ybsp,33,41.142857142857146,7,0.5099181681720395
Estonia,2021-12-13,Marmalade,"Miyagi & Andy Panda, Mav-d",https://open.spotify.com/track/7rvEwAILTqxBpdIyUifkE8,28,33.714285714285715,7,0.5097434385316685
Brazil,2021-12-13,MT-VAI CORRER PERIGO--PRAS NOVINHAS DO TIKTOK,"DJ RN DU SD, Mc Jl o Unico",https://open.spotify.com/track/2unbNed6euCztSWVsV8Dar,22,24.571428571428573,7,0.5097409539873855
Turkey,2021-12-13,La Espada,Eternal Raijin,https://open.spotify.com/track/6w969Gr8VhF02vaHs67oo9,17,17.285714285714285,7,0.5096404103255634
Russia,2021-12-13,I AM WOMAN,Emmy Meli,https://open.spotify.com/track/3nOz1U41SZZ0N3fuUWr9nb,5,6.714285714285714,7,0.509435712249854
Lithuania,2021-12-13,The Perfect Girl,Mareux,https://open.spotify.com/track/6J4XizhuOlKmPWykPrHIrV,10,10.0,1,0.5093983595254287
Panama,2021-12-13,Estos Celos,Vicente Fernández,https://open.spotify.com/track/6u6kH7V7Tx5xDJtF82vVw0,42,43.5,2,0.5093039755630372
Israel,2021-12-13,Helikopter,Fazlija,https://open.spotify.com/track/3xGOOOPD2HjErQLyRFk5Wf,10,12.714285714285714,7,0.5092882285663934
Egypt,2021-12-13,FAR2 KHEBRA,Afroto,https://open.spotify.com/track/53BjuhvFCmv5T0VRhKuNrb,22,25.142857142857142,7,0.5091849820083553
Canada,2021-12-13,Ameno Amapiano - Remix,"Goya Menor, Nektunez",https://open.spotify.com/track/3JIWSOzzlJfyf2Y1i54QeX,1,1.0,2,0.5090085143347838
South Africa,2021-12-13,Tse Nnyane (feat. Kosha Za),"Vusi Ma R5, Enny Man Da Guitar",https://open.spotify.com/track/3cLYhJp7pe8r5fvwUA368f,42,45.333333333333336,6,0.508793628015053
Iceland,2021-12-13,River,Joni Mitchell,https://open.spotify.com/track/0DAmSYQW9kq9gQNDI002KP,35,36.0,2,0.5086610804854367
Canada,2021-12-13,abcdefu (angrier),GAYLE,https://open.spotify.com/track/1EQFOouqdKYdpbNoOHRVO2,10,13.0,7,0.5082979716263589
Finland,2021-12-13,Sankta Lucia (2012),Finlands luciakör,https://open.spotify.com/track/4KOVcWYZkp1dJ4eag5lqeB,8,8.285714285714286,7,0.5081565027884795
Italy,2021-12-13,∞ LOVE (feat. Guè),Marracash,https://open.spotify.com/track/2VyZWWKamfq7kVnh5gMgPd,11,12.571428571428571,7,0.5081011818514131
Vietnam,2021-12-13,All These Feelings - No One mastered,"Wxrdie, 2pillz",https://open.spotify.com/track/5LN8i1XbwPPtnRGIB592J3,24,26.0,7,0.507943298277516
Austria,2021-12-13,La Espada,Eternal Raijin,https://open.spotify.com/track/6w969Gr8VhF02vaHs67oo9,28,35.714285714285715,7,0.5078361265497534
Luxembourg,2021-12-13,abcdefu (angrier),GAYLE,https://open.spotify.com/track/1EQFOouqdKYdpbNoOHRVO2,17,26.285714285714285,7,0.5078212302070892
Iceland,2021-12-13,LA FAMA (with The Weeknd),ROSALÍA,https://open.spotify.com/track/6dmXZ9B5HdFAyzHeTneYBK,27,31.857142857142858,7,0.5076434936325783
Panama,2021-12-13,Chicken Noodle Soup (feat. Becky G),j-hope,https://open.spotify.com/track/6wyr4ReB05D9sJB1Rsmcqo,27,30.0,3,0.5072688101329476
Taiwan,2021-12-13,你知道我愛你,邱澤,https://open.spotify.com/track/5dIXLAidd0ZjvDclXtYqCV,39,39.5,4,0.5072144937427836
Hong Kong,2021-12-13,honest (feat. moon tang),Gareth.T,https://open.spotify.com/track/6kEzWfX8TilHN8FenwdxCE,15,22.571428571428573,7,0.5071377673697463
Germany,2021-12-13,Mit Dir,Sido,https://open.spotify.com/track/2xFMvrqk99biaLQavjufta,2,3.7142857142857144,7,0.5069328061144414
Dominican Republic,2021-12-13,MOOD,Omy de Oro,https://open.spotify.com/track/1R3I5R1e7APlPX7ld7xoS1,48,48.0,1,0.5068954144281784
Austria,2021-12-13,HMU,Tobias Dray,https://open.spotify.com/track/60U1w8wJMlPvXRdPaLAYqi,43,46.833333333333336,6,0.5066293564859512
Nicaragua,2021-12-13,I Love You So,The Walters,https://open.spotify.com/track/4SqWKzw0CbA05TGszDgMlc,30,38.833333333333336,6,0.5065157457237872
Poland,2021-12-13,Come Over (Again),Crawlers,https://open.spotify.com/track/4PDJDIdWxNN1AlnbrKkoPf,18,19.285714285714285,7,0.5064804453975559
Canada,2021-12-13,3 BIG BALLS,DigBarGayRaps,https://open.spotify.com/track/2YIDnkBfwbLMkt9rcugLdr,12,13.857142857142858,7,0.5064734345284568
Uruguay,2021-12-13,LA FAMA (with The Weeknd),ROSALÍA,https://open.spotify.com/track/6dmXZ9B5HdFAyzHeTneYBK,36,42.4,5,0.5061073161803011
Paraguay,2021-12-13,all I want is you,"Rebzyyx, hoshie star",https://open.spotify.com/track/7lOvJBqH38ZY59eLU7bioq,38,41.666666666666664,6,0.5060361076287012
Iceland,2021-12-13,"Ó, helga nótt","Margrét Eir, Hera Björk",https://open.spotify.com/track/5hlDlZjP8bAtpVfH6LDFW2,41,41.5,4,0.505925604645355
Israel,2021-12-13,I Love You So,The Walters,https://open.spotify.com/track/4SqWKzw0CbA05TGszDgMlc,36,43.285714285714285,7,0.5057500999664728
Lithuania,2021-12-13,Sninga Iš Meilės,Džimba,https://open.spotify.com/track/1eIjzFuHdiFkJIiR4tCdZd,46,46.0,1,0.5056105390213204
Lithuania,2021-12-13,Snakes (from the series Arcane League of Legends),"MIYAVI, PVRIS",https://open.spotify.com/track/7LmyUD78mtwBDzgVV4P5F4,46,46.0,1,0.5056105390213204
Turkey,2021-12-13,Kalbinde Birileri Var,Perdenin Ardındakiler,https://open.spotify.com/track/2FgmDd6M9OM9CjKHn9ckxU,34,39.57142857142857,7,0.505347667022484
Morocco,2021-12-13,L'odeur de l'essence,Orelsan,https://open.spotify.com/track/4c3TC1eWvz6BgOqSlOAKdT,22,32.57142857142857,7,0.505279511411682
Sweden,2021-12-13,MIDDLE OF THE NIGHT,Elley Duhé,https://open.spotify.com/track/58HvfVOeJY7lUuCqF0m3ly,12,14.571428571428571,7,0.5052233203268846
Greece,2021-12-13,The Perfect Girl,Mareux,https://open.spotify.com/track/6J4XizhuOlKmPWykPrHIrV,16,16.0,1,0.5051509533852119
Estonia,2021-12-13,lost souls (with Brent Faiyaz),Baby Keem,https://open.spotify.com/track/02rdXe0KhMe8p6ZHzYtuw0,41,42.6,5,0.5050568653836086
Taiwan,2021-12-13,Morning_Blue,Cykko,https://open.spotify.com/track/4YE61NwaTV5Dbfauczw1wf,32,39.333333333333336,3,0.5050211087939089
Iceland,2021-12-13,GHOST TOWN,Benson Boone,https://open.spotify.com/track/135Lf4Q0CzlMNfOxbEUsLH,44,44.0,1,0.5050203184642762
Mexico,2021-12-13,LOST IN PARADISE,"ALI, AKLO",https://open.spotify.com/track/7kRKlFCFLAUwt43HWtauhX,18,18.5,2,0.5048523229534755
Czech Republic,2021-12-13,By Now,"Jordan Haj, Emma Smetana",https://open.spotify.com/track/1FFsV3rGatjlF9HJXlXCUT,9,10.714285714285714,7,0.5047580464390187
Luxembourg,2021-12-13,LA FAMA (with The Weeknd),ROSALÍA,https://open.spotify.com/track/6dmXZ9B5HdFAyzHeTneYBK,6,10.285714285714286,7,0.5047552125037731
Chile,2021-12-13,Alien Blues,Vundabar,https://open.spotify.com/track/6UjeFOCGYgMpBUtqKg1Je3,33,37.42857142857143,7,0.5046769595973767
Costa Rica,2021-12-13,Notion,The Rare Occasions,https://open.spotify.com/track/0sTlGEld0h8kIPZaKDYUf4,18,25.428571428571427,7,0.5046605451172163
India,2021-12-13,Aankhon Ke Darmiya,Rishbh Tiwari (Acoustic Rishbh),https://open.spotify.com/track/6HLbozyrzSwZkI0lt9FzKS,8,8.571428571428571,7,0.504651738383139
Mexico,2021-12-13,Hermoso Cariño,Vicente Fernández,https://open.spotify.com/track/6UN6W5tj0qrMYV8N9MQMJC,26,38.0,5,0.5045717233085824
Italy,2021-12-13,La più bella,"Mecna, CoCo",https://open.spotify.com/track/0sAroRXvF6YQqMdonRDE9e,40,45.0,7,0.5041875894609392
Switzerland,2021-12-13,Ameno Amapiano - Remix,"Goya Menor, Nektunez",https://open.spotify.com/track/3JIWSOzzlJfyf2Y1i54QeX,5,5.0,1,0.5041558984155642
Thailand,2021-12-13,รับบทเป็น,pluto.,https://open.spotify.com/track/31aDVkAjpVsQqFpoUisYYP,46,46.714285714285715,7,0.5040342144571174
South Africa,2021-12-13,Move Your Body,"Öwnboss, Sevek",https://open.spotify.com/track/6GomT970rCOkKAyyrwJeZi,31,34.5,6,0.5039472296826144
Hungary,2021-12-13,Nyolcadik nap,Ress,https://open.spotify.com/track/050EXvgL0PlRDi5d2OpToT,30,33.857142857142854,7,0.5039165470407074
Australia,2021-12-13,Come Over (Again),Crawlers,https://open.spotify.com/track/4PDJDIdWxNN1AlnbrKkoPf,9,11.571428571428571,7,0.5036288101886542
Ukraine,2021-12-13,Cpr,cupcakKe,https://open.spotify.com/track/35mBYyB61qTcGGj7MXIRM1,42,42.8,5,0.5033029640249022
Philippines,2021-12-13,On the Low,Justin Park,https://open.spotify.com/track/4MIKclDDgZgzuaATP5yOjW,20,28.75,4,0.503050363953781
Saudi Arabia,2021-12-13,Dark Red,Steve Lacy,https://open.spotify.com/track/37y7iDayfwm3WXn5BiAoRk,38,39.857142857142854,7,0.5030011435240045
Portugal,2021-12-13,Swimming Pool,Marie Madeleine,https://open.spotify.com/track/3BMqVk2NJbH4fxf84e8kDC,24,28.0,4,0.5027403322046271
United Kingdom,2021-12-13,The Perfect Girl,Mareux,https://open.spotify.com/track/5RBOcBpJXaNnHCGViJmYhh,25,27.0,6,0.5026321752596647
Uruguay,2021-12-13,#RapSinCorte L,"Foyone, Sceno, Kase.O, Dollar Selmouni, Ayax y Prok, FERNANDOCOSTA, Spok Sponha, Elio Toffana, Ptazeta, Cráneo, Bejo, Easy-S, Moneo, Las Ninyas del Corro, Sofía Gabanna, ToteKing, Recycled J",https://open.spotify.com/track/5ZaPIvSXtTxrj8yXnUx0wd,49,49.0,1,0.5026148531625045
Netherlands,2021-12-13,TO THE MOON,Jnr Choi,https://open.spotify.com/track/0hYFc3HSZHDaDzquLVRwBH,4,5.0,3,0.5025093944657393
Saudi Arabia,2021-12-13,Dinle Beni Bi',Yüzyüzeyken Konuşuruz,https://open.spotify.com/track/11PO9iu6PtpgL1JK4QNUEJ,42,44.6,5,0.5023175504511137
France,2021-12-13,Sous les apparences,Ana Ka,https://open.spotify.com/track/3GZTxNYUu7PpXv47oCMa4G,9,10.714285714285714,7,0.5023138242637863
El Salvador,2021-12-13,Cpr,cupcakKe,https://open.spotify.com/track/35mBYyB61qTcGGj7MXIRM1,25,32.0,2,0.5020853045492831
Lithuania,2021-12-13,Face Off,"Tech N9ne, Joey Cool, King Iso, Dwayne Johnson",https://open.spotify.com/track/6M47gaKejso9772SKTa3yH,31,34.6,5,0.5020732647123017
Dominican Republic,2021-12-13,I Drink Wine,Adele,https://open.spotify.com/track/6v0UJD4a2FtleHeSYVX02A,49,49.0,1,0.5018845763946495
Hong Kong,2021-12-13,Toxic,BoyWithUke,https://open.spotify.com/track/2gQPv5jvVPqU2a9HhMNO1v,27,31.714285714285715,7,0.5015644511398326
Hong Kong,2021-12-13,Youuu,"Milky Day, Gareth.T",https://open.spotify.com/track/7AtCIuQLBDXlu3nWhYuwJ0,27,31.714285714285715,7,0.5015644511398326
Finland,2021-12-13,MIDDLE OF THE NIGHT,Elley Duhé,https://open.spotify.com/track/58HvfVOeJY7lUuCqF0m3ly,15,17.142857142857142,7,0.5014489694310411
Paraguay,2021-12-13,Vou Encher de Leite e Vou Mandar Pros Alemão - Eletrofunk,"Mc Th, G5 Deboxe, Medellin",https://open.spotify.com/track/2EO2Ygkb3rjxExkpStXvyK,29,34.666666666666664,6,0.5013590847031664
Belgium,2021-12-13,My Humps,"Joshwa, Lee Foss",https://open.spotify.com/track/5WoBAyXaOnKEfvsZocrPeT,29,38.857142857142854,7,0.5012623333820002
Australia,2021-12-13,Alien Blues,Vundabar,https://open.spotify.com/track/6UjeFOCGYgMpBUtqKg1Je3,8,10.142857142857142,7,0.501240226267741
Spain,2021-12-13,Own Brand Freestyle,"FelixThe1st, Dreya Mac, Finch Fetti",https://open.spotify.com/track/6Jzdxguk63s6CVVXHIrQ0x,8,9.714285714285714,7,0.5010676842429217
Iceland,2021-12-13,Felicità,Al Bano And Romina Power,https://open.spotify.com/track/7sXTcibuNYugjjYNfgf2kY,41,42.666666666666664,3,0.5010319566491811
United Kingdom,2021-12-13,abcdefu (angrier),GAYLE,https://open.spotify.com/track/1EQFOouqdKYdpbNoOHRVO2,11,14.142857142857142,7,0.5009725749291856
Germany,2021-12-13,Zeit für uns,Moritz Garth,https://open.spotify.com/track/4g99PRaojcYRs1rgLwZRs8,12,14.571428571428571,7,0.5007225726067331
Sweden,2021-12-13,Own Brand Freestyle,"FelixThe1st, Dreya Mac, Finch Fetti",https://open.spotify.com/track/6Jzdxguk63s6CVVXHIrQ0x,16,18.0,7,0.5007034346477491
Mexico,2021-12-13,Amapolas - Remix,"Leo Rizzi, Danny Ocean",https://open.spotify.com/track/44QxiGlmeSpF8boud04Rkc,22,23.142857142857142,7,0.500689524502115
United Kingdom,2021-12-13,Just A Little While,The 502s,https://open.spotify.com/track/3CL0eXel8usNNSCQ6OT7KJ,17,21.25,4,0.5006628701471314
Chile,2021-12-13,Los Salieris De Charly,León Gieco,https://open.spotify.com/track/2Ur5w6pRsWBq5xnqiwhVgj,26,26.0,1,0.50064928126264
New Zealand,2021-12-13,Coming for You (feat. A1 x J1),SwitchOTR,https://open.spotify.com/track/1xIqDFx3KdByBnKMlTECcM,12,14.857142857142858,7,0.5004912391461442
Guatemala,2021-12-13,Own Brand Freestyle,"FelixThe1st, Dreya Mac, Finch Fetti",https://open.spotify.com/track/6Jzdxguk63s6CVVXHIrQ0x,31,38.0,2,0.5004321061345196
Chile,2021-12-13,Dele Cotele 3,"Adan La Amenaza, Yohancito, Marcianeke, King Savagge, Jairo Vera, El BAI, Pailita, Yordano El Menor, Balbi El Chamako",https://open.spotify.com/track/3PNBBs7345WBTSAxhE0q3a,7,9.571428571428571,7,0.5003772781816674
Israel,2021-12-13,לא מתנצלת,Dikla,https://open.spotify.com/track/1QDPsjHMikog1UqQyN0dr2,27,29.142857142857142,7,0.5003512867456326
Chile,2021-12-13,La familia Madrigal,"Olga Lucía Vives, Yaneth Waldman, Encanto - Elenco",https://open.spotify.com/track/6740sbqgB64LZopHUEiBG8,36,41.666666666666664,6,0.5002782259161894
Egypt,2021-12-13,Misfit Toys (from the series Arcane League of Legends),"Pusha T, Mako",https://open.spotify.com/track/40giNwfX1pR3smltxvs3dB,33,37.285714285714285,7,0.5001320737042504
Iceland,2021-12-13,Jólin (þau eru á hverju ári),"Jón Jónsson, Stefán Hilmarsson",https://open.spotify.com/track/53oFFJcMCKIEhVDd49YonF,45,45.0,1,0.5000092208830347
Argentina,2021-12-13,Pope Is a Rockstar,SALES,https://open.spotify.com/track/0So2sgVa8aJiARPl2P29u2,19,27.4,5,0.4999684958422375
Mexico,2021-12-13,Los Malvekes,"Cris Mj, Marcianeke, Simon la Letra, Stars Music Chile",https://open.spotify.com/track/1AnJQd8TfkhK6M3VgZDVv1,35,41.714285714285715,7,0.4999043816602716
Norway,2021-12-13,"Tema frå ""Tre nøtter til Askepott""","Karel Svoboda, Tenorane og Steffen Horn",https://open.spotify.com/track/2Kva6M26xqgX0I3zlAKbml,20,22.571428571428573,7,0.4996944488667266
Belgium,2021-12-13,Alien Blues,Vundabar,https://open.spotify.com/track/6UjeFOCGYgMpBUtqKg1Je3,7,13.142857142857142,7,0.499556037487367
South Africa,2021-12-13,Ba Melomu,Lil Meri,https://open.spotify.com/track/69u2TRV57RIxo2CKmQ1ZUf,41,46.333333333333336,3,0.49952386336958926
Netherlands,2021-12-13,Come Over (Again),Crawlers,https://open.spotify.com/track/4PDJDIdWxNN1AlnbrKkoPf,18,19.142857142857142,7,0.4994276287326674
Ecuador,2021-12-13,TITAN,Salastkbron,https://open.spotify.com/track/5fBQLapwAPSLw27STml9kr,35,45.166666666666664,6,0.49940078902866974
Costa Rica,2021-12-13,El Rey,Vicente Fernández,https://open.spotify.com/track/6P3dT8EkJd0LOyZklOl0Na,36,40.5,4,0.49937544166499453
Nicaragua,2021-12-13,Infinity,Jaymes Young,https://open.spotify.com/track/1SOClUWhOi8vHZYMz3GluK,19,25.142857142857142,7,0.499164775143175
Russia,2021-12-13,СОЛНЦЕ МОНАКО,Lusia Chebotina,https://open.spotify.com/track/5YDBHDEIgWkfairCJgGApW,22,23.571428571428573,7,0.4991247552574958
Finland,2021-12-13,Pohjola,Olli Halonen,https://open.spotify.com/track/6YFcvJlcgQceRfJrVpmJa0,14,16.285714285714285,7,0.4987702640050343
Colombia,2021-12-13,Chandelier,Will Paquin,https://open.spotify.com/track/3REELyDyt5SPKX2387Zubv,26,31.0,7,0.49872547684350815
Belgium,2021-12-13,La Quête,Orelsan,https://open.spotify.com/track/0w6lsLBvhtGcqMYA7MB7r6,30,37.857142857142854,7,0.4984228267345083
Hong Kong,2021-12-13,你不知道的事,Leehom Wang,https://open.spotify.com/track/1QcaGSikGJLo09xN19BZdc,32,32.0,1,0.4982750132855151
Hong Kong,2021-12-13,boyfriend material,Gareth.T,https://open.spotify.com/track/20dYdhOwY8nfGsVaIockAR,14,19.0,7,0.49821990394339744
Canada,2021-12-13,Move Your Body,"Öwnboss, Sevek",https://open.spotify.com/track/6GomT970rCOkKAyyrwJeZi,26,28.571428571428573,7,0.4978385423823525
Lithuania,2021-12-13,Krenta Sniegas,Egidijus Sipavičius,https://open.spotify.com/track/5MXf6hB1eOdTNGX5Irv8yn,35,44.0,5,0.49776119556800064
Honduras,2021-12-13,All Too Well (10 Minute Version) (Taylor's Version) (From The Vault),Taylor Swift,https://open.spotify.com/track/5enxwA8aAbwZbf5qCHORXi,20,31.285714285714285,7,0.4977161300545002
United States,2021-12-13,Misery Meat,Sodikken,https://open.spotify.com/track/56sNhxLlrFYCbR0JFaK6w0,17,18.571428571428573,7,0.49760988682983964
Paraguay,2021-12-13,AUTOMOTIVO EXTRADIMENSIONAL 1.0,"DJ Patrick R, DJ Erik JP",https://open.spotify.com/track/1NpL4hsZid1XmgOP7s4ZjQ,44,44.0,1,0.4975970523065679
Lithuania,2021-12-13,Toxic,BoyWithUke,https://open.spotify.com/track/2gQPv5jvVPqU2a9HhMNO1v,42,43.0,5,0.49754817311331884
Ecuador,2021-12-13,I Love You So,The Walters,https://open.spotify.com/track/4SqWKzw0CbA05TGszDgMlc,34,36.714285714285715,7,0.49746509633605196
Portugal,2021-12-13,abcdefu (angrier),GAYLE,https://open.spotify.com/track/1EQFOouqdKYdpbNoOHRVO2,16,20.571428571428573,7,0.4974179691796985
Czech Republic,2021-12-13,Sahara,Hensonn,https://open.spotify.com/track/6nqdgUTiWt4JbABDurkxMI,24,29.428571428571427,7,0.4972062959835492
Egypt,2021-12-13,Enty El Ahbab,"Abdelrahman Roshdy, Moataz Mady",https://open.spotify.com/track/3IrDa8beiA6oEQ8EwNASsc,43,45.75,4,0.49716557547212076
Portugal,2021-12-13,Flowers (Say My Name),ArrDee,https://open.spotify.com/track/2BzAGK3lEZAQz5cU0Ae1wd,30,31.714285714285715,7,0.49705657466397185
Guatemala,2021-12-13,Hermoso Cariño,Vicente Fernández,https://open.spotify.com/track/6UN6W5tj0qrMYV8N9MQMJC,31,41.5,4,0.4970104608736409
Turkey,2021-12-13,Money Rain - Phonk Remix,VTORNIK,https://open.spotify.com/track/4P0r0yO7HNPvOra7BHGixH,34,41.0,7,0.49700527803939726
Vietnam,2021-12-13,Dynasties & Dystopia (from the series Arcane League of Legends),"Denzel Curry, Gizzle, Bren Joy",https://open.spotify.com/track/5EIkdrmuu2xkoQWOWjoeFY,19,28.0,5,0.4968768234570063
Iceland,2021-12-13,Himnarnir opnast,Frostrósir,https://open.spotify.com/track/5HSnlxn5IDijibZz1rme5k,37,41.5,2,0.49686279591597066
New Zealand,2021-12-13,Come Over (Again),Crawlers,https://open.spotify.com/track/4PDJDIdWxNN1AlnbrKkoPf,15,25.714285714285715,7,0.4967039917912202
Uruguay,2021-12-13,Dentro,Niña Lobo,https://open.spotify.com/track/7zygrEhhUZgzLzoX8RWdWR,42,42.5,2,0.4964876704235115
Panama,2021-12-13,All Too Well (10 Minute Version) (Taylor's Version) (From The Vault),Taylor Swift,https://open.spotify.com/track/5enxwA8aAbwZbf5qCHORXi,38,42.285714285714285,7,0.49640352560355905
Indonesia,2021-12-13,Alien Blues,Vundabar,https://open.spotify.com/track/6UjeFOCGYgMpBUtqKg1Je3,33,39.57142857142857,7,0.4963802416818503
El Salvador,2021-12-13,Nostálgico,"Rvssian, Rauw Alejandro, Chris Brown",https://open.spotify.com/track/2BEcap3xJtmiPaHKyfQi4e,49,49.0,1,0.49614212996737345
El Salvador,2021-12-13,Volando - Remix,"Mora, Bad Bunny, Sech",https://open.spotify.com/track/0G2zPzWqVjR68iNPmx2TBe,49,49.0,1,0.49614212996737345
Poland,2021-12-13,Glorious Morning,Waterflame,https://open.spotify.com/track/2XpXDMRJiYLygz1rFQF6rc,15,15.0,1,0.4960475663661751
France,2021-12-13,Swimming Pool,Marie Madeleine,https://open.spotify.com/track/3BMqVk2NJbH4fxf84e8kDC,10,11.25,4,0.49601069406669823
Belgium,2021-12-13,Meisjes Van Honing,Pommelien Thijs,https://open.spotify.com/track/66dGbMxzOVbhv2CwnfA3MJ,17,23.428571428571427,7,0.4959485509596272
Honduras,2021-12-13,A Veces,"Corina Smith, Arcangel",https://open.spotify.com/track/3aZx00h5NlPzmfTPuVplJ5,25,37.0,2,0.49582780307435714
Luxembourg,2021-12-13,Toxic,BoyWithUke,https://open.spotify.com/track/2gQPv5jvVPqU2a9HhMNO1v,21,29.714285714285715,7,0.49568443860539557
Australia,2021-12-13,The Perfect Girl,Mareux,https://open.spotify.com/track/5RBOcBpJXaNnHCGViJmYhh,21,23.0,6,0.4955258309023053
Singapore,2021-12-13,Happier Than Ever,ASTN,https://open.spotify.com/track/7es56D0QedGMsK39wl2yFX,18,20.714285714285715,7,0.4953227569838727
Colombia,2021-12-13,Me Voy a Quitar de en Medio,Vicente Fernández,https://open.spotify.com/track/2kgUPa3UUnHIUfySDkg2bm,33,38.8,5,0.49511618178167127
Spain,2021-12-13,Buen Tipo,"NINJADRILL, Beny Jr",https://open.spotify.com/track/6GojBHPzBhwAxVVW2jksYK,32,32.857142857142854,7,0.4950721464787535
Iceland,2021-12-13,Heimtur úr heljargreipunum,Haukur H,https://open.spotify.com/track/0QbLOscMpHn4VPJHTSO588,46,46.0,1,0.4949981214494205
Guatemala,2021-12-13,Estos Celos,Vicente Fernández,https://open.spotify.com/track/6u6kH7V7Tx5xDJtF82vVw0,37,40.666666666666664,3,0.4948327694911583
Mexico,2021-12-13,Nothing,Bruno Major,https://open.spotify.com/track/2IAR0DziHCjSu16gR4ihvy,35,37.0,7,0.4946801725372447
Italy,2021-12-13,Too Old To Die Young,"Guè, Shablo",https://open.spotify.com/track/4shPBGnWjoKx17CrTrixnN,21,27.0,5,0.49467075064660865
Australia,2021-12-13,Just A Little While,The 502s,https://open.spotify.com/track/3CL0eXel8usNNSCQ6OT7KJ,17,18.0,4,0.4946565275767233
Argentina,2021-12-13,Taca a Xereca pra Mim,MC Kaique da VP,https://open.spotify.com/track/2GqCEJpzmD81AJ2H0Hyz5T,4,6.142857142857143,7,0.4946076872444986
South Korea,2021-12-13,Think About You,Joosiq,https://open.spotify.com/track/0rXtV4L8uQ7KHNxxKd2jGZ,21,31.142857142857142,7,0.4937613077362881
Nicaragua,2021-12-13,Macta Llega,"DJ Dever, La Toxi Costeña",https://open.spotify.com/track/6n7g87PKuRMXQFgUnM3ri1,24,31.0,3,0.49375924202668803
Hong Kong,2021-12-13,Happier Than Ever,ASTN,https://open.spotify.com/track/7es56D0QedGMsK39wl2yFX,18,22.428571428571427,7,0.4937001545872015
Spain,2021-12-13,Amigo,Yor One,https://open.spotify.com/track/1OyVaUSgYLNJJIlTWJZpV0,11,13.0,7,0.49350668015519433
Belgium,2021-12-13,Blame,Gabriels,https://open.spotify.com/track/27dM3Oji0ytPXDYGVwDoJj,31,37.285714285714285,7,0.4930531684412603
Singapore,2021-12-13,Enemy (with JID) - from the series Arcane League of Legends,Imagine Dragons,https://open.spotify.com/track/1r9xUipOqoNwggBpENDsvJ,26,28.857142857142858,7,0.49303656579447175
Latvia,2021-12-13,Тает лёд,Грибы,https://open.spotify.com/track/0cItyj95uqYjvYGchMLzIh,24,33.142857142857146,7,0.4930082695667758
Chile,2021-12-13,Die For You,"VALORANT, Grabbitz",https://open.spotify.com/track/2lz3zjQ5QCVXiyOzIk02vW,6,6.333333333333333,3,0.49287451286661643
United States,2021-12-13,Dear God (feat. Kevin Gates),FL Dusa,https://open.spotify.com/track/1oPdIqXhjswpTnA5PPQs0K,15,16.142857142857142,7,0.49261556525373434
Panama,2021-12-13,Movie,"El Tachi, Akim",https://open.spotify.com/track/0yqJp8j8GbUuY5mSKWk3QF,43,45.666666666666664,3,0.49225518304994265
New Zealand,2021-12-13,Super Idol - Remix,Samstring,https://open.spotify.com/track/5t07RuwZAUBBnF2tWKwgmP,5,6.0,3,0.49221737611225885
United Kingdom,2021-12-13,Lauren,Oden & Fatzo,https://open.spotify.com/track/33tYADyL2aZctrvR59K1bQ,25,27.0,7,0.49212415991037645
Latvia,2021-12-13,Я буду ебать,"Moreart, IHI",https://open.spotify.com/track/3lFrFQcZWPLa8WEG7xoc4b,24,35.142857142857146,7,0.4919932642555198
Vietnam,2021-12-13,I Love You So,The Walters,https://open.spotify.com/track/4SqWKzw0CbA05TGszDgMlc,30,32.0,7,0.4919554684700968
Taiwan,2021-12-13,花田錯,Leehom Wang,https://open.spotify.com/track/4ySszUxJMOqz8iRDJZPvbe,39,39.0,1,0.49184196195898033
Sweden,2021-12-13,It's Called: Freefall,Rainbow Kitten Surprise,https://open.spotify.com/track/474uVhyGgK5MtY9gMcDgGl,26,36.833333333333336,6,0.4915203267541938
United Kingdom,2021-12-13,Bijlee Bijlee,Harrdy Sandhu,https://open.spotify.com/track/1iZLpuGMr4tn1F5bZu32Kb,37,41.57142857142857,7,0.4914123832405742
Romania,2021-12-13,u.,niteboi,https://open.spotify.com/track/0J7oHYxjF6Oln61wy0kP2i,49,49.0,1,0.49140475358054914
Honduras,2021-12-13,El Tiempo No Perdona,Alex Fernández,https://open.spotify.com/track/17bv7TKu1N7HpI4WYBa8kK,49,49.0,1,0.49133250246101084
Greece,2021-12-13,XXX,"Ggreco, HGEMONA$",https://open.spotify.com/track/1PwG0PN5I9x1hC7FgZRm1d,43,45.4,5,0.49121137873412324
El Salvador,2021-12-13,A Quién Vas a Amar Más Que a Mí,Vicente Fernández,https://open.spotify.com/track/1IV8PlSxx5PUiaxKwVrlg9,50,50.0,1,0.49113171723072724
El Salvador,2021-12-13,NEW MAGIC WAND,"Tyler, The Creator",https://open.spotify.com/track/0fv2KH6hac06J86hBUTcSf,50,50.0,1,0.49113171723072724
Morocco,2021-12-13,Dynasties & Dystopia (from the series Arcane League of Legends),"Denzel Curry, Gizzle, Bren Joy",https://open.spotify.com/track/5EIkdrmuu2xkoQWOWjoeFY,39,44.57142857142857,7,0.49097323482211463
Netherlands,2021-12-13,Dat heb jij gedaan,MEAU,https://open.spotify.com/track/6lgIi3ixBsr4cMt3r19yX9,3,4.428571428571429,7,0.4908716925407732
Panama,2021-12-13,My Universe - SUGA's Remix,"Coldplay, BTS",https://open.spotify.com/track/6BeOJPXMstvXolxKbL09kR,42,45.6,5,0.49078744653619216
Germany,2021-12-13,Own Brand Freestyle,"FelixThe1st, Dreya Mac, Finch Fetti",https://open.spotify.com/track/6Jzdxguk63s6CVVXHIrQ0x,14,16.428571428571427,7,0.49077360465726144
Estonia,2021-12-13,Ginseng Strip 2002,Yung Lean,https://open.spotify.com/track/79nEEoEPY2w8EXj9hjn5oc,21,26.428571428571427,7,0.49070205876397816
Slovakia,2021-12-13,Snakes (from the series Arcane League of Legends),"MIYAVI, PVRIS",https://open.spotify.com/track/7LmyUD78mtwBDzgVV4P5F4,37,39.5,4,0.490474287027168
Czech Republic,2021-12-13,Own Brand Freestyle,"FelixThe1st, Dreya Mac, Finch Fetti",https://open.spotify.com/track/6Jzdxguk63s6CVVXHIrQ0x,13,18.571428571428573,7,0.4903738246430288
Saudi Arabia,2021-12-13,The City Holds My Heart,Ghostly Kisses,https://open.spotify.com/track/6dfvAyMcME1iJXZh1naQnO,44,46.166666666666664,6,0.4903703345743019
South Korea,2021-12-13,Heaven,김현성,https://open.spotify.com/track/7uo6d7vlvaWZVeoiMCZmsN,30,37.5,4,0.48990815310704244
Nicaragua,2021-12-13,SAD GIRLZ LUV MONEY Remix (feat. Kali Uchis and Moliy),Amaarae,https://open.spotify.com/track/09gysnJpfQ3ublBmJDfcEC,11,16.75,4,0.4897903657599706
Ecuador,2021-12-13,Bienvenido Seas,Los Pibes Trujillo,https://open.spotify.com/track/1NxUYNsh5o4fA8RigHXHzK,31,36.0,2,0.48976154749278067
Colombia,2021-12-13,Cuando Yo Quería Ser Grande,Vicente Fernández,https://open.spotify.com/track/29JpPo9ex5jVm85PGBd8mv,34,40.6,5,0.4897001238295709
Italy,2021-12-13,Da ricchi noi,Vile,https://open.spotify.com/track/5ETsaBYrOrLexOFNVvFzKn,31,34.0,7,0.4895773014328206
Netherlands,2021-12-13,I AM WOMAN,Emmy Meli,https://open.spotify.com/track/3nOz1U41SZZ0N3fuUWr9nb,2,3.142857142857143,7,0.4895675483553043
Australia,2021-12-13,Dirty Little Animals (From the series Arcane League of Legends),BONES UK,https://open.spotify.com/track/2ZuDGsKSJpQdJmpknJ7ypF,27,29.571428571428573,7,0.4893911227887206
Peru,2021-12-13,"Gone, Gone, Gone",Phillip Phillips,https://open.spotify.com/track/2qHiyBpxyOXnRGG3t2iE96,38,38.0,1,0.48925299616881107
Philippines,2021-12-13,Nothing,Bruno Major,https://open.spotify.com/track/2IAR0DziHCjSu16gR4ihvy,14,15.571428571428571,7,0.48924052849705585
Chile,2021-12-13,Vota 2 vota Kast,José Antonio Kast,https://open.spotify.com/track/7fgSvq2WspRac467oyqYIQ,19,30.0,2,0.4891937215775456
Peru,2021-12-13,Dynasties & Dystopia (from the series Arcane League of Legends),"Denzel Curry, Gizzle, Bren Joy",https://open.spotify.com/track/5EIkdrmuu2xkoQWOWjoeFY,22,24.571428571428573,7,0.48918214994732456
Honduras,2021-12-13,Two Birds,Regina Spektor,https://open.spotify.com/track/2n0U2OG5d6TuW5mKx7YrC0,22,34.5,6,0.48912443696067953
Costa Rica,2021-12-13,Sou Favela,"MC Bruninho, Vitinho Ferrari, Dj DG, Batidão Stronda",https://open.spotify.com/track/4lEVoOnIybtRqi4knZwdPZ,35,39.857142857142854,7,0.48912215888680016
France,2021-12-13,Own Brand Freestyle,"FelixThe1st, Dreya Mac, Finch Fetti",https://open.spotify.com/track/6Jzdxguk63s6CVVXHIrQ0x,13,14.142857142857142,7,0.48902155106997863
Panama,2021-12-13,Para Siempre,Vicente Fernández,https://open.spotify.com/track/0uyVgmoXDbwS1ubv8AurVZ,46,48.0,2,0.4890079472716116
Philippines,2021-12-13,Alien Blues,Vundabar,https://open.spotify.com/track/6UjeFOCGYgMpBUtqKg1Je3,14,16.285714285714285,7,0.48887811852953544
Sweden,2021-12-13,Just Fine - KB Project Remix,Verde & Esteban,https://open.spotify.com/track/5lZB4FNdtI6A8VO5954Bib,11,13.0,7,0.48883083495032575
Israel,2021-12-13,סליחה מסיכה,Jacob Markman,https://open.spotify.com/track/6diyKOZEcxRbF8KLMob15U,14,17.714285714285715,7,0.4887385198179659
Slovakia,2021-12-13,Already Dead,Juice WRLD,https://open.spotify.com/track/2quVkyLSVr5wX2QIhnexUt,34,37.5,4,0.48857751793742954
Latvia,2021-12-13,After Dark,Mr.Kitty,https://open.spotify.com/track/0zCgWGmDF0aih5qexATyBn,38,43.5,6,0.4885422691176156
Saudi Arabia,2021-12-13,Swimming Pool,Marie Madeleine,https://open.spotify.com/track/3BMqVk2NJbH4fxf84e8kDC,48,48.0,1,0.48844204631819443
New Zealand,2021-12-13,Trying,"NELZ, NOLA",https://open.spotify.com/track/5ki6iIIbB2kSNlOHfvcxeB,17,24.857142857142858,7,0.48813397423799343
Netherlands,2021-12-13,Ameno Amapiano - Remix,"Goya Menor, Nektunez",https://open.spotify.com/track/3JIWSOzzlJfyf2Y1i54QeX,2,2.6666666666666665,3,0.4880446574608689
Uruguay,2021-12-13,Ayer y Hoy,Julio Jaramillo,https://open.spotify.com/track/58J23cD4zeeidroDepVhX7,25,35.166666666666664,6,0.4879343962193596
Honduras,2021-12-13,Tacones Rojos,Sebastian Yatra,https://open.spotify.com/track/0Be7sopyKMv8Y8npsUkax2,33,40.42857142857143,7,0.48764118667938217
Costa Rica,2021-12-13,Swimming Pool,Marie Madeleine,https://open.spotify.com/track/3BMqVk2NJbH4fxf84e8kDC,34,39.333333333333336,3,0.4874726772618188
Slovakia,2021-12-13,HMU,Tobias Dray,https://open.spotify.com/track/60U1w8wJMlPvXRdPaLAYqi,32,33.8,5,0.4873500133966461
Italy,2021-12-13,DUBBI,Marracash,https://open.spotify.com/track/7fI5RJec8R3jJ95pljZnkN,18,21.714285714285715,7,0.4871730141379726
New Zealand,2021-12-13,Never Surrender,"Sonny Jim, Stash, Endo Beats",https://open.spotify.com/track/7MB7ZUAeVF0VDoV7W3iTOj,4,7.714285714285714,7,0.48703810902541694
Denmark,2021-12-13,Own Brand Freestyle,"FelixThe1st, Dreya Mac, Finch Fetti",https://open.spotify.com/track/6Jzdxguk63s6CVVXHIrQ0x,13,15.142857142857142,7,0.4869033747185825
Bolivia,2021-12-13,SAD GIRLZ LUV MONEY Remix (feat. Kali Uchis and Moliy),Amaarae,https://open.spotify.com/track/09gysnJpfQ3ublBmJDfcEC,19,34.666666666666664,3,0.486795588868672
Netherlands,2021-12-13,Tell Me Something Good,Ewan McVicar,https://open.spotify.com/track/5krhFNgUcYHwXlNPJJYzFM,16,16.857142857142858,7,0.4867459156680542
Ukraine,2021-12-13,Snakes (from the series Arcane League of Legends),"MIYAVI, PVRIS",https://open.spotify.com/track/7LmyUD78mtwBDzgVV4P5F4,45,46.5,4,0.4865215754957364
Uruguay,2021-12-13,MIDDLE OF THE NIGHT,Elley Duhé,https://open.spotify.com/track/58HvfVOeJY7lUuCqF0m3ly,44,44.5,2,0.48646838510620377
Austria,2021-12-13,Chandelier,Will Paquin,https://open.spotify.com/track/3REELyDyt5SPKX2387Zubv,33,38.166666666666664,6,0.48643473967147494
Spain,2021-12-13,Nanae (with Beele),"Jay Menez, Beéle",https://open.spotify.com/track/1B0VI8xsZg7ur05npSsVvs,23,25.285714285714285,7,0.48634055088508
Honduras,2021-12-13,Me Voy a Quitar de en Medio,Vicente Fernández,https://open.spotify.com/track/2kgUPa3UUnHIUfySDkg2bm,50,50.0,1,0.4863237799863523
El Salvador,2021-12-13,Mónaco,"LAGOS, Danny Ocean",https://open.spotify.com/track/3HgvO4B5LLmdPOT2d8cSZd,36,41.0,7,0.48626898835189514
El Salvador,2021-12-13,Alejarme de Ti,"Eladio Carrion, Jay Wheeler",https://open.spotify.com/track/4YV8COy6CS7PBFHw0AO4pF,23,38.166666666666664,6,0.4861962891685056
Finland,2021-12-13,Saatanan saalistaja,Vilma Jää,https://open.spotify.com/track/4Xd8Mtpw5mWrGd1ThSY7Dj,3,4.142857142857143,7,0.4861318941536727
Honduras,2021-12-13,Lástima Que Seas Ajena,Vicente Fernández,https://open.spotify.com/track/5knj5DnKoHo30GHlHbvkyt,38,41.8,5,0.4861252117211746
Morocco,2021-12-13,Survival,Skaymen,https://open.spotify.com/track/0urcbLDssO3itOvhnYikEt,28,32.285714285714285,7,0.48602394857600345
Denmark,2021-12-13,Coming for You (feat. A1 x J1),SwitchOTR,https://open.spotify.com/track/1xIqDFx3KdByBnKMlTECcM,16,20.285714285714285,7,0.48601739853326
Italy,2021-12-13,Strappati Lungo i Bordi,Giancane,https://open.spotify.com/track/1tmxGSXmeKk5NjZh3hIG7v,17,18.142857142857142,7,0.4858730656561085
Indonesia,2021-12-13,Dj cloud bread,DJ Exagone,https://open.spotify.com/track/1zLnWQPl2kmmn5Esxqu8ER,23,31.714285714285715,7,0.48583687152008476
Poland,2021-12-13,Alien Blues,Vundabar,https://open.spotify.com/track/6UjeFOCGYgMpBUtqKg1Je3,10,11.714285714285714,7,0.48562882123475726
Lithuania,2021-12-13,Want me!!?,"Cl4pers, noevdv",https://open.spotify.com/track/115iPhBHB5BBzjLCZFfvTt,50,50.0,1,0.485569717810959
Belgium,2021-12-13,Jour meilleur,Orelsan,https://open.spotify.com/track/6VOUfCrjmxH62oijWgbC6O,18,20.428571428571427,7,0.48535439320880075
Chile,2021-12-13,DANCE CRIP,Trueno,https://open.spotify.com/track/1kjs5eR4DMzyB0gm1Z8waV,10,12.857142857142858,7,0.4852027681601321
Iceland,2021-12-13,Tendrum Minningar,Einar Ágúst,https://open.spotify.com/track/49DZrH66963nmHDXi7H3qp,26,27.0,2,0.4850372177378633
Lithuania,2021-12-13,Bananza (Belly Dancer),Akon,https://open.spotify.com/track/3BwkldhE22DdxOcXegF2Kv,22,26.0,5,0.4849673007994563
Sweden,2021-12-13,Ameno Amapiano - Remix,"Goya Menor, Nektunez",https://open.spotify.com/track/3JIWSOzzlJfyf2Y1i54QeX,1,1.6666666666666667,3,0.48474675337599016
Czech Republic,2021-12-13,4:00A.M.,Taeko Onuki,https://open.spotify.com/track/0zoGVO4bQXG8U6ChKwNgeg,40,44.42857142857143,7,0.4847278457983493
Lithuania,2021-12-13,Oh My God,Adele,https://open.spotify.com/track/3Kkjo3cT83cw09VJyrLNwX,38,43.6,5,0.4844582878448619
South Korea,2021-12-13,"MOSS (Feat. MINO, BOBBY) (Prod. MINO)",Mudd the student,https://open.spotify.com/track/1cYDmIZtF2SGveyqhc7X1Y,12,27.333333333333332,6,0.4843252341950404
United States,2021-12-13,LOST IN PARADISE,"ALI, AKLO",https://open.spotify.com/track/7kRKlFCFLAUwt43HWtauhX,18,21.0,7,0.48426117493579474
Singapore,2021-12-13,God Must Hate Me,Catie Turner,https://open.spotify.com/track/21xzFXSL2XkZ2mIzDDAqTK,29,36.857142857142854,7,0.4842434297246863
Nicaragua,2021-12-13,Mr. Trance,Esteman,https://open.spotify.com/track/3SLIDzhExrfsvH6sVosiwn,22,28.0,7,0.48420874568768824
Iceland,2021-12-13,น้ำแดงน้ำส้ม,JV.JARVIS,https://open.spotify.com/track/1xxJiB2B3rMw8g85PPtcN7,33,39.857142857142854,7,0.48418399708393317
Finland,2021-12-13,Infinity,Jaymes Young,https://open.spotify.com/track/1SOClUWhOi8vHZYMz3GluK,20,22.0,7,0.48408799524349705
United States,2021-12-13,Beverly Hills,Shaboozey,https://open.spotify.com/track/3Ps0JFaxBuamCoQTx6X8LT,9,11.571428571428571,7,0.48408669311756947
Panama,2021-12-13,Hace Rato Me Picó un Mosquito,"Crafo, Franco Paolo",https://open.spotify.com/track/5OSxqUITs9nnjzm3WsF6Jc,41,45.333333333333336,6,0.48393003225503195
Israel,2021-12-13,Dirty Little Animals (From the series Arcane League of Legends),BONES UK,https://open.spotify.com/track/2ZuDGsKSJpQdJmpknJ7ypF,16,28.5,6,0.48370182906321935
Estonia,2021-12-13,4:00A.M.,Taeko Onuki,https://open.spotify.com/track/0zoGVO4bQXG8U6ChKwNgeg,33,38.857142857142854,7,0.4834653375116675
Paraguay,2021-12-13,Coração Cachorro,"Avine Vinny, Matheus Fernandes",https://open.spotify.com/track/2RGIuYTsyyHoOCqW0krvNE,43,45.0,3,0.48342284439455424
Japan,2021-12-13,Let's Get Eat,T-STONE,https://open.spotify.com/track/2Mn1f5NcAlxgYam7QLHC2O,7,7.285714285714286,7,0.4834139845322779
Israel,2021-12-13,Do It To It,"ACRAZE, Cherish",https://open.spotify.com/track/20on25jryn53hWghthWWW3,6,9.714285714285714,7,0.48333931204174535
Hong Kong,2021-12-13,Pope Is a Rockstar,SALES,https://open.spotify.com/track/0So2sgVa8aJiARPl2P29u2,35,35.0,1,0.4832474804964807
Belgium,2021-12-13,Time Time,"Trei Degete, Squeezie, Myd, KronoMuzik",https://open.spotify.com/track/5wKDPtbdggE1roeVp3UdXX,9,12.714285714285714,7,0.4831552046508386
Ecuador,2021-12-13,Hasta la Raíz,Natalia Lafourcade,https://open.spotify.com/track/3lGMtkONrZdJ8kTCg6KIFf,41,41.0,1,0.4831442478610264
Nicaragua,2021-12-13,Notion,The Rare Occasions,https://open.spotify.com/track/0sTlGEld0h8kIPZaKDYUf4,35,39.6,5,0.4831330236886198
Belgium,2021-12-13,AUTOMOTIVO EXTRADIMENSIONAL 1.0,"DJ Patrick R, DJ Erik JP",https://open.spotify.com/track/1NpL4hsZid1XmgOP7s4ZjQ,18,19.0,3,0.48281380372578964
Czech Republic,2021-12-13,Flowers (Say My Name),ArrDee,https://open.spotify.com/track/2BzAGK3lEZAQz5cU0Ae1wd,39,42.142857142857146,7,0.4827763663960559
Poland,2021-12-13,Sahara,Hensonn,https://open.spotify.com/track/6nqdgUTiWt4JbABDurkxMI,23,24.0,7,0.48273289717632467
Japan,2021-12-13,RING X RING,Billlie,https://open.spotify.com/track/4hfF0FOFcaiOtwY3NP5hnv,4,5.428571428571429,7,0.482633627369461
Paraguay,2021-12-13,FEEL ME??,Trueno,https://open.spotify.com/track/4kELKaXaNP4EQR8Q8xNIID,47,47.0,1,0.4825703001248065
Paraguay,2021-12-13,CULPA,"WOS, Ricardo Mollo",https://open.spotify.com/track/0BTJ7QpDRjinzAy8KQMAp8,47,47.0,1,0.4825703001248065
Belgium,2021-12-13,Goodbye (from the series Arcane League of Legends),Ramsey,https://open.spotify.com/track/5QWjrWckcPcSVqQNfbD4Bc,21,27.142857142857142,7,0.4825165052407387
Bulgaria,2021-12-13,It's Called: Freefall,Rainbow Kitten Surprise,https://open.spotify.com/track/474uVhyGgK5MtY9gMcDgGl,29,38.25,4,0.48245643351065465
Chile,2021-12-13,The Perfect Girl,Mareux,https://open.spotify.com/track/5RBOcBpJXaNnHCGViJmYhh,28,29.833333333333332,6,0.48243490320751375
Indonesia,2021-12-13,Janji Manis,Masdo,https://open.spotify.com/track/31ECplyzYRmbQihescMh6N,13,20.428571428571427,7,0.4823381636273464
France,2021-12-13,Fall in Love with You.,Montell Fish,https://open.spotify.com/track/31MQR9rOHRXyg4J01hRY1h,31,32.285714285714285,7,0.48233274576569357
Iceland,2021-12-13,I Love You So,The Walters,https://open.spotify.com/track/4SqWKzw0CbA05TGszDgMlc,34,40.0,6,0.48218909516664776
Uruguay,2021-12-13,Ameaça,"Paulo Pires, Mc Danny, Marcynho Sensação",https://open.spotify.com/track/4fSHADbZbhpZCT9oJpxwbP,38,42.0,3,0.482107630192932
Lithuania,2021-12-13,Move Your Body,"Öwnboss, Sevek",https://open.spotify.com/track/6GomT970rCOkKAyyrwJeZi,29,35.0,4,0.4820378439982708
Morocco,2021-12-13,Habeel - Flomine VIP MIX,"Flomine, Dizzy DROS",https://open.spotify.com/track/4pK2VeSYBodzZya1BIC2wv,45,45.0,1,0.4819579571756759
Panama,2021-12-13,Si Te Interesa,Beéle,https://open.spotify.com/track/3cuxPiF5W1ID8R5Mmr36gS,47,48.5,4,0.4818322837765317
Denmark,2021-12-13,MIDDLE OF THE NIGHT,Elley Duhé,https://open.spotify.com/track/58HvfVOeJY7lUuCqF0m3ly,14,16.285714285714285,7,0.48182460721500614
Peru,2021-12-13,23 (With Ape Drums),Randy,https://open.spotify.com/track/4vv8wcnT04GHHbUCFBAiHF,46,48.42857142857143,7,0.48167387426447245
Taiwan,2021-12-13,Room,李佳隆,https://open.spotify.com/track/2y2pYNWONj7dodKJLsEI8U,37,41.0,3,0.4816652274557863
Mexico,2021-12-13,Medallo,"Blessd, Justin Quiles, Lenny Tavárez",https://open.spotify.com/track/6lX6l7OuA3qrnIRfdsr0dw,37,45.142857142857146,7,0.4815476043637743
France,2021-12-13,OPPS,DJ Akrapo,https://open.spotify.com/track/4TPWA6P0WSkdu8qXhllaq1,29,39.833333333333336,6,0.4814082814145786
Japan,2021-12-13,I AM WOMAN,Emmy Meli,https://open.spotify.com/track/3nOz1U41SZZ0N3fuUWr9nb,3,4.0,7,0.48140309417941507
United States,2021-12-13,Nadie Va A Pensar En Ti Mejor Que Yo,Conjunto Rienda Real,https://open.spotify.com/track/30eHHpkjMNqb2F0V8nXjbJ,16,17.0,2,0.4813413803090334
Paraguay,2021-12-13,Virgencita de Caacupe,"Edgar Galeano, Oviedo - Acuña",https://open.spotify.com/track/5njiNMqF75nCxV8BtCY32r,28,28.0,1,0.4811028954514313
Guatemala,2021-12-13,SAD GIRLZ LUV MONEY Remix (feat. Kali Uchis and Moliy),Amaarae,https://open.spotify.com/track/09gysnJpfQ3ublBmJDfcEC,16,34.666666666666664,6,0.4808481549700755
Panama,2021-12-13,all I want is you,"Rebzyyx, hoshie star",https://open.spotify.com/track/7lOvJBqH38ZY59eLU7bioq,48,48.5,2,0.4808453416142826
Ecuador,2021-12-13,Casta de Campeon,Banda Boca del Pozo,https://open.spotify.com/track/4oPLTgVUc2eAHPdI8UI9SP,28,34.6,5,0.48079428630674814
Slovakia,2021-12-13,Two Birds,Regina Spektor,https://open.spotify.com/track/2n0U2OG5d6TuW5mKx7YrC0,33,41.333333333333336,6,0.4802588169479727
Israel,2021-12-13,We Don't Talk About Bruno,"Carolina Gaitán - La Gaita, Mauro Castillo, Adassa, Rhenzy Feliz, Diane Guerrero, Stephanie Beatriz, Encanto - Cast",https://open.spotify.com/track/52xJxFP6TqMuO4Yt0eOkMz,17,25.285714285714285,7,0.4801666724147897
Iceland,2021-12-13,Already Dead,Juice WRLD,https://open.spotify.com/track/2quVkyLSVr5wX2QIhnexUt,49,49.0,1,0.4799748729269498
Iceland,2021-12-13,Move Your Body,"Öwnboss, Sevek",https://open.spotify.com/track/6GomT970rCOkKAyyrwJeZi,49,49.0,1,0.4799748729269498
Japan,2021-12-13,Infinity,Jaymes Young,https://open.spotify.com/track/1SOClUWhOi8vHZYMz3GluK,21,25.0,7,0.47972185120252897
Indonesia,2021-12-13,Berakhir Sama,"Eclat Story, Kaleb J",https://open.spotify.com/track/056yJ4VyffHDRN3fTOWBQQ,26,30.0,7,0.4796645019199025
Guatemala,2021-12-13,Convéncete,Princesa Alba,https://open.spotify.com/track/5UyH584f99c7qErZifyaHy,16,34.333333333333336,6,0.4796437957047293
Egypt,2021-12-13,What Could Have Been feat. Ray Chen (from the series Arcane League of Legends),Sting,https://open.spotify.com/track/4Oih3RDrSFg3afaOphBVuy,13,15.857142857142858,7,0.4796367830484795
Taiwan,2021-12-13,Dynasties & Dystopia (from the series Arcane League of Legends),"Denzel Curry, Gizzle, Bren Joy",https://open.spotify.com/track/5EIkdrmuu2xkoQWOWjoeFY,24,25.714285714285715,7,0.4795880819485403
Colombia,2021-12-13,Algo Que Se Quede,Grupo Niche,https://open.spotify.com/track/1JXcB149QtbcIpDUA6YZOB,31,39.57142857142857,7,0.47948520955950685
Peru,2021-12-13,"No Tengo Hambre, Tengo Ansiedad",Alan Sutton y las criaturitas de la ansiedad,https://open.spotify.com/track/0kqWb82ACdjcObDqDqD0zg,37,43.0,7,0.47947208190338697
Ireland,2021-12-13,We Don't Talk About Bruno,"Carolina Gaitán - La Gaita, Mauro Castillo, Adassa, Rhenzy Feliz, Diane Guerrero, Stephanie Beatriz, Encanto - Cast",https://open.spotify.com/track/52xJxFP6TqMuO4Yt0eOkMz,11,14.714285714285714,7,0.47927430843091473
Mexico,2021-12-13,Romántico,"Ramon Vega, Cornelio Vega y su Dinastia",https://open.spotify.com/track/0wi7Cq9aRlNz8kaHd4UD9u,27,33.857142857142854,7,0.4792054701481627
Vietnam,2021-12-13,Cpr,cupcakKe,https://open.spotify.com/track/35mBYyB61qTcGGj7MXIRM1,17,23.0,7,0.4791194693886401
Greece,2021-12-13,Already Dead,Juice WRLD,https://open.spotify.com/track/2quVkyLSVr5wX2QIhnexUt,42,43.25,4,0.4789985051058809
Germany,2021-12-13,Fairytale of New York (feat. Kirsty MacColl),The Pogues,https://open.spotify.com/track/3VTNVsTTu05dmTsVFrmGpK,18,19.285714285714285,7,0.4789375590732285
Iceland,2021-12-13,see you later (ten years),Jenna Raine,https://open.spotify.com/track/5elofKuRmgZmCVImWT6JtE,35,38.166666666666664,6,0.47862157979742237
Belgium,2021-12-13,Just A Little While,The 502s,https://open.spotify.com/track/3CL0eXel8usNNSCQ6OT7KJ,18,19.0,2,0.4785883880074851
Denmark,2021-12-13,Chandelier,Will Paquin,https://open.spotify.com/track/3REELyDyt5SPKX2387Zubv,16,20.142857142857142,7,0.4784821060150989
Nicaragua,2021-12-13,Volver Volver,Vicente Fernández,https://open.spotify.com/track/4Fvnz1ZJ86IdqDAepWYPAh,26,31.8,5,0.47835341487520244
Turkey,2021-12-13,Own Brand Freestyle,"FelixThe1st, Dreya Mac, Finch Fetti",https://open.spotify.com/track/6Jzdxguk63s6CVVXHIrQ0x,11,12.571428571428571,7,0.47834158731768367
Costa Rica,2021-12-13,Convéncete,Princesa Alba,https://open.spotify.com/track/5UyH584f99c7qErZifyaHy,40,40.0,1,0.47829968799857725
Ecuador,2021-12-13,Alejarme de Ti,"Eladio Carrion, Jay Wheeler",https://open.spotify.com/track/4YV8COy6CS7PBFHw0AO4pF,42,42.0,1,0.47814053486374464
Czech Republic,2021-12-13,La Espada,Eternal Raijin,https://open.spotify.com/track/6w969Gr8VhF02vaHs67oo9,29,35.42857142857143,7,0.4781172498691484
Luxembourg,2021-12-13,lost souls (with Brent Faiyaz),Baby Keem,https://open.spotify.com/track/02rdXe0KhMe8p6ZHzYtuw0,25,29.285714285714285,7,0.4779016898777451
New Zealand,2021-12-13,Just A Little While,The 502s,https://open.spotify.com/track/3CL0eXel8usNNSCQ6OT7KJ,12,15.2,5,0.47781588716488965
Colombia,2021-12-13,Dos Oruguitas,Sebastian Yatra,https://open.spotify.com/track/5rohUzwEoRsUvAA1Bf3DLo,17,20.0,7,0.47766750286664567
Guatemala,2021-12-13,Hoy te Dejo de Soñar,Pau Laggies,https://open.spotify.com/track/6xaPt9l6Uk6i72f10GezEM,32,37.0,4,0.47760285015974924
Paraguay,2021-12-13,LA FAMA (with The Weeknd),ROSALÍA,https://open.spotify.com/track/6dmXZ9B5HdFAyzHeTneYBK,48,48.0,1,0.4775670389692946
Uruguay,2021-12-13,No Quiero Verte,"Marama, Hernan y La Champion's Liga",https://open.spotify.com/track/5cOL5XhkyhzWbSgSVgRYFc,37,41.0,3,0.47756208885631773
Morocco,2021-12-13,abcdefu (angrier),GAYLE,https://open.spotify.com/track/1EQFOouqdKYdpbNoOHRVO2,37,40.75,4,0.4775544414239267
Morocco,2021-12-13,Nothing,Bruno Major,https://open.spotify.com/track/2IAR0DziHCjSu16gR4ihvy,31,40.5,6,0.47739501480834395
United Arab Emirates,2021-12-13,Give Me Your Forever,Zack Tabudlo,https://open.spotify.com/track/4mzP5mHkRvGxdhdGdAH7EJ,36,43.285714285714285,7,0.47735326685136625
Vietnam,2021-12-13,4:00A.M.,Taeko Onuki,https://open.spotify.com/track/0zoGVO4bQXG8U6ChKwNgeg,39,42.857142857142854,7,0.47734138857018044
Philippines,2021-12-13,Ikaw Ang Musika,"Gwy Saludes, Marc Alfaro",https://open.spotify.com/track/7uql4XOZyrka1B6Z2MiwXr,39,41.57142857142857,7,0.4773047902185672
Finland,2021-12-13,Lucky,Lucky Twice,https://open.spotify.com/track/2UFzyfLgNGY0PLXfkszWlf,32,33.57142857142857,7,0.4772916726413074
Morocco,2021-12-13,Habibi - Albanian Remix,"Ricky Rich, Dardan, DJ Gimi-O",https://open.spotify.com/track/2sHYMLUd4nVLxHPKY05Ein,46,46.0,1,0.4769551926325203
Estonia,2021-12-13,Привет,Kambulat,https://open.spotify.com/track/2INWHGzw5qTbdeLDARChfe,36,40.714285714285715,7,0.4766401210543121
Ecuador,2021-12-13,All Too Well (10 Minute Version) (Taylor's Version) (From The Vault),Taylor Swift,https://open.spotify.com/track/5enxwA8aAbwZbf5qCHORXi,27,35.42857142857143,7,0.47654942245504067
United States,2021-12-13,My Humps,"Joshwa, Lee Foss",https://open.spotify.com/track/5WoBAyXaOnKEfvsZocrPeT,35,42.8,5,0.4765193499136566
Nicaragua,2021-12-13,A Veces,"Corina Smith, Arcangel",https://open.spotify.com/track/3aZx00h5NlPzmfTPuVplJ5,23,27.0,4,0.47648538634972176
Lithuania,2021-12-13,Pretty,"Coco & Clair Clair, Okthxbb",https://open.spotify.com/track/3L545updZMVxAsaYV6K8Z9,43,46.25,4,0.47641499242888347
Belgium,2021-12-13,4am,JBee,https://open.spotify.com/track/3jTWd38NseaNnSuIK2Ybsp,24,27.857142857142858,7,0.476271142928822
Hungary,2021-12-13,all I want is you,"Rebzyyx, hoshie star",https://open.spotify.com/track/7lOvJBqH38ZY59eLU7bioq,40,45.0,5,0.4762195033123142
Portugal,2021-12-13,Dirty Little Animals (From the series Arcane League of Legends),BONES UK,https://open.spotify.com/track/2ZuDGsKSJpQdJmpknJ7ypF,23,30.714285714285715,7,0.4759971016625906
South Korea,2021-12-13,Toxic,BoyWithUke,https://open.spotify.com/track/2gQPv5jvVPqU2a9HhMNO1v,13,17.571428571428573,7,0.47596926816717144
Hungary,2021-12-13,Die For You,"VALORANT, Grabbitz",https://open.spotify.com/track/2lz3zjQ5QCVXiyOzIk02vW,31,37.42857142857143,7,0.47592282931591134
Poland,2021-12-13,Kustosz Tequila,Gawryle,https://open.spotify.com/track/1olJhIBE2zcADWsx5MGScT,12,13.142857142857142,7,0.4759110597678914
Sweden,2021-12-13,Stay,Birkir Blær,https://open.spotify.com/track/7eFjL7pU4ZmcILbqAxWJYI,19,25.428571428571427,7,0.4758230256813686
Honduras,2021-12-13,"No Tengo Hambre, Tengo Ansiedad",Alan Sutton y las criaturitas de la ansiedad,https://open.spotify.com/track/0kqWb82ACdjcObDqDqD0zg,40,43.25,4,0.475781115787357
South Korea,2021-12-13,wot wot (Feat. Queen WA$ABII) (Prod. TOIL),"365LIT, HWANG JI SANG",https://open.spotify.com/track/7EHJyuZqZ6PKX9HQg5llSc,12,14.285714285714286,7,0.47568053466892807
Taiwan,2021-12-13,Goodbye (from the series Arcane League of Legends),Ramsey,https://open.spotify.com/track/5QWjrWckcPcSVqQNfbD4Bc,15,21.428571428571427,7,0.47565422249582684
Peru,2021-12-13,Amapolas - Remix,"Leo Rizzi, Danny Ocean",https://open.spotify.com/track/44QxiGlmeSpF8boud04Rkc,23,27.428571428571427,7,0.47562834553292793
El Salvador,2021-12-13,Volver Volver,Vicente Fernández,https://open.spotify.com/track/4Fvnz1ZJ86IdqDAepWYPAh,45,46.5,2,0.47558370284009
Estonia,2021-12-13,I Love You So,The Walters,https://open.spotify.com/track/4SqWKzw0CbA05TGszDgMlc,36,43.0,7,0.47548251371569505
Malaysia,2021-12-13,The Perfect Girl,Mareux,https://open.spotify.com/track/5RBOcBpJXaNnHCGViJmYhh,46,47.5,2,0.47536641964927895
Romania,2021-12-13,Bananza (Belly Dancer),Akon,https://open.spotify.com/track/3BwkldhE22DdxOcXegF2Kv,40,44.25,4,0.47534681126258904
Dominican Republic,2021-12-13,Aca Entre Nos,Vicente Fernández,https://open.spotify.com/track/2FDFz5TuYlpP180AUicAcl,46,47.5,2,0.4752249446911128
Netherlands,2021-12-13,Coming for You (feat. A1 x J1),SwitchOTR,https://open.spotify.com/track/1xIqDFx3KdByBnKMlTECcM,9,12.142857142857142,7,0.4751881993725576
United States,2021-12-13,Underground,Cody Fry,https://open.spotify.com/track/4An9H5fsEyJZTXtclokIaL,21,27.428571428571427,7,0.4751198008723982
Switzerland,2021-12-13,Move Your Body,"Öwnboss, Sevek",https://open.spotify.com/track/6GomT970rCOkKAyyrwJeZi,31,36.833333333333336,6,0.4750551736420084
Switzerland,2021-12-13,superswag pt. 1,"ilyproxy, leander, Hadesthegrim, eversonder",https://open.spotify.com/track/08556SGxHuwQGdFKjCblO6,20,25.857142857142858,7,0.47500682004178824
Israel,2021-12-13,Cpr,cupcakKe,https://open.spotify.com/track/35mBYyB61qTcGGj7MXIRM1,20,22.0,7,0.474795522214337
Austria,2021-12-13,Happier Than Ever,ASTN,https://open.spotify.com/track/7es56D0QedGMsK39wl2yFX,23,29.5,6,0.4746270656127812
Sweden,2021-12-13,Enemy (with JID) - from the series Arcane League of Legends,Imagine Dragons,https://open.spotify.com/track/1r9xUipOqoNwggBpENDsvJ,33,38.285714285714285,7,0.4745944479487877
Luxembourg,2021-12-13,Mon Amour - Remix,"zzoilo, Aitana",https://open.spotify.com/track/5TMLavqGRKNxgzMBrVpC9R,12,16.571428571428573,7,0.4745646994280523
United States,2021-12-13,Material Girl,Saucy Santana,https://open.spotify.com/track/6nQ1B216Liiydhgn2gar0o,33,42.142857142857146,7,0.47433731858627265
Romania,2021-12-13,Come Over (Again),Crawlers,https://open.spotify.com/track/4PDJDIdWxNN1AlnbrKkoPf,36,40.285714285714285,7,0.4742951918542144
Slovakia,2021-12-13,Guns for Hire (from the series Arcane League of Legends),Woodkid,https://open.spotify.com/track/2H3HPGuPyhcbg5AqoQ4BWr,49,49.0,1,0.47422718479488113
Slovakia,2021-12-13,MARCELINE,Lil God Dan,https://open.spotify.com/track/17zEBtrjKKa2hwk9CxWIkX,49,49.0,1,0.47422718479488113
Slovakia,2021-12-13,Super Gremlin,Kodak Black,https://open.spotify.com/track/4A8cWXxKfIL3lAyUDzXbCF,49,49.0,1,0.47422718479488113
Slovakia,2021-12-13,Pretty,"Coco & Clair Clair, Okthxbb",https://open.spotify.com/track/3L545updZMVxAsaYV6K8Z9,49,49.0,1,0.47422718479488113
New Zealand,2021-12-13,abcdefu (angrier),GAYLE,https://open.spotify.com/track/1EQFOouqdKYdpbNoOHRVO2,5,9.142857142857142,7,0.47421182931457
Malaysia,2021-12-13,RING X RING,Billlie,https://open.spotify.com/track/4hfF0FOFcaiOtwY3NP5hnv,29,38.5,4,0.47421110731134286
Greece,2021-12-13,Tsin Tsan Tson,"Lil PoP, Fy, Nore Pierre",https://open.spotify.com/track/71kc0jVPtf1C9zxMe2YKAx,36,40.5,2,0.47396895406689493
Uruguay,2021-12-13,828,"Aleesha, Emilia",https://open.spotify.com/track/5FYUCl30XA4avs2aBKhKaL,39,42.8,5,0.47394315141693505
Belgium,2021-12-13,abcdefu (angrier),GAYLE,https://open.spotify.com/track/1EQFOouqdKYdpbNoOHRVO2,23,26.428571428571427,7,0.473888435957165
Slovakia,2021-12-13,Maco Mamuko tequail,LIL SAM BYO,https://open.spotify.com/track/4zgnvDL6xhKeHo0M0eh869,38,44.0,5,0.47364627014452226
Spain,2021-12-13,Enemy (with JID) - from the series Arcane League of Legends,Imagine Dragons,https://open.spotify.com/track/1r9xUipOqoNwggBpENDsvJ,15,16.714285714285715,7,0.4736307715058917
Ireland,2021-12-13,Enter The Dragon,blk.,https://open.spotify.com/track/4rwAZ8QJ7EVxunA3NRX03E,39,44.57142857142857,7,0.47356438473722406
South Korea,2021-12-13,BAD LOVE,BE'O,https://open.spotify.com/track/21ezyolbj1IdlQunYV1alA,38,42.833333333333336,6,0.4735337293628041
United Kingdom,2021-12-13,What You Do To Me,SUB-X,https://open.spotify.com/track/6fwosYHgw98fyKpNTV96vk,19,27.285714285714285,7,0.4735315330524691
Sweden,2021-12-13,Lämna honom,Melissa Horn,https://open.spotify.com/track/5enkfv6k90BZuipWvzwcP5,32,34.57142857142857,7,0.4733693971062261
Iceland,2021-12-13,Snjókorn falla - Drill remix,Hiilmar,https://open.spotify.com/track/5BLa2ooWjkew8xGZwoaRaX,29,31.5,4,0.4732196035908049
Costa Rica,2021-12-13,all I want is you,"Rebzyyx, hoshie star",https://open.spotify.com/track/7lOvJBqH38ZY59eLU7bioq,37,41.0,3,0.4731389644937795
Egypt,2021-12-13,La Malama (Bonus Track),Mohamed Hamaki,https://open.spotify.com/track/5ZsSIC9ea0OEi7gMMv7b1t,40,41.142857142857146,7,0.47313541721450036
Belgium,2021-12-13,Amsterdam,FLEMMING,https://open.spotify.com/track/7lP1zUASWfS5TLBdQDj3DA,11,15.571428571428571,7,0.47271831697654104
Uruguay,2021-12-13,Toxic,BoyWithUke,https://open.spotify.com/track/2gQPv5jvVPqU2a9HhMNO1v,43,45.75,4,0.47229381060559417
Indonesia,2021-12-13,"MERRY-GO-ROUND (Feat. Zion.T, Wonstein) (Prod. Slom)",sokodomo,https://open.spotify.com/track/2eLe81VDUQ5f0xFfc9cMWz,14,16.428571428571427,7,0.4722686569428126
New Zealand,2021-12-13,Do It To It,"ACRAZE, Cherish",https://open.spotify.com/track/20on25jryn53hWghthWWW3,10,14.0,7,0.472086549170181
Denmark,2021-12-13,Want me!!?,"Cl4pers, noevdv",https://open.spotify.com/track/115iPhBHB5BBzjLCZFfvTt,19,29.0,5,0.47201927937904364
Singapore,2021-12-13,Ginseng Strip 2002,Yung Lean,https://open.spotify.com/track/79nEEoEPY2w8EXj9hjn5oc,33,40.666666666666664,3,0.4719777035428218
Morocco,2021-12-13,عشانك,siilawy,https://open.spotify.com/track/2L8xtCLeM42te93xowB4nx,47,47.0,1,0.4719570477014621
Portugal,2021-12-13,Assalto Perigoso,Melody,https://open.spotify.com/track/49GdoM9fiTXVOx1a6JTokJ,35,37.142857142857146,7,0.4718125771242951
Belgium,2021-12-13,Walk Walk,Sylvie Kreusch,https://open.spotify.com/track/1DBkUFoOcyd9wWGHB9ENv2,37,41.0,7,0.4717928337238043
Italy,2021-12-13,Pastello Bianco,Pinguini Tattici Nucleari,https://open.spotify.com/track/0bKDQionn4VKcgNKbs4SWX,36,40.285714285714285,7,0.47151514743636047
Indonesia,2021-12-13,Enchanted,Taylor Swift,https://open.spotify.com/track/04S1pkp1VaIqjg8zZqknR5,40,41.714285714285715,7,0.47141554619604176
Poland,2021-12-13,ŚWIEĆ GWIAZDECZKO ŚWIEĆ,Arka Noego,https://open.spotify.com/track/6oF1c2zqWjb1MiLDLuJev1,29,36.142857142857146,7,0.4712677672458449
Turkey,2021-12-13,Pembe Mezarlık - Slowed and Reverb,VRkot,https://open.spotify.com/track/0fdu3Yes4NJAT2VJxYAVks,38,41.5,6,0.4710708093264639
Norway,2021-12-13,Hei Som Det Går (Radio Norges Julelåt),"Morgenklubben, Loven & Co",https://open.spotify.com/track/52EYSfDiOn6OBET5BdKe2m,26,33.0,6,0.4710571701810672
Taiwan,2021-12-13,月亮代表我的心 (《華燈初上》主題曲),Ashin Chen,https://open.spotify.com/track/0Q02NWqQL5m4m8jkp3zsSy,15,18.142857142857142,7,0.4708749040592526
Canada,2021-12-13,Come Over (Again),Crawlers,https://open.spotify.com/track/4PDJDIdWxNN1AlnbrKkoPf,7,9.0,7,0.47076247710305963
Philippines,2021-12-13,Chandelier,Will Paquin,https://open.spotify.com/track/3REELyDyt5SPKX2387Zubv,19,23.285714285714285,7,0.47045663289773365
Lithuania,2021-12-13,Cocaine Jesus,Rainbow Kitten Surprise,https://open.spotify.com/track/0ZAbupc7jAQpG9IxojQ3s3,31,32.5,2,0.4703701856529504
Singapore,2021-12-13,Ragu,Rizky Febian,https://open.spotify.com/track/6EfM9gZnVkp3f13ifmOOz8,32,35.42857142857143,7,0.47033080834831026
Belgium,2021-12-13,Fairytale of New York (feat. Kirsty MacColl),The Pogues,https://open.spotify.com/track/3VTNVsTTu05dmTsVFrmGpK,37,44.0,7,0.47027509472551715
Lithuania,2021-12-13,Die For You,"VALORANT, Grabbitz",https://open.spotify.com/track/2lz3zjQ5QCVXiyOzIk02vW,43,46.0,3,0.4702074801507888
Iceland,2021-12-13,Desember,Friðrik Ómar,https://open.spotify.com/track/6bW5PmDmhigjdOBgXsyn8f,35,38.666666666666664,6,0.4700185628243447
Philippines,2021-12-13,if depression gets the best of me,Zevia,https://open.spotify.com/track/1UHATOi2uLeTk3UHKBwR30,30,31.428571428571427,7,0.4698961045672938
South Africa,2021-12-13,Joko Yaka Amapiano,Killorbeezbeatz,https://open.spotify.com/track/2kUYzArzzTrr6RVRbkIgSP,48,48.0,2,0.46983930244671307
Spain,2021-12-13,De Perreo,Marlon,https://open.spotify.com/track/7Men0McTVqAHxfVrRCzb41,13,14.571428571428571,7,0.4696602467426089
Belgium,2021-12-13,Max Verstappen (hoe heet de zoon van…),Tim Schalkx,https://open.spotify.com/track/5AnOcguuDQN23hDqEdtkpw,12,12.0,2,0.4696180504342576
Australia,2021-12-13,Swimming Pool,Marie Madeleine,https://open.spotify.com/track/3BMqVk2NJbH4fxf84e8kDC,6,6.75,4,0.4696123068125804
Hungary,2021-12-13,Toxic,BoyWithUke,https://open.spotify.com/track/2gQPv5jvVPqU2a9HhMNO1v,37,39.42857142857143,7,0.46960047107294334
Nicaragua,2021-12-13,Bohemio De Aficion,Vicente Fernández,https://open.spotify.com/track/2UCxVajVSBmExOoUamjtMd,31,36.0,4,0.46953505046490124
Vietnam,2021-12-13,Do It To It,"ACRAZE, Cherish",https://open.spotify.com/track/20on25jryn53hWghthWWW3,35,37.4,5,0.4693642205377579
United Kingdom,2021-12-13,Stay Another Day,East 17,https://open.spotify.com/track/4wYCe9tSmUolNU4WmJKbZy,32,39.857142857142854,7,0.4693448792069857
Slovakia,2021-12-13,Sklo,Viktor Sheen,https://open.spotify.com/track/1eNZ4QVslYy7olrihCHdAx,50,50.0,1,0.4692319810585924
Russia,2021-12-13,Васаби,Boronina,https://open.spotify.com/track/7IRdEom1Qtg7H6cSFpDdIS,28,29.571428571428573,7,0.4690965981815697
France,2021-12-13,La Espada,Eternal Raijin,https://open.spotify.com/track/6w969Gr8VhF02vaHs67oo9,20,22.285714285714285,7,0.4686369422776432
Vietnam,2021-12-13,Happier Than Ever,ASTN,https://open.spotify.com/track/7es56D0QedGMsK39wl2yFX,10,16.285714285714285,7,0.4685889657527925
Turkey,2021-12-13,Ah Canım Sevgilim - Demo,Rei 6,https://open.spotify.com/track/5kpkEb0M49YM516trGUSWS,16,17.571428571428573,7,0.4685481996600273
Israel,2021-12-13,Pepas,Farruko,https://open.spotify.com/track/2B4GHvToeLTOBB4QLzW3Ni,32,32.857142857142854,7,0.46837242866847906
Latvia,2021-12-13,IN THE CLUB,Mishashi Sensei,https://open.spotify.com/track/7vX0rvoGneCCOJ2QPruNNZ,16,33.142857142857146,7,0.46835085247863983
Turkey,2021-12-13,Notion,The Rare Occasions,https://open.spotify.com/track/0sTlGEld0h8kIPZaKDYUf4,13,14.714285714285714,7,0.46827565092149676
Vietnam,2021-12-13,Luv,CZN,https://open.spotify.com/track/6X18l3OPvGVkYdiwE7NplV,21,24.0,7,0.46824536259683225
Ireland,2021-12-13,Come Over (Again),Crawlers,https://open.spotify.com/track/4PDJDIdWxNN1AlnbrKkoPf,4,7.0,7,0.4680971521066318
Morocco,2021-12-13,Desert Rose,"Dim Angelo, Nikko Sunset, Maria Zhitnikova",https://open.spotify.com/track/3g1bjrdnhYss63z1V6NRYX,44,45.666666666666664,3,0.46798292738496855
Latvia,2021-12-13,u.,niteboi,https://open.spotify.com/track/0J7oHYxjF6Oln61wy0kP2i,17,25.0,7,0.4679821566857075
United Kingdom,2021-12-13,Frozen Gold,MKAY,https://open.spotify.com/track/0yKiMguQ0krHIg1mnZxHaC,31,37.0,7,0.4676879982874404
South Africa,2021-12-13,Zwi Malofhani,"Tcire, King Strouck, ACHIM, Mizo Phyll, Tshili, Big Ropza",https://open.spotify.com/track/77f0f6sKAjP833eFqcVVhW,42,46.0,2,0.4676335298149366
Honduras,2021-12-13,Es Que Me Gustas - En Vivo,Los 2 de la S,https://open.spotify.com/track/6nyl8kugrRsjzvpFhvw4hE,16,29.2,5,0.46762554860477573
Morocco,2021-12-13,We could have been so good together,Yusei,https://open.spotify.com/track/4sxDA8NwmjV3sPfusOPIf6,32,37.2,5,0.4676232688672754
South Korea,2021-12-13,On the Low,Justin Park,https://open.spotify.com/track/4MIKclDDgZgzuaATP5yOjW,22,28.5,4,0.467421603258951
Argentina,2021-12-13,4:00A.M.,Taeko Onuki,https://open.spotify.com/track/0zoGVO4bQXG8U6ChKwNgeg,21,28.714285714285715,7,0.46736279767867395
Philippines,2021-12-13,Fool,Frankie Cosmos,https://open.spotify.com/track/5Yx9t9RgATAtYoHN8gbRM0,32,33.714285714285715,7,0.46735604615772075
Denmark,2021-12-13,"Money Calling (feat. RAYE, Russ Millions & wewantwraiths)",Da Beatfreakz,https://open.spotify.com/track/58BJ5oUPX5ST2pjCtOSMkk,29,31.571428571428573,7,0.46727793006601304
Morocco,2021-12-13,Eargasm,Quatrehuit,https://open.spotify.com/track/51QCx0pvlHGYLheEhrMvHr,48,48.0,1,0.46696451856811655
Morocco,2021-12-13,Lost in the Fire (feat. The Weeknd),Gesaffelstein,https://open.spotify.com/track/2vXKRlJBXyOcvZYTdNeckS,48,48.0,1,0.46696451856811655
Taiwan,2021-12-13,終究還是因為愛,Trash,https://open.spotify.com/track/53yiHIP3ptxWtT4ambRcgb,44,44.0,1,0.4668336793995323
Spain,2021-12-13,LA FAMA (with The Weeknd),ROSALÍA,https://open.spotify.com/track/6dmXZ9B5HdFAyzHeTneYBK,27,28.714285714285715,7,0.466631823458117
Singapore,2021-12-13,Dynasties & Dystopia (from the series Arcane League of Legends),"Denzel Curry, Gizzle, Bren Joy",https://open.spotify.com/track/5EIkdrmuu2xkoQWOWjoeFY,31,39.0,7,0.4665756223105662
Ireland,2021-12-13,Chandelier,Will Paquin,https://open.spotify.com/track/3REELyDyt5SPKX2387Zubv,16,23.285714285714285,7,0.4665217463504301
Paraguay,2021-12-13,Parada Louca,"Mari Fernandez, Marcynho Sensação",https://open.spotify.com/track/72g37RoelSnovZakG5MwnF,42,42.5,2,0.46646386370009235
Peru,2021-12-13,La familia Madrigal,"Olga Lucía Vives, Yaneth Waldman, Encanto - Elenco",https://open.spotify.com/track/6740sbqgB64LZopHUEiBG8,37,41.285714285714285,7,0.46630348559138296
Netherlands,2021-12-13,Baby Riddim,Fave,https://open.spotify.com/track/77eZIuMTB9HrQ86L4ljqEX,23,25.285714285714285,7,0.4662252136406177
Ireland,2021-12-13,Dirty Little Animals (From the series Arcane League of Legends),BONES UK,https://open.spotify.com/track/2ZuDGsKSJpQdJmpknJ7ypF,27,30.0,5,0.46607763287400716
France,2021-12-13,Super Max!,Pitstop Boys,https://open.spotify.com/track/4gqOzJPGNCvEnS1u5YHOkp,3,4.0,3,0.4660347376254116
Lithuania,2021-12-13,Enemy - From the series Arcane League of Legends,Imagine Dragons,https://open.spotify.com/track/5UlnuulVAVmmesw4VzqHdG,46,46.0,2,0.4658028211370643
United States,2021-12-13,Chaise Longue,Wet Leg,https://open.spotify.com/track/7iqAuZe5yS0suLQcFfVK39,23,28.142857142857142,7,0.46578291904107444
Taiwan,2021-12-13,一派輕鬆,許光漢,https://open.spotify.com/track/36JeQiNJvvpnCTZCDDgKuB,14,22.285714285714285,7,0.4656791543275024
Dominican Republic,2021-12-13,Tu y Yo,"Bulin 47, El Tonto",https://open.spotify.com/track/2ZJQcnpx0JjlA8kU58cE1u,21,21.0,1,0.46563740080988897
India,2021-12-13,On the Low,Justin Park,https://open.spotify.com/track/4MIKclDDgZgzuaATP5yOjW,2,4.25,4,0.4656368830988192
Malaysia,2021-12-13,南半球与北海道,范倪Liu,https://open.spotify.com/track/3sLVMBnNhHBUyriZyHaVNI,48,49.0,2,0.46563201517272534
Ecuador,2021-12-13,Die For You,"VALORANT, Grabbitz",https://open.spotify.com/track/2lz3zjQ5QCVXiyOzIk02vW,45,47.4,5,0.4655331497583272
Peru,2021-12-13,abcdefu (angrier),GAYLE,https://open.spotify.com/track/1EQFOouqdKYdpbNoOHRVO2,40,44.0,7,0.4654968948362266
Greece,2021-12-13,Guns for Hire (from the series Arcane League of Legends),Woodkid,https://open.spotify.com/track/2H3HPGuPyhcbg5AqoQ4BWr,44,44.0,2,0.4653558139664224
Bolivia,2021-12-13,The Feels,TWICE,https://open.spotify.com/track/1qE8DOtw7zdXHMgZm20eLM,42,42.0,1,0.4652506777337889
Latvia,2021-12-13,TRAXXXMANIA,GONE.Fludd,https://open.spotify.com/track/2rowi7dF3AqhugMtAnvQmP,45,45.0,1,0.4649547450952446
Netherlands,2021-12-13,Max Verstappen (hoe heet de zoon van…),Tim Schalkx,https://open.spotify.com/track/5AnOcguuDQN23hDqEdtkpw,11,14.714285714285714,7,0.46491296834890344
Canada,2021-12-13,Beverly Hills,Shaboozey,https://open.spotify.com/track/3Ps0JFaxBuamCoQTx6X8LT,11,15.285714285714286,7,0.4648169163308403
Guatemala,2021-12-13,No se habla de Bruno,"Carolina Gaitán - La Gaita, Mauro Castillo, Daniela Sierra, Juanse Diez, Isabel Garcés, Olga Lucía Vives, Encanto - Elenco",https://open.spotify.com/track/5QKk5N5xJQGsWMhPM80Kfv,30,34.0,3,0.46480425219003424
Slovakia,2021-12-13,Bananza (Belly Dancer),Akon,https://open.spotify.com/track/3BwkldhE22DdxOcXegF2Kv,35,40.4,5,0.4648001727264953
Vietnam,2021-12-13,Give Me Your Forever,Zack Tabudlo,https://open.spotify.com/track/4mzP5mHkRvGxdhdGdAH7EJ,32,38.285714285714285,7,0.46458123928550393
Sweden,2021-12-13,Goodbye (from the series Arcane League of Legends),Ramsey,https://open.spotify.com/track/5QWjrWckcPcSVqQNfbD4Bc,23,27.428571428571427,7,0.4644518639556354
Colombia,2021-12-13,The Perfect Girl,Mareux,https://open.spotify.com/track/5RBOcBpJXaNnHCGViJmYhh,37,41.5,6,0.464173174388228
Netherlands,2021-12-13,Cpr,cupcakKe,https://open.spotify.com/track/35mBYyB61qTcGGj7MXIRM1,22,23.714285714285715,7,0.4639203913112561
United Arab Emirates,2021-12-13,Ligaya,mrld,https://open.spotify.com/track/3sJKnpDvliJ9OH4cORjatB,39,43.333333333333336,3,0.4639065443230104
Honduras,2021-12-13,SAD GIRLZ LUV MONEY Remix (feat. Kali Uchis and Moliy),Amaarae,https://open.spotify.com/track/09gysnJpfQ3ublBmJDfcEC,31,37.0,5,0.4638821613962593
Paraguay,2021-12-13,La Ultima Vez,Anuel2ble,https://open.spotify.com/track/1QNRTXKMxYP7J97cGtUqPQ,47,48.333333333333336,3,0.463773701546589
Panama,2021-12-13,4:00A.M.,Taeko Onuki,https://open.spotify.com/track/0zoGVO4bQXG8U6ChKwNgeg,23,29.5,2,0.4634940168269351
Slovakia,2021-12-13,Bananza (Belly Dancer),Akon,https://open.spotify.com/track/0dNPpDFdvzj6XFIRzg2hmp,29,29.5,2,0.46346725117710375
United States,2021-12-13,La Espada,Eternal Raijin,https://open.spotify.com/track/6w969Gr8VhF02vaHs67oo9,34,39.857142857142854,7,0.4634193823566252
Brazil,2021-12-13,Atlantis,Seafret,https://open.spotify.com/track/1Fid2jjqsHViMX6xNH70hE,42,43.142857142857146,7,0.4634185745179516
Costa Rica,2021-12-13,Tu Nombre Saprissa,La Ultra Morada - La S,https://open.spotify.com/track/7iK1LRtLBpg267jB2enygR,43,43.0,1,0.4633182714474233
Australia,2021-12-13,Cpr,cupcakKe,https://open.spotify.com/track/35mBYyB61qTcGGj7MXIRM1,17,20.142857142857142,7,0.46331471864452656
Thailand,2021-12-13,All Too Well (10 Minute Version) (Taylor's Version) (From The Vault),Taylor Swift,https://open.spotify.com/track/5enxwA8aAbwZbf5qCHORXi,31,33.714285714285715,7,0.46325830065861207
Hong Kong,2021-12-13,冬日寂寞考,Jay Fung,https://open.spotify.com/track/74depxnOa8cZRUl4M6NBVy,24,29.428571428571427,7,0.4631913185183025
Finland,2021-12-13,Fairytale of New York (feat. Kirsty MacColl),The Pogues,https://open.spotify.com/track/3VTNVsTTu05dmTsVFrmGpK,12,15.142857142857142,7,0.4629322241591245
Mexico,2021-12-13,4:00A.M.,Taeko Onuki,https://open.spotify.com/track/0zoGVO4bQXG8U6ChKwNgeg,16,17.75,4,0.4629243494503335
Ukraine,2021-12-13,HMU,Tobias Dray,https://open.spotify.com/track/60U1w8wJMlPvXRdPaLAYqi,32,37.0,7,0.46246756068993844
France,2021-12-13,Goodbye (from the series Arcane League of Legends),Ramsey,https://open.spotify.com/track/5QWjrWckcPcSVqQNfbD4Bc,18,22.285714285714285,7,0.4624389835196551
Malaysia,2021-12-13,Title,Meghan Trainor,https://open.spotify.com/track/0k5hoseEJnCAbpRh38dNoI,42,47.0,5,0.4624125125643046
Argentina,2021-12-13,Sou Favela,"MC Bruninho, Vitinho Ferrari, Dj DG, Batidão Stronda",https://open.spotify.com/track/4lEVoOnIybtRqi4knZwdPZ,21,23.571428571428573,7,0.4623806939482521
Thailand,2021-12-13,โดยปราศจากฉัน,WHATFALSE,https://open.spotify.com/track/5zjf6PeuCJyBSJpim3UrX2,49,49.0,1,0.462159291134845
Brazil,2021-12-13,Alien Blues,Vundabar,https://open.spotify.com/track/6UjeFOCGYgMpBUtqKg1Je3,44,45.42857142857143,7,0.4620327335075379
Switzerland,2021-12-13,The Perfect Girl,Mareux,https://open.spotify.com/track/5RBOcBpJXaNnHCGViJmYhh,20,23.166666666666668,6,0.4619515453912337
Romania,2021-12-13,Habibi - Albanian Remix,"Ricky Rich, Dardan, DJ Gimi-O",https://open.spotify.com/track/2sHYMLUd4nVLxHPKY05Ein,38,41.0,3,0.4619063516708335
Australia,2021-12-13,Snakes (from the series Arcane League of Legends),"MIYAVI, PVRIS",https://open.spotify.com/track/7LmyUD78mtwBDzgVV4P5F4,36,36.285714285714285,7,0.46170382772196983
Netherlands,2021-12-13,Alien Blues,Vundabar,https://open.spotify.com/track/6UjeFOCGYgMpBUtqKg1Je3,10,15.142857142857142,7,0.4615996090817182
Luxembourg,2021-12-13,Lost in the Fire (feat. The Weeknd),Gesaffelstein,https://open.spotify.com/track/2vXKRlJBXyOcvZYTdNeckS,28,35.0,7,0.46155172055522276
Chile,2021-12-13,Súbelo,"Anuel AA, Myke Towers, Jhay Cortez",https://open.spotify.com/track/3xv8JksRyqHa1lwkM9xvJf,30,32.57142857142857,7,0.4611600097592231
Norway,2021-12-13,Jenta der er pen,"Vino, Kasha Kawasaki",https://open.spotify.com/track/6QBeZ60soH8LwwBjDX8egL,10,10.5,2,0.4610134258583445
Taiwan,2021-12-13,杀死那个石家庄人,万能青年旅店,https://open.spotify.com/track/2oSyibxNEOnHUYh1J0xNYX,38,40.857142857142854,7,0.4608735751453995
Estonia,2021-12-13,koptereid,5MIINUST,https://open.spotify.com/track/4QWbJNAWatPr3j065e3N7H,42,42.0,1,0.46078562644952226
Romania,2021-12-13,all I want is you,"Rebzyyx, hoshie star",https://open.spotify.com/track/7lOvJBqH38ZY59eLU7bioq,43,45.25,4,0.4606106137895496
Thailand,2021-12-13,มีแค่เธอ,STUCKCRAZY,https://open.spotify.com/track/716k6ygo0jWwxv3q12fZjB,33,36.285714285714285,7,0.4605788032569969
Slovakia,2021-12-13,Die For You,"VALORANT, Grabbitz",https://open.spotify.com/track/2lz3zjQ5QCVXiyOzIk02vW,35,41.333333333333336,6,0.4602025413138816
Estonia,2021-12-13,Chandelier,Will Paquin,https://open.spotify.com/track/3REELyDyt5SPKX2387Zubv,27,33.57142857142857,7,0.460138031760004
Honduras,2021-12-13,Sublime Mujer,Vicente Fernández,https://open.spotify.com/track/5mPbC4nz0DYXO3kfnmMgRe,47,48.0,2,0.45998002102266766
India,2021-12-13,Kina Chir,The PropheC,https://open.spotify.com/track/6XPmY4hIb1RGRyNuq0UBsl,20,20.571428571428573,7,0.45983830836065503
Malaysia,2021-12-13,Aku Bukan Jodohnya,Tri Suaka,https://open.spotify.com/track/4YuzrUzwpTR8aRqLqepiFo,49,49.5,2,0.4598162357188401
Ukraine,2021-12-13,Do It To It,"ACRAZE, Cherish",https://open.spotify.com/track/20on25jryn53hWghthWWW3,41,44.5,4,0.4597097397475644
Nicaragua,2021-12-13,Medallo,"Blessd, Justin Quiles, Lenny Tavárez",https://open.spotify.com/track/6lX6l7OuA3qrnIRfdsr0dw,42,42.0,1,0.4595970479753137
Bulgaria,2021-12-13,Snakes (from the series Arcane League of Legends),"MIYAVI, PVRIS",https://open.spotify.com/track/7LmyUD78mtwBDzgVV4P5F4,13,19.571428571428573,7,0.45938438171270896
Belgium,2021-12-13,It's Called: Freefall,Rainbow Kitten Surprise,https://open.spotify.com/track/474uVhyGgK5MtY9gMcDgGl,30,38.4,5,0.4593299826169347
Colombia,2021-12-13,VACAXIONES,Feid,https://open.spotify.com/track/5QLs1kIWkkxcdUBfTkqWBX,25,27.666666666666668,3,0.45921297893185187
Portugal,2021-12-13,4:00A.M.,Taeko Onuki,https://open.spotify.com/track/0zoGVO4bQXG8U6ChKwNgeg,26,37.42857142857143,7,0.4591506550064235
Norway,2021-12-13,Alien Blues,Vundabar,https://open.spotify.com/track/6UjeFOCGYgMpBUtqKg1Je3,13,15.142857142857142,7,0.4591188780560531
Poland,2021-12-13,Mały i głópi,Nypel,https://open.spotify.com/track/0yuaBgoePuonDsgkuGCoDW,14,16.0,7,0.4590656428858017
Ireland,2021-12-13,4:00A.M.,Taeko Onuki,https://open.spotify.com/track/0zoGVO4bQXG8U6ChKwNgeg,30,33.714285714285715,7,0.4589479184251435
Singapore,2021-12-13,删了吧,烟嗓,https://open.spotify.com/track/0MIEzBxkb4W9uTvlVLkSuf,12,14.285714285714286,7,0.45851389524976194
Malaysia,2021-12-13,我不是刘德华,"新地, 卢克",https://open.spotify.com/track/2bjT1NTpoEeTPxQlqai57c,34,34.666666666666664,3,0.4584664062833659
Ecuador,2021-12-13,Para Siempre,Vicente Fernández,https://open.spotify.com/track/0uyVgmoXDbwS1ubv8AurVZ,46,46.0,1,0.4581794612197303
Colombia,2021-12-13,Inspiración,"Olga Lucía Vives, Isabel Garcés",https://open.spotify.com/track/0luqiaAZqlVRhwVpooWC8s,10,16.142857142857142,7,0.4581233954264996
Ukraine,2021-12-13,4:00A.M.,Taeko Onuki,https://open.spotify.com/track/0zoGVO4bQXG8U6ChKwNgeg,25,38.6,5,0.45807797728143335
Taiwan,2021-12-13,恬恬一下仔,Shallow Levée,https://open.spotify.com/track/2mpUSaVZCzLroD0C2VelV2,26,35.57142857142857,7,0.45804718699983554
Ireland,2021-12-13,Alien Blues,Vundabar,https://open.spotify.com/track/6UjeFOCGYgMpBUtqKg1Je3,6,9.428571428571429,7,0.4579134897191017
Hungary,2021-12-13,Az idő ketyeg,"666GHOST, VALMAR",https://open.spotify.com/track/0reDa7ZdC4iUcNMvYL92O9,34,43.5,4,0.45788367356205056
Norway,2021-12-13,DTB,Merczz,https://open.spotify.com/track/6BoXckigjvnIAZVQV6lELq,15,16.833333333333332,6,0.45786196032201043
Belgium,2021-12-13,MIDDLE OF THE NIGHT,Elley Duhé,https://open.spotify.com/track/58HvfVOeJY7lUuCqF0m3ly,12,21.285714285714285,7,0.4577702609151168
Japan,2021-12-13,"FXXKED UP (feat. week dudus,Tade Dust & Bonbero)",Gucci Prince,https://open.spotify.com/track/5Gwr3GT8WFxlKNZXbFV2qY,12,13.714285714285714,7,0.45772755125599196
Hong Kong,2021-12-13,On the Low,Justin Park,https://open.spotify.com/track/4MIKclDDgZgzuaATP5yOjW,36,41.0,3,0.45761750396151124
United States,2021-12-13,Cpr,cupcakKe,https://open.spotify.com/track/35mBYyB61qTcGGj7MXIRM1,25,26.714285714285715,7,0.4575496607115415
Japan,2021-12-13,High School Dropout,DADA,https://open.spotify.com/track/0tpRJ0BQ2AnTKuelARNdKj,12,14.285714285714286,7,0.45743957189549866
Thailand,2021-12-13,Title,Meghan Trainor,https://open.spotify.com/track/0k5hoseEJnCAbpRh38dNoI,50,50.0,1,0.45718067083335756
Bulgaria,2021-12-13,Fairytale of New York (feat. Kirsty MacColl),The Pogues,https://open.spotify.com/track/3VTNVsTTu05dmTsVFrmGpK,44,45.75,4,0.45711890728600074
Czech Republic,2021-12-13,nuts (feat. rainy bear),Lil Peep,https://open.spotify.com/track/2SabxRgV7VMc1LRHgw0HIo,27,37.5,2,0.4569698242091206
Honduras,2021-12-13,all I want is you,"Rebzyyx, hoshie star",https://open.spotify.com/track/7lOvJBqH38ZY59eLU7bioq,39,42.0,3,0.4568564058398659
Lithuania,2021-12-13,Тает лёд,Грибы,https://open.spotify.com/track/0cItyj95uqYjvYGchMLzIh,34,40.5,4,0.4568277419115974
Poland,2021-12-13,Die For You,"VALORANT, Grabbitz",https://open.spotify.com/track/2lz3zjQ5QCVXiyOzIk02vW,19,21.285714285714285,7,0.45673332080405943
Saudi Arabia,2021-12-13,Duvet,bôa,https://open.spotify.com/track/42qNWdLKCI41S4uzfamhFM,46,48.0,2,0.45660442278995717
Malaysia,2021-12-13,Hendaklah Cari Pengganti,Arief,https://open.spotify.com/track/0WaxgH1GXiiBWglXPXlRYr,46,47.0,4,0.4565504344816843
El Salvador,2021-12-13,"No Tengo Hambre, Tengo Ansiedad",Alan Sutton y las criaturitas de la ansiedad,https://open.spotify.com/track/0kqWb82ACdjcObDqDqD0zg,22,34.25,4,0.4564826830414502
Mexico,2021-12-13,Aca Entre Nos,Vicente Fernández,https://open.spotify.com/track/2FDFz5TuYlpP180AUicAcl,32,37.666666666666664,3,0.45605267226997664
Luxembourg,2021-12-13,SAD GIRLZ LUV MONEY Remix (feat. Kali Uchis and Moliy),Amaarae,https://open.spotify.com/track/09gysnJpfQ3ublBmJDfcEC,17,24.285714285714285,7,0.4558413887882298
Indonesia,2021-12-13,Cpr,cupcakKe,https://open.spotify.com/track/35mBYyB61qTcGGj7MXIRM1,31,33.285714285714285,7,0.4555845301756597
United Kingdom,2021-12-13,Alien Blues,Vundabar,https://open.spotify.com/track/6UjeFOCGYgMpBUtqKg1Je3,8,11.142857142857142,7,0.45539673119971213
Argentina,2021-12-13,Me Muero de Amor,"Natalia Oreiro, Juan Ingaramo",https://open.spotify.com/track/2xehAYLTwH1nQYNfamKkMf,36,41.42857142857143,7,0.4553122054781657
Sweden,2021-12-13,Coming for You (feat. A1 x J1),SwitchOTR,https://open.spotify.com/track/1xIqDFx3KdByBnKMlTECcM,22,24.571428571428573,7,0.45523106414329123
Estonia,2021-12-13,Fairytale of New York (feat. Kirsty MacColl),The Pogues,https://open.spotify.com/track/3VTNVsTTu05dmTsVFrmGpK,28,39.833333333333336,6,0.4550714708417255
Norway,2021-12-13,I AM WOMAN,Emmy Meli,https://open.spotify.com/track/3nOz1U41SZZ0N3fuUWr9nb,2,3.7142857142857144,7,0.45491963504855326
Singapore,2021-12-13,Aku Bukan Jodohnya,Tri Suaka,https://open.spotify.com/track/4YuzrUzwpTR8aRqLqepiFo,38,42.857142857142854,7,0.45486130063724617
Luxembourg,2021-12-13,Moth To A Flame (with The Weeknd),Swedish House Mafia,https://open.spotify.com/track/2gpWyfu7eZ01zzncHpxOtA,28,35.333333333333336,6,0.45479508577115196
Malaysia,2021-12-13,I Love Mama Mantu,Bulan Sutena,https://open.spotify.com/track/7DoiEM9490NagJK6mptaRG,42,45.5,6,0.45470868749665055
Malaysia,2021-12-13,LOTUS ALL STAR - Remix,"ForceParkBois, Offgrid, JAYSTATION, Dinho, Ichu, Sxph, SonaOne, F.Rider, Rudeen, Guccimith, Vertgin, Addy Khayal",https://open.spotify.com/track/2CMDForYznddfirCekZLCX,36,37.5,2,0.45467153605685934
Estonia,2021-12-13,The Perfect Girl,Mareux,https://open.spotify.com/track/6J4XizhuOlKmPWykPrHIrV,8,8.0,1,0.4545965032985779
Indonesia,2021-12-13,Ginseng Strip 2002,Yung Lean,https://open.spotify.com/track/79nEEoEPY2w8EXj9hjn5oc,31,37.666666666666664,3,0.45456650025081397
Dominican Republic,2021-12-13,Nadie Puede Detenerle (En Vivo),Grace Rodriguez,https://open.spotify.com/track/4ihRWGwuEGgYoZGzeZbe2W,35,40.8,5,0.45455432238976357
Peru,2021-12-13,Nostálgico,"Rvssian, Rauw Alejandro, Chris Brown",https://open.spotify.com/track/2BEcap3xJtmiPaHKyfQi4e,41,43.833333333333336,6,0.45451388065431453
Switzerland,2021-12-13,La Espada,Eternal Raijin,https://open.spotify.com/track/6w969Gr8VhF02vaHs67oo9,24,31.285714285714285,7,0.4543432762565297
Turkey,2021-12-13,Çözemezsin,Dedublüman,https://open.spotify.com/track/1zMcj4YDWun0XN0BCzZc4P,31,32.285714285714285,7,0.4543387572215086
United Arab Emirates,2021-12-13,Goodbye (from the series Arcane League of Legends),Ramsey,https://open.spotify.com/track/5QWjrWckcPcSVqQNfbD4Bc,45,45.0,1,0.45428009749714254
Luxembourg,2021-12-13,Jour meilleur,Orelsan,https://open.spotify.com/track/6VOUfCrjmxH62oijWgbC6O,15,17.714285714285715,7,0.4541201209787359
Denmark,2021-12-13,It's Called: Freefall,Rainbow Kitten Surprise,https://open.spotify.com/track/474uVhyGgK5MtY9gMcDgGl,23,29.4,5,0.4539036402543672
India,2021-12-13,Coming for You (feat. A1 x J1),SwitchOTR,https://open.spotify.com/track/1xIqDFx3KdByBnKMlTECcM,12,14.0,7,0.45375550241052487
United Arab Emirates,2021-12-13,مسيطره,Lamis Kan,https://open.spotify.com/track/4hFNqLwpBM1WoaxrgEForT,28,39.142857142857146,7,0.4537177643856094
Ireland,2021-12-13,Own Brand Freestyle,"FelixThe1st, Dreya Mac, Finch Fetti",https://open.spotify.com/track/6Jzdxguk63s6CVVXHIrQ0x,19,22.142857142857142,7,0.45367401469241836
Estonia,2021-12-13,Nothing,Bruno Major,https://open.spotify.com/track/2IAR0DziHCjSu16gR4ihvy,14,27.142857142857142,7,0.4536514028111934
South Korea,2021-12-13,Bite Me,Avril Lavigne,https://open.spotify.com/track/4bNa2MHnPB7zckROAHh8mR,31,37.42857142857143,7,0.45328783621916835
Ecuador,2021-12-13,Se Le Ve,"Dímelo Flow, Dalex, Sech, Justin Quiles, Arcangel, De La Ghetto, Lenny Tavárez",https://open.spotify.com/track/5W1qmxHrMlQGGAiFA3ZQqP,47,47.0,1,0.45320758726280425
Germany,2021-12-13,MIDDLE OF THE NIGHT,Elley Duhé,https://open.spotify.com/track/58HvfVOeJY7lUuCqF0m3ly,11,12.714285714285714,7,0.4531953099126308
Ukraine,2021-12-13,Dirty Little Animals (From the series Arcane League of Legends),BONES UK,https://open.spotify.com/track/2ZuDGsKSJpQdJmpknJ7ypF,47,48.666666666666664,3,0.45317671964085565
Ukraine,2021-12-13,Own Brand Freestyle,"FelixThe1st, Dreya Mac, Finch Fetti",https://open.spotify.com/track/6Jzdxguk63s6CVVXHIrQ0x,39,43.0,4,0.45310536409303137
Canada,2021-12-13,Я буду ебать,"Moreart, IHI",https://open.spotify.com/track/3lFrFQcZWPLa8WEG7xoc4b,21,24.428571428571427,7,0.4530955731130572
Ecuador,2021-12-13,Notion,The Rare Occasions,https://open.spotify.com/track/0sTlGEld0h8kIPZaKDYUf4,18,27.142857142857142,7,0.4530636324099451
Bulgaria,2021-12-13,#DRILL1AB,Bliznacite,https://open.spotify.com/track/6PXiVQk3q6vhNql9Mndr1D,15,27.285714285714285,7,0.4529718549675453
Indonesia,2021-12-13,Tuhan Tahu,"Melitha Sidabutar, Clarisa Dewi, Alvin Christian, Ps. Lukas Kusuma",https://open.spotify.com/track/5SrohQ0fYbMCF6QK3B7r1Z,14,15.333333333333334,3,0.45282531016481137
France,2021-12-13,QLNT,Swaqyy,https://open.spotify.com/track/0dgHVD9IPwpSz3U85BayN8,8,8.0,1,0.45272325130806607
Nicaragua,2021-12-13,Amapolas,Leo Rizzi,https://open.spotify.com/track/0z5yLgBmAtaylDYrgwzlpH,28,37.142857142857146,7,0.4526825452223365
Japan,2021-12-13,LOST IN PARADISE,"ALI, AKLO",https://open.spotify.com/track/7kRKlFCFLAUwt43HWtauhX,10,11.571428571428571,7,0.4526290271973813
New Zealand,2021-12-13,Surface Pressure,Jessica Darrow,https://open.spotify.com/track/760jhRscwGbIIe1m1IIQpU,22,23.0,7,0.4526203923457453
Russia,2021-12-13,Notion,The Rare Occasions,https://open.spotify.com/track/0sTlGEld0h8kIPZaKDYUf4,7,9.285714285714286,7,0.4526167260309477
Belgium,2021-12-13,Chaise Longue,Wet Leg,https://open.spotify.com/track/7iqAuZe5yS0suLQcFfVK39,35,40.75,4,0.45259947362564296
Canada,2021-12-13,MIDDLE OF THE NIGHT,Elley Duhé,https://open.spotify.com/track/58HvfVOeJY7lUuCqF0m3ly,35,36.285714285714285,7,0.45237805310369245
Honduras,2021-12-13,Mirror Mirror,"F.HERO, MILLI, Changbin of Stray Kids",https://open.spotify.com/track/59WuWdDH06AYXgdoMENEa3,34,41.0,2,0.452318831583825
Hong Kong,2021-12-13,原來談戀愛是這麼一回事,Chantel 姚焯菲,https://open.spotify.com/track/6TJOXAyqTtq6Xvk1qHoleJ,25,27.285714285714285,7,0.4522373265422735
Greece,2021-12-13,Easy On Me,Adele,https://open.spotify.com/track/46IZ0fSY2mpAiktS3KOqds,34,40.0,7,0.452204914333417
Saudi Arabia,2021-12-13,Bahebek Leih,Moustafa El Shoaby,https://open.spotify.com/track/3yU6h7VEQpiF2hTySjjA3i,47,48.0,2,0.4521383103520112
Italy,2021-12-13,abcdefu (angrier),GAYLE,https://open.spotify.com/track/1EQFOouqdKYdpbNoOHRVO2,25,26.714285714285715,7,0.45209742378266676
Bulgaria,2021-12-13,lost souls (with Brent Faiyaz),Baby Keem,https://open.spotify.com/track/02rdXe0KhMe8p6ZHzYtuw0,32,39.5,4,0.45202799035453695
Morocco,2021-12-13,Gaw El Banat,"Mohamed Ramadan, RedOne, Nouamane Belaiachi",https://open.spotify.com/track/3x99yBuNKv4WwPU7EDqcUH,36,41.42857142857143,7,0.45195963919091936
Austria,2021-12-13,Morgen/Heute,makko,https://open.spotify.com/track/6fSmiG9OVZ5rhCvI6lyAHI,35,41.5,2,0.4519445990151317
Greece,2021-12-13,Sahara,Hensonn,https://open.spotify.com/track/6nqdgUTiWt4JbABDurkxMI,46,48.0,3,0.4517625915241818
Vietnam,2021-12-13,abcdefu (angrier),GAYLE,https://open.spotify.com/track/1EQFOouqdKYdpbNoOHRVO2,26,27.571428571428573,7,0.45164050886271373
United Kingdom,2021-12-13,Love Me,TeeDee,https://open.spotify.com/track/6t192M9A83w0sfFCCuW2ds,36,39.857142857142854,7,0.4514452819609337
Estonia,2021-12-13,Want me!!?,"Cl4pers, noevdv",https://open.spotify.com/track/115iPhBHB5BBzjLCZFfvTt,35,39.25,4,0.451185063121497
Poland,2021-12-13,u.,niteboi,https://open.spotify.com/track/0J7oHYxjF6Oln61wy0kP2i,17,18.0,7,0.4510657203814048
Indonesia,2021-12-13,ILU IMU,Hati Band,https://open.spotify.com/track/7CJOuNJXWet9ymP9VhLSHC,27,35.5,2,0.45093762658097075
Singapore,2021-12-13,I Love Mama Mantu,Bulan Sutena,https://open.spotify.com/track/7DoiEM9490NagJK6mptaRG,24,25.571428571428573,7,0.4507603443797979
United Arab Emirates,2021-12-13,Coming for You (feat. A1 x J1),SwitchOTR,https://open.spotify.com/track/1xIqDFx3KdByBnKMlTECcM,37,42.5,2,0.4506590512547716
Peru,2021-12-13,Television / So Far So Good,Rex Orange County,https://open.spotify.com/track/5OUTFH5acycdnf8OVo21Gv,31,33.714285714285715,7,0.45062889371942544
Indonesia,2021-12-13,Sisa Rasa,Mahalini,https://open.spotify.com/track/6pmo9ha8iOPZc5lxPU9o8w,32,34.714285714285715,7,0.45040197729578463
Argentina,2021-12-13,BAR (Pasame la botella) - Remix,"Cele Arrabal, DJ Kuff",https://open.spotify.com/track/58AMDk994wqLOM1p5ixQvk,14,22.6,5,0.45034876631175264
Peru,2021-12-13,all I want is you,"Rebzyyx, hoshie star",https://open.spotify.com/track/7lOvJBqH38ZY59eLU7bioq,31,34.285714285714285,7,0.45034167149498394
Ukraine,2021-12-13,Лёд,"LXNER, WENARO",https://open.spotify.com/track/7D8k995g6jdie4NF1E7Tpu,43,45.5,4,0.4502722176188533
Hungary,2021-12-13,EyEy,ALEE,https://open.spotify.com/track/2TdN8vYZq8GlEFzY5l2xsc,45,45.0,1,0.4502446291128878
Morocco,2021-12-13,باشا باشا,ِEmad Basha,https://open.spotify.com/track/5u6I8MExcbewu6VcSnI1Sc,43,45.0,2,0.45017105110295397
United Kingdom,2021-12-13,Come Over (Again),Crawlers,https://open.spotify.com/track/4PDJDIdWxNN1AlnbrKkoPf,9,12.714285714285714,7,0.4501427512488212
United Arab Emirates,2021-12-13,DESIRES,"AP Dhillon, Gurinder Gill, Various Artists",https://open.spotify.com/track/5pcmtf1lwrMqmAWWm248fY,37,40.75,4,0.4499098408321896
Guatemala,2021-12-13,Mayor Que Yo,"Baby Ranks, Daddy Yankee, Tonny Tun Tun, Wisin & Yandel, Héctor ""El Father""",https://open.spotify.com/track/7pMWE6h8thBOq9YnFzBEpy,50,50.0,1,0.4498924482587453
South Korea,2021-12-13,Oort Cloud,Younha,https://open.spotify.com/track/7tOsgOjrzBVQqyaMDBlZV8,20,27.666666666666668,6,0.44966819255965584
India,2021-12-13,Give Me Your Forever,Zack Tabudlo,https://open.spotify.com/track/4mzP5mHkRvGxdhdGdAH7EJ,13,13.857142857142858,7,0.4493659875423431
Austria,2021-12-13,"Money Calling (feat. RAYE, Russ Millions & wewantwraiths)",Da Beatfreakz,https://open.spotify.com/track/58BJ5oUPX5ST2pjCtOSMkk,29,38.142857142857146,7,0.4491655154882552
India,2021-12-13,Izhaar,Gagandeep Thamber,https://open.spotify.com/track/4r7s2KtAK8zNsQPm4XUg2E,22,24.428571428571427,7,0.44896470190108834
Paraguay,2021-12-13,Toma Toma Vapo Vapo,"Zé Felipe, Mc Danny",https://open.spotify.com/track/5VTjBl3ddZEiG2LrH4VzyR,37,39.0,3,0.448669545217359
New Zealand,2021-12-13,TO THE MOON,Jnr Choi,https://open.spotify.com/track/0hYFc3HSZHDaDzquLVRwBH,4,4.0,3,0.4486002957915073
Australia,2021-12-13,I Don't Wanna Go To Heaven,Nate Smith,https://open.spotify.com/track/55lJN2gIzJM9SCfwzxAEjf,32,38.285714285714285,7,0.44855209013575614
Denmark,2021-12-13,Dirty Little Animals (From the series Arcane League of Legends),BONES UK,https://open.spotify.com/track/2ZuDGsKSJpQdJmpknJ7ypF,10,13.428571428571429,7,0.44835530682490865
Vietnam,2021-12-13,Paper Short Love - Tiktok Remix,NSX Music Studio,https://open.spotify.com/track/7HeW7lufLCDolHOk6T8eGr,37,43.666666666666664,3,0.44827283560125325
Luxembourg,2021-12-13,I'll Be Home,Meghan Trainor,https://open.spotify.com/track/0lTurWECr2XL607eJAj1A3,25,30.5,2,0.44826080709306865
Sweden,2021-12-13,D O D O,Tayc,https://open.spotify.com/track/7fWotHT92my4vLN713vFTa,37,42.285714285714285,7,0.4482524973515027
Egypt,2021-12-13,الكيف,Almas,https://open.spotify.com/track/5cxtdKGNPy25Kqkvsw7QNP,49,49.0,1,0.44814916549339157
Singapore,2021-12-13,แค่เพื่อนมั้ง (Just Friend?) - เพลงประกอบซีรีส์ แค่เพื่อนครับเพื่อน BAD BUDDY SERIES,นนน กรภัทร์,https://open.spotify.com/track/03jBontbv2DkRxsgLU8H4x,34,34.5,2,0.44798778126163263
Netherlands,2021-12-13,The Perfect Girl,Mareux,https://open.spotify.com/track/5RBOcBpJXaNnHCGViJmYhh,29,33.166666666666664,6,0.44797908807235315
Norway,2021-12-13,Hjertet går Bang,"Abu, Norges Nye Megahit",https://open.spotify.com/track/11dtjvCjctp0Bl2rFuyEI1,15,37.142857142857146,7,0.447817228538191
Singapore,2021-12-13,What Else Can I Do?,"Diane Guerrero, Stephanie Beatriz",https://open.spotify.com/track/3XoYqtiWHhsk59frZupImG,41,47.0,5,0.4476908873997742
Canada,2021-12-13,Goodbye (from the series Arcane League of Legends),Ramsey,https://open.spotify.com/track/5QWjrWckcPcSVqQNfbD4Bc,22,27.0,7,0.44734426916071607
Uruguay,2021-12-13,Tokyo,Mesita,https://open.spotify.com/track/7MpLJVqyLhe1dauOt0dT42,43,47.666666666666664,3,0.44733704560440385
Ecuador,2021-12-13,Una Cunumi - Remix,"Qmayb, J.Gonzo, Faraón Love Shady, Xvideo Token",https://open.spotify.com/track/07sQOuFnAKkgT81abNu1m9,9,14.0,7,0.4472157559975009
Israel,2021-12-13,love nwantiti (ah ah ah),CKay,https://open.spotify.com/track/2Xr1dTzJee307rmrkt8c0g,36,39.714285714285715,7,0.44703420793985865
Singapore,2021-12-13,Limousine (Feat. MINO) (Prod. GRAY),BE'O,https://open.spotify.com/track/5g2Ik0WJG9rqu97nCLcQhV,23,29.571428571428573,7,0.44681443862270553
South Korea,2021-12-13,Pope Is a Rockstar,SALES,https://open.spotify.com/track/0So2sgVa8aJiARPl2P29u2,31,37.666666666666664,3,0.44681241585792847
Lithuania,2021-12-13,In My Room,Insane Clown Posse,https://open.spotify.com/track/7jKHJoOij35nfpq6PYHlFH,31,37.0,6,0.4467686689466147
Spain,2021-12-13,La familia Madrigal,"Olga Lucía Vives, Yaneth Waldman, Encanto - Elenco",https://open.spotify.com/track/6740sbqgB64LZopHUEiBG8,19,22.428571428571427,7,0.44643639911917316
Chile,2021-12-13,all I want is you,"Rebzyyx, hoshie star",https://open.spotify.com/track/7lOvJBqH38ZY59eLU7bioq,34,39.285714285714285,7,0.4463272593406292
Uruguay,2021-12-13,Súbelo,"Anuel AA, Myke Towers, Jhay Cortez",https://open.spotify.com/track/3xv8JksRyqHa1lwkM9xvJf,39,40.75,4,0.44632039680740576
Australia,2021-12-13,abcdefu (angrier),GAYLE,https://open.spotify.com/track/1EQFOouqdKYdpbNoOHRVO2,10,11.571428571428571,7,0.446222972660272
Turkey,2021-12-13,D.H.S.,melfete,https://open.spotify.com/track/06Q1eCQIJT2ycdk9DT2ZpA,19,20.285714285714285,7,0.44620936293534863
Chile,2021-12-13,La Libertad,José Antonio Kast,https://open.spotify.com/track/35mV0Gv5sRunuyTEucN37d,28,35.5,2,0.4460778180849126
Mexico,2021-12-13,A Pesar de Todo,Vicente Fernández,https://open.spotify.com/track/6r8rc6IlfHouZoLhmBjRyK,34,40.0,3,0.44595915137851005
Estonia,2021-12-13,"Who Want Smoke?? (feat. G Herbo, Lil Durk & 21 Savage)",Nardo Wick,https://open.spotify.com/track/7ACW7VpgoKmfM1sKo15UhX,45,45.0,1,0.44588393252489794
Guatemala,2021-12-13,Cpr,cupcakKe,https://open.spotify.com/track/35mBYyB61qTcGGj7MXIRM1,36,42.333333333333336,6,0.4456013393542115
United Kingdom,2021-12-13,Habibi,"Ricky Rich, Dardan, Zuna",https://open.spotify.com/track/0PukrHFus6hVBHku8hrS0Z,23,32.285714285714285,7,0.4455533721458638
Paraguay,2021-12-13,Súbelo,"Anuel AA, Myke Towers, Jhay Cortez",https://open.spotify.com/track/3xv8JksRyqHa1lwkM9xvJf,41,44.8,5,0.445528356861577
Bulgaria,2021-12-13,La Espada,Eternal Raijin,https://open.spotify.com/track/6w969Gr8VhF02vaHs67oo9,20,26.8,5,0.44545152887754774
France,2021-12-13,La famille Madrigal,"Camille Timmerman, Dominique Quesnel, Encanto - Cast",https://open.spotify.com/track/6xqT3QC4Lo9ip19YcfWpaP,35,42.142857142857146,7,0.4454467623057475
Vietnam,2021-12-13,you right luxurious,MysticHits,https://open.spotify.com/track/1EiauuRAyOQr3FcReg7Olm,12,15.333333333333334,3,0.4452881680471501
Latvia,2021-12-13,Mazais bundzinieks,Ingus Ulmanis,https://open.spotify.com/track/2Kk7NS9xLxaTl2J3HFAuGA,49,49.0,1,0.4450746660705185
Latvia,2021-12-13,Fall in Love with You.,Montell Fish,https://open.spotify.com/track/31MQR9rOHRXyg4J01hRY1h,49,49.0,1,0.4450746660705185
Japan,2021-12-13,On the Low,Justin Park,https://open.spotify.com/track/4MIKclDDgZgzuaATP5yOjW,8,8.0,1,0.4450275494628677
New Zealand,2021-12-13,TOO LONG,King George,https://open.spotify.com/track/6YIvNjBwtWtG5DNbArJ3DB,26,30.428571428571427,7,0.4449942783079548
Bulgaria,2021-12-13,Misfit Toys (from the series Arcane League of Legends),"Pusha T, Mako",https://open.spotify.com/track/40giNwfX1pR3smltxvs3dB,29,32.666666666666664,3,0.4449324554751279
Switzerland,2021-12-13,Zeit für uns,Moritz Garth,https://open.spotify.com/track/4g99PRaojcYRs1rgLwZRs8,11,15.714285714285714,7,0.4449283892590078
Nicaragua,2021-12-13,No Me Sé Rajar,Vicente Fernández,https://open.spotify.com/track/7AwZAlZqOgYbmg9KoHFFi8,45,45.0,1,0.4447020914356936
Nicaragua,2021-12-13,Súbelo,"Anuel AA, Myke Towers, Jhay Cortez",https://open.spotify.com/track/3xv8JksRyqHa1lwkM9xvJf,45,45.0,1,0.4447020914356936
Taiwan,2021-12-13,Suddenly,BE'O,https://open.spotify.com/track/7gXMkqirKU23zgdlSAb00a,32,36.714285714285715,7,0.44465243581512787
Honduras,2021-12-13,After Dark,Mr.Kitty,https://open.spotify.com/track/0zCgWGmDF0aih5qexATyBn,21,30.666666666666668,3,0.4445768939360086
Lithuania,2021-12-13,lost souls (with Brent Faiyaz),Baby Keem,https://open.spotify.com/track/02rdXe0KhMe8p6ZHzYtuw0,40,44.25,4,0.4444485780280202
Thailand,2021-12-13,เอ๋ง,bamm,https://open.spotify.com/track/5kdl1UA46YbG03YD8R49Ub,35,38.285714285714285,7,0.4442461582887487
Spain,2021-12-13,No se habla de Bruno,"Carolina Gaitán - La Gaita, Mauro Castillo, Daniela Sierra, Juanse Diez, Isabel Garcés, Olga Lucía Vives, Encanto - Elenco",https://open.spotify.com/track/5QKk5N5xJQGsWMhPM80Kfv,6,7.571428571428571,7,0.4442065830595877
Ukraine,2021-12-13,Fahrradsattel,K3MP3R,https://open.spotify.com/track/2ictTGGqzNOZMaH7VYawxo,44,44.666666666666664,3,0.4441557206150565
Luxembourg,2021-12-13,Helikopter,Fazlija,https://open.spotify.com/track/3xGOOOPD2HjErQLyRFk5Wf,35,38.75,4,0.4441450427605594
Hungary,2021-12-13,God Must Hate Me,Catie Turner,https://open.spotify.com/track/21xzFXSL2XkZ2mIzDDAqTK,19,29.666666666666668,6,0.4440254756922413
Panama,2021-12-13,Macta Llega,"DJ Dever, La Toxi Costeña",https://open.spotify.com/track/6n7g87PKuRMXQFgUnM3ri1,41,44.0,2,0.44396971938437224
Turkey,2021-12-13,abcdefu (angrier),GAYLE,https://open.spotify.com/track/1EQFOouqdKYdpbNoOHRVO2,21,22.142857142857142,7,0.44390497819196917
Poland,2021-12-13,Own Brand Freestyle,"FelixThe1st, Dreya Mac, Finch Fetti",https://open.spotify.com/track/6Jzdxguk63s6CVVXHIrQ0x,20,20.857142857142858,7,0.4438032025315055
Latvia,2021-12-13,Привет,Kambulat,https://open.spotify.com/track/2INWHGzw5qTbdeLDARChfe,32,38.666666666666664,3,0.44372636532215165
Portugal,2021-12-13,What Could Have Been feat. Ray Chen (from the series Arcane League of Legends),Sting,https://open.spotify.com/track/4Oih3RDrSFg3afaOphBVuy,39,44.857142857142854,7,0.44363185615368983
Russia,2021-12-13,Джекпот,Поззи,https://open.spotify.com/track/5fiPzErpZkoW9xCvC3RDcp,28,38.4,5,0.44358135980258606
Nicaragua,2021-12-13,Nostálgico,"Rvssian, Rauw Alejandro, Chris Brown",https://open.spotify.com/track/2BEcap3xJtmiPaHKyfQi4e,35,40.0,3,0.44334432815689334
Latvia,2021-12-13,Dirty Little Animals (From the series Arcane League of Legends),BONES UK,https://open.spotify.com/track/2ZuDGsKSJpQdJmpknJ7ypF,41,43.0,2,0.44322067110831254
Egypt,2021-12-13,Lesatni Janbi,A5rass - الاخرس,https://open.spotify.com/track/2bzUNpvOeOKMZqPI6B3sns,50,50.0,1,0.443197103288958
Czech Republic,2021-12-13,Notion,The Rare Occasions,https://open.spotify.com/track/0sTlGEld0h8kIPZaKDYUf4,22,32.142857142857146,7,0.44319698621966785
Austria,2021-12-13,4:00A.M.,Taeko Onuki,https://open.spotify.com/track/0zoGVO4bQXG8U6ChKwNgeg,16,31.428571428571427,7,0.44284985731459503
Saudi Arabia,2021-12-13,What Could Have Been feat. Ray Chen (from the series Arcane League of Legends),Sting,https://open.spotify.com/track/4Oih3RDrSFg3afaOphBVuy,49,49.5,2,0.44247839170541287
Denmark,2021-12-13,Do It To It,"ACRAZE, Cherish",https://open.spotify.com/track/20on25jryn53hWghthWWW3,10,10.571428571428571,7,0.4422620466326798
Uruguay,2021-12-13,Nothing,Bruno Major,https://open.spotify.com/track/2IAR0DziHCjSu16gR4ihvy,23,35.0,4,0.44180195554264345
Malaysia,2021-12-13,热爱105°C的你,早稻叽,https://open.spotify.com/track/61fGNB6BX8I8rsfyYvKlFE,44,47.0,3,0.4415646502779422
Greece,2021-12-13,Goodbye (from the series Arcane League of Legends),Ramsey,https://open.spotify.com/track/5QWjrWckcPcSVqQNfbD4Bc,25,36.42857142857143,7,0.4415615282371608
Portugal,2021-12-13,lost souls (with Brent Faiyaz),Baby Keem,https://open.spotify.com/track/02rdXe0KhMe8p6ZHzYtuw0,41,44.0,7,0.4415484388248467
Philippines,2021-12-13,"Louder Than Words (from ""tick, tick... BOOM!"" Soundtrack from the Netflix Film)","Andrew Garfield, Vanessa Hudgens, Joshua Henry",https://open.spotify.com/track/6JNHdUEMA2X2LbubU5IUKR,22,24.142857142857142,7,0.44151021630945514
Taiwan,2021-12-13,禮物,"Shallow Levée, HUSH",https://open.spotify.com/track/2rb5kx5ByXglp3xUzhD1YU,19,26.142857142857142,7,0.4414191736834901
Ireland,2021-12-13,The Perfect Girl,Mareux,https://open.spotify.com/track/5RBOcBpJXaNnHCGViJmYhh,24,25.0,6,0.44141443874866515
Israel,2021-12-13,Snakes (from the series Arcane League of Legends),"MIYAVI, PVRIS",https://open.spotify.com/track/7LmyUD78mtwBDzgVV4P5F4,37,44.57142857142857,7,0.44129406275163985
El Salvador,2021-12-13,Mr. Trance,Esteman,https://open.spotify.com/track/3SLIDzhExrfsvH6sVosiwn,33,41.333333333333336,6,0.44119765025273516
Poland,2021-12-13,Somebody,Sara James,https://open.spotify.com/track/2aYPLZ0ZuCThRH8Lh5z3lJ,26,26.0,1,0.44119693277445177
Finland,2021-12-13,Goodbye (from the series Arcane League of Legends),Ramsey,https://open.spotify.com/track/5QWjrWckcPcSVqQNfbD4Bc,15,17.428571428571427,7,0.4408536347291799
Guatemala,2021-12-13,4:00A.M.,Taeko Onuki,https://open.spotify.com/track/0zoGVO4bQXG8U6ChKwNgeg,29,37.0,2,0.440410096945308
Canada,2021-12-13,LOST IN PARADISE,"ALI, AKLO",https://open.spotify.com/track/7kRKlFCFLAUwt43HWtauhX,16,19.571428571428573,7,0.4403503525052228
Hungary,2021-12-13,Legend,Tevvez,https://open.spotify.com/track/05EG9LwFCVjkoYEWzsrHHO,47,47.0,1,0.4403424216619947
Vietnam,2021-12-13,Guns for Hire (from the series Arcane League of Legends),Woodkid,https://open.spotify.com/track/2H3HPGuPyhcbg5AqoQ4BWr,37,42.833333333333336,6,0.44021017038489996
Latvia,2021-12-13,Two Birds,Regina Spektor,https://open.spotify.com/track/2n0U2OG5d6TuW5mKx7YrC0,50,50.0,1,0.4401294817112915
Norway,2021-12-13,Ludvig Daae,"Helene Olafsen, Norges Nye Megahit",https://open.spotify.com/track/5TyFg2tdUPtBVKm7ZRevGk,5,7.0,7,0.43990988417607
Mexico,2021-12-13,Mexa,"La Más Draga, Yari Mejía",https://open.spotify.com/track/3OsWEak92MyGSySsVIf01d,40,42.75,4,0.43990560772787224
Bulgaria,2021-12-13,What Could Have Been feat. Ray Chen (from the series Arcane League of Legends),Sting,https://open.spotify.com/track/4Oih3RDrSFg3afaOphBVuy,47,47.0,1,0.43983220696560926
Dominican Republic,2021-12-13,Chupable,"El Alfa, Chikybombom La Pantera, Ryan Castro",https://open.spotify.com/track/5e9Otk4mv4O0DOoKjjZcG1,40,43.5,4,0.4397766240761106
Nicaragua,2021-12-13,La Derrota,Vicente Fernández,https://open.spotify.com/track/5kYjvOHOQtPoeKLHbN35rU,46,46.0,1,0.43975776620578444
Japan,2021-12-13,Gifted.,BE:FIRST,https://open.spotify.com/track/65AmrrbvmkhGCYWk9xfXPW,17,20.142857142857142,7,0.43975644833364264
Nicaragua,2021-12-13,El Último Beso,Vicente Fernández,https://open.spotify.com/track/5sQiPI9krkeb9aAvl7tDyn,37,42.0,4,0.4397242307035337
South Korea,2021-12-13,Brand (Feat. Layone),BE'O,https://open.spotify.com/track/5of3YtjEvlZdehqSyoutLA,22,32.666666666666664,6,0.43962326288455017
Estonia,2021-12-13,Super Idol - Remix,Samstring,https://open.spotify.com/track/5t07RuwZAUBBnF2tWKwgmP,37,43.5,4,0.4393845892977148
Nicaragua,2021-12-13,Salve Virgen Bella,Cantores De Maria,https://open.spotify.com/track/7xZuGlXckyUSgbjLP0gDac,9,21.5,2,0.4393313296403122
Romania,2021-12-13,What Could Have Been feat. Ray Chen (from the series Arcane League of Legends),Sting,https://open.spotify.com/track/4Oih3RDrSFg3afaOphBVuy,43,46.0,6,0.4392217227304641
Belgium,2021-12-13,The Perfect Girl,Mareux,https://open.spotify.com/track/5RBOcBpJXaNnHCGViJmYhh,20,25.333333333333332,6,0.43907913403644033
Japan,2021-12-13,Fairytale of New York (feat. Kirsty MacColl),The Pogues,https://open.spotify.com/track/3VTNVsTTu05dmTsVFrmGpK,17,21.571428571428573,7,0.43904193387619694
Finland,2021-12-13,Cpr,cupcakKe,https://open.spotify.com/track/35mBYyB61qTcGGj7MXIRM1,23,25.0,7,0.43888607287903025
Germany,2021-12-13,Jungle - Radio Edit,Emma Louise,https://open.spotify.com/track/7CIcArZw3IdxTBWuXY484Q,21,21.0,1,0.4387335815311506
Brazil,2021-12-13,Pope Is a Rockstar,SALES,https://open.spotify.com/track/0So2sgVa8aJiARPl2P29u2,33,36.75,4,0.43872351440731655
Costa Rica,2021-12-13,Para Siempre,Vicente Fernández,https://open.spotify.com/track/0uyVgmoXDbwS1ubv8AurVZ,48,48.0,1,0.4385087730334305
Israel,2021-12-13,Nothing,Bruno Major,https://open.spotify.com/track/2IAR0DziHCjSu16gR4ihvy,25,34.714285714285715,7,0.43849747450992776
Ecuador,2021-12-13,Montañita,Carlos Cortez,https://open.spotify.com/track/7zNLlZBfZwecWBedWODD1l,50,50.0,1,0.43835173521880116
Israel,2021-12-13,Habibi,"Ricky Rich, Dardan, Zuna",https://open.spotify.com/track/0PukrHFus6hVBHku8hrS0Z,42,42.0,1,0.43834183809510724
Italy,2021-12-13,Parole Di Burro - Live,BALTIMORA,https://open.spotify.com/track/4pKDB8nzAnwjq1Ql0bpqW3,20,25.6,5,0.4381937235687769
Taiwan,2021-12-13,Super Gremlin,Kodak Black,https://open.spotify.com/track/4A8cWXxKfIL3lAyUDzXbCF,41,43.75,4,0.43814391001711567
Poland,2021-12-13,We Don't Talk About Bruno,"Carolina Gaitán - La Gaita, Mauro Castillo, Adassa, Rhenzy Feliz, Diane Guerrero, Stephanie Beatriz, Encanto - Cast",https://open.spotify.com/track/52xJxFP6TqMuO4Yt0eOkMz,23,24.0,3,0.4376004522299954
Thailand,2021-12-13,踊り子,Vaundy,https://open.spotify.com/track/4xk70Qur2QeRmWIzWPC63V,38,40.0,7,0.4375770373592338
Lithuania,2021-12-13,Shiko,"Gehlektek, TakaTuka",https://open.spotify.com/track/011dWhYZyNEITebRXv3ARB,38,39.333333333333336,3,0.4375209848183226
France,2021-12-13,Santorini,Gamma,https://open.spotify.com/track/5ptSW9WF79csurnHuKcGPP,14,18.142857142857142,7,0.43732348229172596
Chile,2021-12-13,Hasta la Raíz,Natalia Lafourcade,https://open.spotify.com/track/3lGMtkONrZdJ8kTCg6KIFf,39,43.4,5,0.43720648084426655
Honduras,2021-12-13,Que De Raro Tiene,Vicente Fernández,https://open.spotify.com/track/3gA2qpAbnuKLQV8Q9ZtIcf,43,45.666666666666664,3,0.4372062820754742
South Korea,2021-12-13,Manila,Young Cocoa,https://open.spotify.com/track/7IxZrtE0lrlqLrAYfEKI4n,22,30.0,7,0.437062012104253
South Korea,2021-12-13,Split,"88rising, NIKI",https://open.spotify.com/track/7AE1oyRpPGoSwDs8b9XBO0,22,33.333333333333336,6,0.43658130959020003
Taiwan,2021-12-13,Happier Than Ever,ASTN,https://open.spotify.com/track/7es56D0QedGMsK39wl2yFX,41,45.5,4,0.4365023733379733
Ireland,2021-12-13,No Wahala,1da Banton,https://open.spotify.com/track/4vHy2IHzf3EabEa7oMpUZB,36,40.42857142857143,7,0.4363891385517357
Netherlands,2021-12-13,We Don't Talk About Bruno,"Carolina Gaitán - La Gaita, Mauro Castillo, Adassa, Rhenzy Feliz, Diane Guerrero, Stephanie Beatriz, Encanto - Cast",https://open.spotify.com/track/52xJxFP6TqMuO4Yt0eOkMz,21,21.0,1,0.43634902560077393
Indonesia,2021-12-13,Feel Like God,17timx carti,https://open.spotify.com/track/5PEU7TD7cMdQMKdnELJZxG,39,39.0,1,0.4362598067789666
Malaysia,2021-12-13,We Don't Talk About Bruno,"Carolina Gaitán - La Gaita, Mauro Castillo, Adassa, Rhenzy Feliz, Diane Guerrero, Stephanie Beatriz, Encanto - Cast",https://open.spotify.com/track/52xJxFP6TqMuO4Yt0eOkMz,40,41.0,2,0.43619612278071324
France,2021-12-13,Chandelier,Will Paquin,https://open.spotify.com/track/3REELyDyt5SPKX2387Zubv,28,30.857142857142858,7,0.43618293952819615
Dominican Republic,2021-12-13,Amapolas - Remix,"Leo Rizzi, Danny Ocean",https://open.spotify.com/track/44QxiGlmeSpF8boud04Rkc,40,43.0,2,0.4361310400180766
Estonia,2021-12-13,Dynasties & Dystopia (from the series Arcane League of Legends),"Denzel Curry, Gizzle, Bren Joy",https://open.spotify.com/track/5EIkdrmuu2xkoQWOWjoeFY,47,47.0,1,0.43600156937418594
Estonia,2021-12-13,Super Gremlin,Kodak Black,https://open.spotify.com/track/4A8cWXxKfIL3lAyUDzXbCF,47,47.0,1,0.43600156937418594
Guatemala,2021-12-13,Mr. Trance,Esteman,https://open.spotify.com/track/3SLIDzhExrfsvH6sVosiwn,28,32.5,4,0.4358918005475067
Finland,2021-12-13,Super Idol - Remix,Samstring,https://open.spotify.com/track/5t07RuwZAUBBnF2tWKwgmP,8,8.0,1,0.435887248403442
Luxembourg,2021-12-13,The Motto,"Tiësto, Ava Max",https://open.spotify.com/track/18asYwWugKjjsihZ0YvRxO,34,39.166666666666664,6,0.4358073957202898
Sweden,2021-12-13,Do It Better,Jacqline Moss,https://open.spotify.com/track/3zLLcMuGwJ7mbnlOSq8GlA,20,21.8,5,0.43574882524048536
Belgium,2021-12-13,À qui la faute,Leila AD,https://open.spotify.com/track/6i0KLQD7zlFLyS5zxOHAB0,35,41.4,5,0.43555922919088996
Egypt,2021-12-13,Mraite,"Moustafa Max, Xoureldin",https://open.spotify.com/track/7mEO8E9koxx19CywaN0pwi,47,49.0,5,0.4354753767054112
Canada,2021-12-13,Habang Buhay,Zack Tabudlo,https://open.spotify.com/track/63bmIgH9sS6sX5Sc7MetGq,32,36.75,4,0.43546194470508603
Romania,2021-12-13,În Golul Tău,The Motans,https://open.spotify.com/track/6tFNkYTbhlq1QEzcqOnBiu,33,40.833333333333336,6,0.43542712726720384
Colombia,2021-12-13,Estos Celos,Vicente Fernández,https://open.spotify.com/track/6u6kH7V7Tx5xDJtF82vVw0,36,42.0,4,0.43526515055266257
Chile,2021-12-13,Dynasties & Dystopia (from the series Arcane League of Legends),"Denzel Curry, Gizzle, Bren Joy",https://open.spotify.com/track/5EIkdrmuu2xkoQWOWjoeFY,20,23.571428571428573,7,0.4350915527839689
Honduras,2021-12-13,Enemy - From the series Arcane League of Legends,Imagine Dragons,https://open.spotify.com/track/5UlnuulVAVmmesw4VzqHdG,35,44.25,4,0.435013326338843
Nicaragua,2021-12-13,Por Tu Maldito Amor,Vicente Fernández,https://open.spotify.com/track/3KZI2xeiIRJd8fm84ClxH5,38,42.75,4,0.4349166659786108
United Kingdom,2021-12-13,Own Brand Freestyle,"FelixThe1st, Dreya Mac, Finch Fetti",https://open.spotify.com/track/6Jzdxguk63s6CVVXHIrQ0x,12,16.571428571428573,7,0.43487961437016687
Philippines,2021-12-13,Notion,The Rare Occasions,https://open.spotify.com/track/0sTlGEld0h8kIPZaKDYUf4,37,39.0,7,0.43486300406753986
Philippines,2021-12-13,"MERRY-GO-ROUND (Feat. Zion.T, Wonstein) (Prod. Slom)",sokodomo,https://open.spotify.com/track/2eLe81VDUQ5f0xFfc9cMWz,25,26.0,7,0.4347787465080911
France,2021-12-13,Mon Amour - Remix,"zzoilo, Aitana",https://open.spotify.com/track/5TMLavqGRKNxgzMBrVpC9R,39,41.142857142857146,7,0.43456023233770413
Hungary,2021-12-13,Already Dead,Juice WRLD,https://open.spotify.com/track/2quVkyLSVr5wX2QIhnexUt,42,43.25,4,0.43455788809371043
Turkey,2021-12-13,Toxic,BoyWithUke,https://open.spotify.com/track/2gQPv5jvVPqU2a9HhMNO1v,35,36.57142857142857,7,0.43440139649386184
Guatemala,2021-12-13,Para Siempre,Vicente Fernández,https://open.spotify.com/track/0uyVgmoXDbwS1ubv8AurVZ,36,41.333333333333336,3,0.43438217583051714
Sweden,2021-12-13,Lova ingenting,Melissa Horn,https://open.spotify.com/track/5AhYO6smgzU6ZXUwfg5QHB,28,30.857142857142858,7,0.4340585441834263
Sweden,2021-12-13,Stop The Cavalry,Jona Lewie,https://open.spotify.com/track/2bPQuniBB9x0fRtxDly0kr,40,41.857142857142854,7,0.43400394197826075
Czech Republic,2021-12-13,Enemy (with JID) - from the series Arcane League of Legends,Imagine Dragons,https://open.spotify.com/track/1r9xUipOqoNwggBpENDsvJ,23,26.714285714285715,7,0.4339730912497743
Malaysia,2021-12-13,Dynasties & Dystopia (from the series Arcane League of Legends),"Denzel Curry, Gizzle, Bren Joy",https://open.spotify.com/track/5EIkdrmuu2xkoQWOWjoeFY,49,49.0,3,0.43383203418168875
Uruguay,2021-12-13,Por Si Acaso,Chiara Scanzerra,https://open.spotify.com/track/29kZOnhPayYFbsUffWjEPG,37,40.8,5,0.4338124120779665
Hong Kong,2021-12-13,hair tie,ØZI,https://open.spotify.com/track/2bLGJ6yOPN4fAKQkLrJYxp,45,45.0,1,0.43352442594007123
Indonesia,2021-12-13,GOT MY NUMBER,Monsta X,https://open.spotify.com/track/2QI91Tq1F2Tl0slIaSegs1,11,16.0,7,0.43325829202069593
Czech Republic,2021-12-13,Buss The Red,"P Money, Whiney",https://open.spotify.com/track/67X5z4XFBbRxjbfbIGP3Ii,37,41.0,3,0.4332272383018121
Denmark,2021-12-13,Fairytale of New York (feat. Kirsty MacColl),The Pogues,https://open.spotify.com/track/3VTNVsTTu05dmTsVFrmGpK,13,17.142857142857142,7,0.4331762589088067
Taiwan,2021-12-13,Real World,L8ching,https://open.spotify.com/track/230yOdZnpGaoeOtE6JEXoy,42,45.25,4,0.43296635183067816
Mexico,2021-12-13,all I want is you,"Rebzyyx, hoshie star",https://open.spotify.com/track/7lOvJBqH38ZY59eLU7bioq,32,35.75,4,0.43289812393202204
South Korea,2021-12-13,Enemy (with JID) - from the series Arcane League of Legends,Imagine Dragons,https://open.spotify.com/track/1r9xUipOqoNwggBpENDsvJ,11,16.714285714285715,7,0.4326931047784371
Germany,2021-12-13,Alien Blues,Vundabar,https://open.spotify.com/track/6UjeFOCGYgMpBUtqKg1Je3,15,18.428571428571427,7,0.4325561726115534
Portugal,2021-12-13,Ela vai de frente ela vai de costas,DJ LK Simões,https://open.spotify.com/track/2tKd21Yz49ZbBQcwPAnH3R,47,47.0,1,0.43252321909137037
Egypt,2021-12-13,مسيطره,Lamis Kan,https://open.spotify.com/track/4hFNqLwpBM1WoaxrgEForT,34,40.57142857142857,7,0.4324902816908002
Taiwan,2021-12-13,Wake Up (Prod. CODE KUNST),"Gaeko, Ourealgoat, SINCE, Ahn byeong woong, Tabber, Gwangil Jo",https://open.spotify.com/track/3ijq6sRH7PgRabMb83VvQO,42,46.25,4,0.43246792675042645
Israel,2021-12-13,Blame,Gabriels,https://open.spotify.com/track/27dM3Oji0ytPXDYGVwDoJj,26,38.57142857142857,7,0.4321440925960885
Switzerland,2021-12-13,Own Brand Freestyle,"FelixThe1st, Dreya Mac, Finch Fetti",https://open.spotify.com/track/6Jzdxguk63s6CVVXHIrQ0x,14,15.428571428571429,7,0.4317665117182708
Argentina,2021-12-13,Ayer y Hoy,Julio Jaramillo,https://open.spotify.com/track/58J23cD4zeeidroDepVhX7,30,34.857142857142854,7,0.43171213087369265
France,2021-12-13,MIDDLE OF THE NIGHT,Elley Duhé,https://open.spotify.com/track/58HvfVOeJY7lUuCqF0m3ly,15,20.714285714285715,7,0.4316143816131961
Philippines,2021-12-13,Don't Be Afraid,"Anji, KD Estrada",https://open.spotify.com/track/0mFRZimMCK4qBpEVhMcWqP,26,41.142857142857146,7,0.43142347881391035
Paraguay,2021-12-13,Face Off,"Tech N9ne, Joey Cool, King Iso, Dwayne Johnson",https://open.spotify.com/track/6M47gaKejso9772SKTa3yH,41,45.0,6,0.4313825479386378
Indonesia,2021-12-13,On the Low,Justin Park,https://open.spotify.com/track/4MIKclDDgZgzuaATP5yOjW,36,39.666666666666664,3,0.43134379684861063
Philippines,2021-12-13,Give Me Your Forever,Zack Tabudlo,https://open.spotify.com/track/4mzP5mHkRvGxdhdGdAH7EJ,44,47.0,5,0.431218603724575
Ecuador,2021-12-13,Chandelier,Will Paquin,https://open.spotify.com/track/3REELyDyt5SPKX2387Zubv,38,44.4,5,0.43121266312783635
Saudi Arabia,2021-12-13,Yours,JIN,https://open.spotify.com/track/10IfXtjKQmOiON7tNAHv0y,45,48.2,5,0.43115467573542504
Thailand,2021-12-13,On the Low,Justin Park,https://open.spotify.com/track/4MIKclDDgZgzuaATP5yOjW,47,48.0,2,0.43109071821287104
Estonia,2021-12-13,Чувствую тебя,"Kashin, Lima Osta",https://open.spotify.com/track/1XComwMGUlI7M2PRzSiSsC,48,48.0,1,0.43107888354599283
Austria,2021-12-13,On My Own,Darci,https://open.spotify.com/track/0F4FejjWi3bf5vGOkuQwPS,32,36.333333333333336,6,0.4310458881958689
Ukraine,2021-12-13,NEAR2DIE,EL$E,https://open.spotify.com/track/3BVXk0rqinhJaH2ZG4C4SG,34,39.5,4,0.43099976731795264
Argentina,2021-12-13,Dynasties & Dystopia (from the series Arcane League of Legends),"Denzel Curry, Gizzle, Bren Joy",https://open.spotify.com/track/5EIkdrmuu2xkoQWOWjoeFY,38,42.285714285714285,7,0.4309591998959923
Taiwan,2021-12-13,OUTTHEMUD,"SiNNER MOON, Cactus Johnson, VEWS, RebyTaji",https://open.spotify.com/track/32QuAX7xTblxtpmtldoBlC,41,45.666666666666664,3,0.4309444161450185
Panama,2021-12-13,Life Goes On,BTS,https://open.spotify.com/track/5FVbvttjEvQ8r2BgUcJgNg,44,46.0,2,0.43074614643577636
El Salvador,2021-12-13,Yours,JIN,https://open.spotify.com/track/10IfXtjKQmOiON7tNAHv0y,38,45.333333333333336,3,0.4305987633981996
Taiwan,2021-12-13,地球逃离计划,江迟同学,https://open.spotify.com/track/4DYvIHMighvvjwZ6gMJWOZ,43,44.5,2,0.4305346104780536
Peru,2021-12-13,Una Cunumi - Remix,"Qmayb, J.Gonzo, Faraón Love Shady, Xvideo Token",https://open.spotify.com/track/07sQOuFnAKkgT81abNu1m9,35,38.42857142857143,7,0.43051246244989627
Hungary,2021-12-13,Shiko,"Gehlektek, TakaTuka",https://open.spotify.com/track/011dWhYZyNEITebRXv3ARB,49,49.0,1,0.43048746070970206
Hungary,2021-12-13,Chandelier,Will Paquin,https://open.spotify.com/track/3REELyDyt5SPKX2387Zubv,34,39.714285714285715,7,0.4302750899445244
United Kingdom,2021-12-13,Therapy,"Andrew Garfield, Vanessa Hudgens",https://open.spotify.com/track/1iFgG6BeEPTbXsAok6zYxR,25,30.142857142857142,7,0.43025727777524175
Slovakia,2021-12-13,right here,"Lil Peep, Horse Head",https://open.spotify.com/track/5OFf5pzpIcdstWwAhv5YXE,41,43.666666666666664,3,0.43022648671462965
India,2021-12-13,Snehithane X In My Bed - Remix,"Shubham Rangra, Subhash Chand, Desi Beats",https://open.spotify.com/track/3I7YtXy7gueqvdjCFL5WAf,11,12.714285714285714,7,0.4299301174802004
Colombia,2021-12-13,Pope Is a Rockstar,SALES,https://open.spotify.com/track/0So2sgVa8aJiARPl2P29u2,29,38.666666666666664,3,0.429874561375404
Russia,2021-12-13,Sahara,Hensonn,https://open.spotify.com/track/6nqdgUTiWt4JbABDurkxMI,24,26.0,7,0.4297798656480064
Philippines,2021-12-13,Enemy (with JID) - from the series Arcane League of Legends,Imagine Dragons,https://open.spotify.com/track/1r9xUipOqoNwggBpENDsvJ,26,27.428571428571427,7,0.42964608833050505
Guatemala,2021-12-13,Enemy - From the series Arcane League of Legends,Imagine Dragons,https://open.spotify.com/track/5UlnuulVAVmmesw4VzqHdG,41,44.0,5,0.4296233747469944
Peru,2021-12-13,Monastery,"Ryan Castro, Feid",https://open.spotify.com/track/1JpzJfxjHGFUyTHXLZidok,50,50.0,1,0.4295872348273985
Israel,2021-12-13,"30/90 (from ""tick, tick... BOOM!"" Soundtrack from the Netflix Film)","Andrew Garfield, Joshua Henry, Vanessa Hudgens, Robin de Jesus, Alexandra Shipp, MJ Rodriguez",https://open.spotify.com/track/55MIRLbZzpYSmMlRt9ZDWM,35,41.0,2,0.42957851966341304
Switzerland,2021-12-13,Just A Little While,The 502s,https://open.spotify.com/track/3CL0eXel8usNNSCQ6OT7KJ,20,20.0,1,0.42946065515634974
Guatemala,2021-12-13,I Love You So,The Walters,https://open.spotify.com/track/4SqWKzw0CbA05TGszDgMlc,46,48.0,2,0.42936763785927856
Estonia,2021-12-13,HMU,Tobias Dray,https://open.spotify.com/track/60U1w8wJMlPvXRdPaLAYqi,20,24.714285714285715,7,0.4293610472893097
Singapore,2021-12-13,哪里都是你 - 女版,四夕雨日斤,https://open.spotify.com/track/2RiK6I4aD27vexytv9ntff,46,46.0,1,0.4293458674386055
United Arab Emirates,2021-12-13,Two Birds,Regina Spektor,https://open.spotify.com/track/2n0U2OG5d6TuW5mKx7YrC0,23,34.333333333333336,6,0.4293307518139447
Nicaragua,2021-12-13,Nothing,Bruno Major,https://open.spotify.com/track/2IAR0DziHCjSu16gR4ihvy,20,35.285714285714285,7,0.42926162046936267
Sweden,2021-12-13,Picture,Birkir Blær,https://open.spotify.com/track/5HIvZmYnm3DXM6WhDsV2Oh,31,34.6,5,0.4291137209155948
Iceland,2021-12-13,Toxic,BoyWithUke,https://open.spotify.com/track/2gQPv5jvVPqU2a9HhMNO1v,37,38.5,2,0.42904623872602343
Egypt,2021-12-13,Snakes (from the series Arcane League of Legends),"MIYAVI, PVRIS",https://open.spotify.com/track/7LmyUD78mtwBDzgVV4P5F4,42,45.6,5,0.4290351560812888
Costa Rica,2021-12-13,lost souls (with Brent Faiyaz),Baby Keem,https://open.spotify.com/track/02rdXe0KhMe8p6ZHzYtuw0,50,50.0,1,0.42866341736154934
Costa Rica,2021-12-13,Súbelo,"Anuel AA, Myke Towers, Jhay Cortez",https://open.spotify.com/track/3xv8JksRyqHa1lwkM9xvJf,50,50.0,1,0.42866341736154934
Chile,2021-12-13,Me Prefieres,"Barbero Loco, Marcianekee, Mathias Mch",https://open.spotify.com/track/03kWzuRTdB70XXqtoxQY7C,24,28.857142857142858,7,0.4285953378414876
Bulgaria,2021-12-13,The Perfect Girl,Mareux,https://open.spotify.com/track/6J4XizhuOlKmPWykPrHIrV,30,30.0,1,0.42853995952994806
Mexico,2021-12-13,Toxic,BoyWithUke,https://open.spotify.com/track/2gQPv5jvVPqU2a9HhMNO1v,24,26.857142857142858,7,0.42840712503610245
Denmark,2021-12-13,TO THE MOON,Jnr Choi,https://open.spotify.com/track/0hYFc3HSZHDaDzquLVRwBH,10,11.0,2,0.42832191924304486
Australia,2021-12-13,The Family Madrigal,"Stephanie Beatriz, Olga Merediz, Encanto - Cast",https://open.spotify.com/track/4b1yxSdlumA8N4fEk4UOZp,38,41.333333333333336,6,0.4282753069862091
Austria,2021-12-13,The Perfect Girl,Mareux,https://open.spotify.com/track/5RBOcBpJXaNnHCGViJmYhh,40,44.5,2,0.428253313129662
Estonia,2021-12-13,SAD GIRLZ LUV MONEY Remix (feat. Kali Uchis and Moliy),Amaarae,https://open.spotify.com/track/09gysnJpfQ3ublBmJDfcEC,20,39.714285714285715,7,0.4282311255022913
Costa Rica,2021-12-13,Nothing,Bruno Major,https://open.spotify.com/track/2IAR0DziHCjSu16gR4ihvy,22,37.142857142857146,7,0.42809067829219505
Lithuania,2021-12-13,Flowers (Say My Name),ArrDee,https://open.spotify.com/track/2BzAGK3lEZAQz5cU0Ae1wd,40,40.666666666666664,3,0.4280122784744643
Australia,2021-12-13,Intimidated (feat. H.E.R.),KAYTRANADA,https://open.spotify.com/track/1jBKtzlwTVtCrScpiiHiKT,23,24.714285714285715,7,0.42795030419065155
Morocco,2021-12-13,Balak,Flenn,https://open.spotify.com/track/0WQqJD52PqOmSVtEYiX4NC,44,46.4,5,0.42784536639504
Iceland,2021-12-13,Bad Man (Smooth Criminal),Polo G,https://open.spotify.com/track/62l3NSQPUxvcwwzKUmysrE,29,38.666666666666664,3,0.4276255450043599
Portugal,2021-12-13,Infinity,Jaymes Young,https://open.spotify.com/track/1SOClUWhOi8vHZYMz3GluK,48,48.0,1,0.4276100302737635
Paraguay,2021-12-13,4:00A.M.,Taeko Onuki,https://open.spotify.com/track/0zoGVO4bQXG8U6ChKwNgeg,41,45.666666666666664,3,0.42760178616861355
Russia,2021-12-13,Кожура,ZAPOMNI,https://open.spotify.com/track/1OeGvzNcGC2s6F41lmCdjA,14,29.666666666666668,3,0.4275488650811341
Indonesia,2021-12-13,Buih Jadi Permadani,Ratih Siauche,https://open.spotify.com/track/5tiZCrqMp92tzGDDnRNjIg,30,33.333333333333336,3,0.4274370984484681
Czech Republic,2021-12-13,IN THE CLUB,Mishashi Sensei,https://open.spotify.com/track/7vX0rvoGneCCOJ2QPruNNZ,27,34.42857142857143,7,0.4274062783379478
India,2021-12-13,Die For You,"VALORANT, Grabbitz",https://open.spotify.com/track/2lz3zjQ5QCVXiyOzIk02vW,4,5.285714285714286,7,0.42740290301157796
Bolivia,2021-12-13,Ayer y Hoy,Julio Jaramillo,https://open.spotify.com/track/58J23cD4zeeidroDepVhX7,47,47.5,2,0.4274016445599131
Portugal,2021-12-13,Pegada de Malvado,"Mc Danone, Mc Frog",https://open.spotify.com/track/2Ho2vEEJAZOAnpxl9GsFYR,33,38.714285714285715,7,0.4273980137295313
Mexico,2021-12-13,"Gone, Gone, Gone",Phillip Phillips,https://open.spotify.com/track/2qHiyBpxyOXnRGG3t2iE96,42,42.0,1,0.4273959561209683
Philippines,2021-12-13,Pagsamo,Arthur Nery,https://open.spotify.com/track/34YfLWuoxLEcvJQNxdI9P2,28,29.285714285714285,7,0.427361231912393
Japan,2021-12-13,Toxic,BoyWithUke,https://open.spotify.com/track/2gQPv5jvVPqU2a9HhMNO1v,18,21.142857142857142,7,0.4273514421818943
Poland,2021-12-13,Notion,The Rare Occasions,https://open.spotify.com/track/0sTlGEld0h8kIPZaKDYUf4,26,30.714285714285715,7,0.42729320066451454
Israel,2021-12-13,SAD GIRLZ LUV MONEY Remix (feat. Kali Uchis and Moliy),Amaarae,https://open.spotify.com/track/09gysnJpfQ3ublBmJDfcEC,16,32.42857142857143,7,0.42728571861178277
Argentina,2021-12-13,Alien Blues,Vundabar,https://open.spotify.com/track/6UjeFOCGYgMpBUtqKg1Je3,31,35.285714285714285,7,0.42708510020119445
Hungary,2021-12-13,Notion,The Rare Occasions,https://open.spotify.com/track/0sTlGEld0h8kIPZaKDYUf4,35,46.0,6,0.4266117736169905
Indonesia,2021-12-13,I Love You So,The Walters,https://open.spotify.com/track/4SqWKzw0CbA05TGszDgMlc,23,27.571428571428573,7,0.4265855276886098
Honduras,2021-12-13,Face Off,"Tech N9ne, Joey Cool, King Iso, Dwayne Johnson",https://open.spotify.com/track/6M47gaKejso9772SKTa3yH,40,41.5,2,0.42652454105208504
Paraguay,2021-12-13,Virgencita de ca'acupe,Perla,https://open.spotify.com/track/2RvJ2JlSzgA7A6k5uARAMS,39,39.0,1,0.42650621602873323
Ukraine,2021-12-13,Впереди,Дайте танк (!),https://open.spotify.com/track/0oVrrUH4TpGhB9vjD6t0gU,47,48.0,2,0.4263167680415294
Mexico,2021-12-13,Two Birds,Regina Spektor,https://open.spotify.com/track/2n0U2OG5d6TuW5mKx7YrC0,38,44.166666666666664,6,0.425950958363031
Chile,2021-12-13,Pope Is a Rockstar,SALES,https://open.spotify.com/track/0So2sgVa8aJiARPl2P29u2,32,37.25,4,0.425869786950377
Vietnam,2021-12-13,Snakes (from the series Arcane League of Legends),"MIYAVI, PVRIS",https://open.spotify.com/track/7LmyUD78mtwBDzgVV4P5F4,37,40.5,4,0.42582495381628355
Singapore,2021-12-13,Chandelier,Will Paquin,https://open.spotify.com/track/3REELyDyt5SPKX2387Zubv,18,24.285714285714285,7,0.42571757632264895
Portugal,2021-12-13,The Perfect Girl,Mareux,https://open.spotify.com/track/5RBOcBpJXaNnHCGViJmYhh,36,42.75,4,0.42534768419161983
Nicaragua,2021-12-13,Y Si Se Quiere Ir,"Luis Angel ""El Flaco""",https://open.spotify.com/track/6b68vfUlXy2i2dO79z3h5W,32,35.333333333333336,3,0.42531966577564784
Estonia,2021-12-13,Notion,The Rare Occasions,https://open.spotify.com/track/0sTlGEld0h8kIPZaKDYUf4,10,20.5,6,0.42524561157668295
Romania,2021-12-13,Two Birds,Regina Spektor,https://open.spotify.com/track/2n0U2OG5d6TuW5mKx7YrC0,36,40.333333333333336,6,0.4251255853770339
Bulgaria,2021-12-13,Pretty,"Coco & Clair Clair, Okthxbb",https://open.spotify.com/track/3L545updZMVxAsaYV6K8Z9,50,50.0,1,0.42507395282798205
Indonesia,2021-12-13,An Art Gallery Could Never Be As Unique As You,mrld,https://open.spotify.com/track/1Ry0l6trESL8T4ddsRaYLE,37,41.142857142857146,7,0.4250264418147739
India,2021-12-13,High School,"Nicki Minaj, Lil Wayne",https://open.spotify.com/track/6bzwoiUt0s1KDOedyy4OtQ,27,28.0,7,0.42502483243872274
Switzerland,2021-12-13,Stop The Cavalry,Jona Lewie,https://open.spotify.com/track/2bPQuniBB9x0fRtxDly0kr,30,36.857142857142854,7,0.42493735367566127
Germany,2021-12-13,superswag pt. 1,"ilyproxy, leander, Hadesthegrim, eversonder",https://open.spotify.com/track/08556SGxHuwQGdFKjCblO6,6,9.428571428571429,7,0.42470986301648667
Malaysia,2021-12-13,All Too Well (10 Minute Version) (Taylor's Version) (From The Vault),Taylor Swift,https://open.spotify.com/track/5enxwA8aAbwZbf5qCHORXi,25,31.285714285714285,7,0.4246514974119089
Dominican Republic,2021-12-13,Chandelier,Will Paquin,https://open.spotify.com/track/3REELyDyt5SPKX2387Zubv,43,47.25,4,0.4246467114431401
Israel,2021-12-13,The Perfect Girl,Mareux,https://open.spotify.com/track/5RBOcBpJXaNnHCGViJmYhh,36,39.0,4,0.42455435520645285
Hong Kong,2021-12-13,Die For You,"VALORANT, Grabbitz",https://open.spotify.com/track/2lz3zjQ5QCVXiyOzIk02vW,41,43.166666666666664,6,0.42451605812342186
Luxembourg,2021-12-13,Own Brand Freestyle,"FelixThe1st, Dreya Mac, Finch Fetti",https://open.spotify.com/track/6Jzdxguk63s6CVVXHIrQ0x,22,27.571428571428573,7,0.42450415334958425
Guatemala,2021-12-13,Sou Favela,"MC Bruninho, Vitinho Ferrari, Dj DG, Batidão Stronda",https://open.spotify.com/track/4lEVoOnIybtRqi4knZwdPZ,30,38.0,4,0.4243237293377613
Portugal,2021-12-13,Notion,The Rare Occasions,https://open.spotify.com/track/0sTlGEld0h8kIPZaKDYUf4,20,26.428571428571427,7,0.4239146703001672
Switzerland,2021-12-13,À qui la faute,Leila AD,https://open.spotify.com/track/6i0KLQD7zlFLyS5zxOHAB0,29,32.857142857142854,7,0.4238787714610533
Japan,2021-12-13,踊り子,Vaundy,https://open.spotify.com/track/4xk70Qur2QeRmWIzWPC63V,7,8.428571428571429,7,0.42385279384971924
Italy,2021-12-13,4:00A.M.,Taeko Onuki,https://open.spotify.com/track/0zoGVO4bQXG8U6ChKwNgeg,21,29.285714285714285,7,0.42376487375241495
Nicaragua,2021-12-13,"No Tengo Hambre, Tengo Ansiedad",Alan Sutton y las criaturitas de la ansiedad,https://open.spotify.com/track/0kqWb82ACdjcObDqDqD0zg,41,42.0,2,0.4236616821396983
United Kingdom,2021-12-13,Notion,The Rare Occasions,https://open.spotify.com/track/0sTlGEld0h8kIPZaKDYUf4,26,35.0,7,0.42343735553499656
El Salvador,2021-12-13,I Love You So,The Walters,https://open.spotify.com/track/4SqWKzw0CbA05TGszDgMlc,24,36.333333333333336,6,0.42334245374511315
South Korea,2021-12-13,Dynasties & Dystopia (from the series Arcane League of Legends),"Denzel Curry, Gizzle, Bren Joy",https://open.spotify.com/track/5EIkdrmuu2xkoQWOWjoeFY,23,34.666666666666664,6,0.42329562063793674
United Arab Emirates,2021-12-13,The Perfect Girl,Mareux,https://open.spotify.com/track/6J4XizhuOlKmPWykPrHIrV,32,32.0,1,0.42322710844816713
Vietnam,2021-12-13,You Right Luxurious,MysticHits,https://open.spotify.com/track/7xhXQdGtJHVo43caBC4xcF,18,18.666666666666668,3,0.42308424686255475
Hong Kong,2021-12-13,月亮代表我的心 (《華燈初上》主題曲),Ashin Chen,https://open.spotify.com/track/0Q02NWqQL5m4m8jkp3zsSy,31,35.285714285714285,7,0.4227876276066967
Malaysia,2021-12-13,Two Birds,Regina Spektor,https://open.spotify.com/track/2n0U2OG5d6TuW5mKx7YrC0,39,45.0,5,0.4224747705012286
Egypt,2021-12-13,Face Off,"Tech N9ne, Joey Cool, King Iso, Dwayne Johnson",https://open.spotify.com/track/6M47gaKejso9772SKTa3yH,46,46.5,2,0.42242144346097266
Bolivia,2021-12-13,All Too Well (10 Minute Version) (Taylor's Version) (From The Vault),Taylor Swift,https://open.spotify.com/track/5enxwA8aAbwZbf5qCHORXi,33,38.666666666666664,3,0.4223445434668657
Bulgaria,2021-12-13,Chandelier,Will Paquin,https://open.spotify.com/track/3REELyDyt5SPKX2387Zubv,40,41.333333333333336,3,0.42217962466220943
Peru,2021-12-13,SAD GIRLZ LUV MONEY Remix (feat. Kali Uchis and Moliy),Amaarae,https://open.spotify.com/track/09gysnJpfQ3ublBmJDfcEC,22,36.142857142857146,7,0.4220621526512532
Iceland,2021-12-13,By Your Side,Rod Wave,https://open.spotify.com/track/2AaJeBEq3WLcfFW1y8svDf,44,45.0,3,0.42198284093105853
Russia,2021-12-13,Own Brand Freestyle,"FelixThe1st, Dreya Mac, Finch Fetti",https://open.spotify.com/track/6Jzdxguk63s6CVVXHIrQ0x,13,17.428571428571427,7,0.42196185387352403
Netherlands,2021-12-13,MIDDLE OF THE NIGHT,Elley Duhé,https://open.spotify.com/track/58HvfVOeJY7lUuCqF0m3ly,9,13.714285714285714,7,0.4219036000037804
Hong Kong,2021-12-13,All Too Well (10 Minute Version) (Taylor's Version) (From The Vault),Taylor Swift,https://open.spotify.com/track/5enxwA8aAbwZbf5qCHORXi,20,27.857142857142858,7,0.4218541443671671
Sweden,2021-12-13,Helikopter,Fazlija,https://open.spotify.com/track/3xGOOOPD2HjErQLyRFk5Wf,6,9.142857142857142,7,0.421808379661884
Russia,2021-12-13,Lucky,Lucky Twice,https://open.spotify.com/track/2UFzyfLgNGY0PLXfkszWlf,16,21.142857142857142,7,0.4218043355426767
Chile,2021-12-13,Enemy (with JID) - from the series Arcane League of Legends,Imagine Dragons,https://open.spotify.com/track/1r9xUipOqoNwggBpENDsvJ,15,18.142857142857142,7,0.42161618182010585
Thailand,2021-12-13,"MERRY-GO-ROUND (Feat. Zion.T, Wonstein) (Prod. Slom)",sokodomo,https://open.spotify.com/track/2eLe81VDUQ5f0xFfc9cMWz,18,23.285714285714285,7,0.4214665221607607
Philippines,2021-12-13,RING X RING,Billlie,https://open.spotify.com/track/4hfF0FOFcaiOtwY3NP5hnv,17,19.285714285714285,7,0.4213889230970398
Estonia,2021-12-13,MARCELINE,Lil God Dan,https://open.spotify.com/track/17zEBtrjKKa2hwk9CxWIkX,50,50.0,1,0.42127518508663775
India,2021-12-13,Makeup Wala Mukhda,"Dev Pagli, Jigar Thakor",https://open.spotify.com/track/7E2NmKV7Rcv6uyFVe3F9k0,14,16.285714285714285,7,0.4212636917395514
Ukraine,2021-12-13,The Perfect Girl,Mareux,https://open.spotify.com/track/6J4XizhuOlKmPWykPrHIrV,35,35.0,1,0.4212373967329757
Chile,2021-12-13,Bar,"TINI, L-Gante",https://open.spotify.com/track/0lJE8f0lx8mUSfMyxeYpiC,36,41.857142857142854,7,0.4212335901220152
Netherlands,2021-12-13,Do It To It,"ACRAZE, Cherish",https://open.spotify.com/track/20on25jryn53hWghthWWW3,17,19.0,7,0.4210880425086438
Ecuador,2021-12-13,SAD GIRLZ LUV MONEY Remix (feat. Kali Uchis and Moliy),Amaarae,https://open.spotify.com/track/09gysnJpfQ3ublBmJDfcEC,26,39.333333333333336,6,0.4210371947937011
Belgium,2021-12-13,Own Brand Freestyle,"FelixThe1st, Dreya Mac, Finch Fetti",https://open.spotify.com/track/6Jzdxguk63s6CVVXHIrQ0x,22,36.142857142857146,7,0.42099367954225403
Vietnam,2021-12-13,Pretty,"Coco & Clair Clair, Okthxbb",https://open.spotify.com/track/3L545updZMVxAsaYV6K8Z9,43,45.166666666666664,6,0.4207620793543474
Australia,2021-12-13,Happier Than Ever,ASTN,https://open.spotify.com/track/7es56D0QedGMsK39wl2yFX,15,18.285714285714285,7,0.42076117205123675
Taiwan,2021-12-13,Face Off,"Tech N9ne, Joey Cool, King Iso, Dwayne Johnson",https://open.spotify.com/track/6M47gaKejso9772SKTa3yH,45,46.5,2,0.42073413611521937
Indonesia,2021-12-13,Itu Kamu,Reybong,https://open.spotify.com/track/3qGkwkxr7N2VfFf3fImq0x,15,20.857142857142858,7,0.4206707745796706
Ireland,2021-12-13,Want me!!?,"Cl4pers, noevdv",https://open.spotify.com/track/115iPhBHB5BBzjLCZFfvTt,42,42.0,1,0.42065563459328925
South Africa,2021-12-13,Space Dance,Villosoul,https://open.spotify.com/track/5Ajx9fy3KfTJASRwdO7AZn,38,40.0,2,0.42059572726607763
France,2021-12-13,Alien Blues,Vundabar,https://open.spotify.com/track/6UjeFOCGYgMpBUtqKg1Je3,19,22.857142857142858,7,0.42038160022871507
United Kingdom,2021-12-13,Do It To It,"ACRAZE, Cherish",https://open.spotify.com/track/20on25jryn53hWghthWWW3,15,19.142857142857142,7,0.4203749126553797
South Korea,2021-12-13,"묘해, 너와",Acoustic Collabo,https://open.spotify.com/track/7e43hiwbeIz5jojYO8tCON,32,37.0,2,0.4203532751882751
Vietnam,2021-12-13,MIDDLE OF THE NIGHT,Elley Duhé,https://open.spotify.com/track/58HvfVOeJY7lUuCqF0m3ly,47,47.0,1,0.4202223721060367
Poland,2021-12-13,Kokieterka,"Oliwka Brazil, Kubi Producent",https://open.spotify.com/track/0yqCYvPXP2p6Uh9vKhkq7P,23,26.714285714285715,7,0.42015251484144556
Canada,2021-12-13,Dirty Little Animals (From the series Arcane League of Legends),BONES UK,https://open.spotify.com/track/2ZuDGsKSJpQdJmpknJ7ypF,32,38.0,7,0.42007187017307035
Brazil,2021-12-13,Senta Daquele Jeito,"Ytalo Paulo, Ayene",https://open.spotify.com/track/5S9emRdZ2ImYbb6FHO0FUw,40,43.142857142857146,7,0.4199441430312136
Russia,2021-12-13,Ты не верь слезам (LAB с Антоном Беляевым),"Gruppa Skryptonite, Therr Maitz",https://open.spotify.com/track/6fFrnFGaVB2bWPKHxdXAWO,26,28.285714285714285,7,0.41984258858527895
Sweden,2021-12-13,Cpr,cupcakKe,https://open.spotify.com/track/35mBYyB61qTcGGj7MXIRM1,20,23.571428571428573,7,0.41982998388419684
Philippines,2021-12-13,Ikaw Lang,NOBITA,https://open.spotify.com/track/16iRlyUMJVPqz62DlomMre,40,42.714285714285715,7,0.4197931338966416
Netherlands,2021-12-13,Ik Ben Kachel,OBZ,https://open.spotify.com/track/0rEuuYpZ2yWU6ppTJpe9wT,8,12.285714285714286,7,0.4195749840299817
Luxembourg,2021-12-13,Le classico organisé,"Le classico organisé, Koba LaD, Jul, PLK, SCH, Gazo, Soso Maness, Kofs, Guy2bezbar, Naps",https://open.spotify.com/track/2O9enJqAqs46tfBlGhLsnW,29,30.0,3,0.4195718119880656
Guatemala,2021-12-13,Amapolas,Leo Rizzi,https://open.spotify.com/track/0z5yLgBmAtaylDYrgwzlpH,44,46.5,4,0.41943012868763785
Ecuador,2021-12-13,Wasa Wasa,Ryan Castro,https://open.spotify.com/track/17jcYtUYRhpPL19fDedfTD,42,44.2,5,0.4193163322328404
Honduras,2021-12-13,Súbelo,"Anuel AA, Myke Towers, Jhay Cortez",https://open.spotify.com/track/3xv8JksRyqHa1lwkM9xvJf,42,46.25,4,0.41924014406117177
Switzerland,2021-12-13,Fairytale of New York (feat. Kirsty MacColl),The Pogues,https://open.spotify.com/track/3VTNVsTTu05dmTsVFrmGpK,15,17.285714285714285,7,0.4189944201880193
Nicaragua,2021-12-13,Toda Hermosa Eres Maria,Cantores De Maria,https://open.spotify.com/track/0jc16uFDFEfPaULaZND0Xr,15,15.0,1,0.41891822444672516
Hong Kong,2021-12-13,GHOST TOWN,Benson Boone,https://open.spotify.com/track/135Lf4Q0CzlMNfOxbEUsLH,48,48.0,1,0.4188195786270027
Hong Kong,2021-12-13,Split,"88rising, NIKI",https://open.spotify.com/track/7AE1oyRpPGoSwDs8b9XBO0,48,48.0,1,0.4188195786270027
Israel,2021-12-13,נגמר לנו הזמן,Liel Nahtom,https://open.spotify.com/track/4x2837uRlnrY1DW5DmTXuR,46,46.0,1,0.41870917272005154
Israel,2021-12-13,The Perfect Girl,Mareux,https://open.spotify.com/track/6J4XizhuOlKmPWykPrHIrV,46,46.0,1,0.41870917272005154
Philippines,2021-12-13,All Too Well (10 Minute Version) (Taylor's Version) (From The Vault),Taylor Swift,https://open.spotify.com/track/5enxwA8aAbwZbf5qCHORXi,16,18.714285714285715,7,0.4186374496290163
Spain,2021-12-13,Gallina y cocaina,"Abraham Dj, John Pollon",https://open.spotify.com/track/0AlrrxNAGycZOpEvXkRCBX,8,8.5,2,0.41863149806354155
Denmark,2021-12-13,STOR MAND,"Tobias Rahim, andreas odbjerg",https://open.spotify.com/track/56Ua2ypj5HWnotoIF3lEHc,25,30.142857142857142,7,0.41836215945569033
India,2021-12-13,Nothing,Bruno Major,https://open.spotify.com/track/2IAR0DziHCjSu16gR4ihvy,4,6.428571428571429,7,0.4182718555578276
Russia,2021-12-13,Сквик Зачитал Хит,aaabeats,https://open.spotify.com/track/3JOJdDqAEMC5Ca0UA7nL9Z,17,21.714285714285715,7,0.41826019111346524
Japan,2021-12-13,ナイトオンザプラネット,Creep Hyp,https://open.spotify.com/track/41GHAXwcqJcmP3Y1U4CoiJ,20,22.428571428571427,7,0.4179230664655835
Romania,2021-12-13,right here,"Lil Peep, Horse Head",https://open.spotify.com/track/5OFf5pzpIcdstWwAhv5YXE,47,48.2,5,0.41770797231303686
Australia,2021-12-13,Seventeen Going Under,Sam Fender,https://open.spotify.com/track/5rF6YUIlgiat22OT1lWspJ,37,38.714285714285715,7,0.41761746076509404
France,2021-12-13,AUTOMOTIVO EXTRADIMENSIONAL 1.0,"DJ Patrick R, DJ Erik JP",https://open.spotify.com/track/1NpL4hsZid1XmgOP7s4ZjQ,11,11.333333333333334,3,0.41742951840957976
Slovakia,2021-12-13,Virtuální drogy,"Viktor Sheen, Calin",https://open.spotify.com/track/7E8LK4R9gAkSG4CD1kqvsX,38,44.0,2,0.41736459136326604
India,2021-12-13,Sou Favela,"MC Bruninho, Vitinho Ferrari, Dj DG, Batidão Stronda",https://open.spotify.com/track/4lEVoOnIybtRqi4knZwdPZ,18,18.714285714285715,7,0.4173557553219514
El Salvador,2021-12-13,Ella - Remix,"Boza, Lunay, Lenny Tavárez, Juhn, Beéle",https://open.spotify.com/track/7iHHlCbsFou5DZSW5HCPfs,30,41.75,4,0.41730267384384656
Luxembourg,2021-12-13,love nwantiti (ah ah ah),CKay,https://open.spotify.com/track/2Xr1dTzJee307rmrkt8c0g,38,44.0,6,0.4171301049348379
Chile,2021-12-13,Cpr,cupcakKe,https://open.spotify.com/track/35mBYyB61qTcGGj7MXIRM1,28,31.571428571428573,7,0.41710130983954913
United Arab Emirates,2021-12-13,all I want is you,"Rebzyyx, hoshie star",https://open.spotify.com/track/7lOvJBqH38ZY59eLU7bioq,25,34.57142857142857,7,0.41707833686217294
Saudi Arabia,2021-12-13,Super Idol - Remix,Samstring,https://open.spotify.com/track/5t07RuwZAUBBnF2tWKwgmP,41,44.0,4,0.4170435201057541
Egypt,2021-12-13,SAD GIRLZ LUV MONEY Remix (feat. Kali Uchis and Moliy),Amaarae,https://open.spotify.com/track/09gysnJpfQ3ublBmJDfcEC,16,22.714285714285715,7,0.41676554595177157
France,2021-12-13,D O D O,Tayc,https://open.spotify.com/track/7fWotHT92my4vLN713vFTa,29,33.714285714285715,7,0.41658757464114904
Costa Rica,2021-12-13,Hermoso Cariño,Vicente Fernández,https://open.spotify.com/track/6UN6W5tj0qrMYV8N9MQMJC,44,47.0,2,0.4165537674021838
Austria,2021-12-13,Dynasties & Dystopia (from the series Arcane League of Legends),"Denzel Curry, Gizzle, Bren Joy",https://open.spotify.com/track/5EIkdrmuu2xkoQWOWjoeFY,44,47.57142857142857,7,0.416471405034925
Costa Rica,2021-12-13,5022,J E A N,https://open.spotify.com/track/0AdVeB2E4JNHd8cG7ZUYKb,25,35.0,7,0.41597024507141717
South Korea,2021-12-13,Stardust,Younha,https://open.spotify.com/track/10xEWyLu80xSy17g9jptlD,25,33.285714285714285,7,0.41589365050778926
South Korea,2021-12-13,RING X RING,Billlie,https://open.spotify.com/track/4hfF0FOFcaiOtwY3NP5hnv,26,37.57142857142857,7,0.4156816334145822
Portugal,2021-12-13,Arranhão,Grupo Envolvência,https://open.spotify.com/track/7rCCn18R2AbY8qssMiVYr3,35,36.0,3,0.415497152790753
El Salvador,2021-12-13,Sou Favela,"MC Bruninho, Vitinho Ferrari, Dj DG, Batidão Stronda",https://open.spotify.com/track/4lEVoOnIybtRqi4knZwdPZ,43,44.5,2,0.41549315966668804
Mexico,2021-12-13,Mujeres Divinas,Vicente Fernández,https://open.spotify.com/track/2PxGGRmj5yunYdNF2Ud2vm,36,39.0,2,0.41529608517741734
Peru,2021-12-13,Title,Meghan Trainor,https://open.spotify.com/track/0k5hoseEJnCAbpRh38dNoI,41,43.8,5,0.4152181022845007
Hong Kong,2021-12-13,Whole World,"RAFA, Gareth.T, puff",https://open.spotify.com/track/6CUHLz34mHKuWCysqf1ox6,45,46.333333333333336,3,0.41510561493928877
Japan,2021-12-13,シンデレラボーイ,Saucy Dog,https://open.spotify.com/track/1Vqs0lXeJafYZz2sxnfB3V,22,25.428571428571427,7,0.41509160475388573
Poland,2021-12-13,Undressed,Kim Cesarion,https://open.spotify.com/track/0jQvysmjtBMRNjmHLe3gZK,3,5.428571428571429,7,0.4149537217267623
Belgium,2021-12-13,Bruxelles je t’aime,Angèle,https://open.spotify.com/track/0iqk44gA8PaId0Fwa6eesN,32,34.285714285714285,7,0.41494348807488723
Poland,2021-12-13,Flowers (Say My Name),ArrDee,https://open.spotify.com/track/2BzAGK3lEZAQz5cU0Ae1wd,41,42.57142857142857,7,0.4147692526629326
Canada,2021-12-13,Mon Amour - Remix,"zzoilo, Aitana",https://open.spotify.com/track/5TMLavqGRKNxgzMBrVpC9R,32,34.42857142857143,7,0.41442638642517754
Turkey,2021-12-13,Feel Like God,17timx carti,https://open.spotify.com/track/5PEU7TD7cMdQMKdnELJZxG,31,31.0,1,0.4143616143351812
Malaysia,2021-12-13,Easy On Me,Adele,https://open.spotify.com/track/46IZ0fSY2mpAiktS3KOqds,41,43.8,5,0.41430056607387084
Belgium,2021-12-13,QLNT,Swaqyy,https://open.spotify.com/track/0dgHVD9IPwpSz3U85BayN8,20,20.0,1,0.4141870494699718
Nicaragua,2021-12-13,Salve al Mundo,Cantores De Maria,https://open.spotify.com/track/2uUqI0UksyWmbMglMC7LEl,16,16.0,1,0.41404682005901167
Bulgaria,2021-12-13,Noshtite na teb mi uhayat,Djena,https://open.spotify.com/track/51YoywtSbijfxZSjozmZZe,44,45.0,2,0.4139772440827146
Hong Kong,2021-12-13,Super Gremlin,Kodak Black,https://open.spotify.com/track/4A8cWXxKfIL3lAyUDzXbCF,49,49.0,1,0.41394850417496193
Hong Kong,2021-12-13,最難行的路,Joyce Cheng,https://open.spotify.com/track/15Df9sWQ3zFhc5bsEM293n,49,49.0,1,0.41394850417496193
Argentina,2021-12-13,Toxic,BoyWithUke,https://open.spotify.com/track/2gQPv5jvVPqU2a9HhMNO1v,43,45.142857142857146,7,0.41387495617038816
Switzerland,2021-12-13,4am,JBee,https://open.spotify.com/track/3jTWd38NseaNnSuIK2Ybsp,19,22.285714285714285,7,0.41382534115485015
Peru,2021-12-13,Enemy - From the series Arcane League of Legends,Imagine Dragons,https://open.spotify.com/track/5UlnuulVAVmmesw4VzqHdG,39,44.5,6,0.41378768018774803
Bulgaria,2021-12-13,Sahara,Hensonn,https://open.spotify.com/track/6nqdgUTiWt4JbABDurkxMI,44,46.0,2,0.41348473854581863
Peru,2021-12-13,Se Le Ve,"Dímelo Flow, Dalex, Sech, Justin Quiles, Arcangel, De La Ghetto, Lenny Tavárez",https://open.spotify.com/track/5W1qmxHrMlQGGAiFA3ZQqP,45,46.5,2,0.41334239130089634
Mexico,2021-12-13,Brindo,Mario Bautista,https://open.spotify.com/track/1oLp4xkeNCxjMy4glz0vbL,39,45.5,4,0.41332406719271914
Chile,2021-12-13,La Llamada,"Pusho, Myke Towers",https://open.spotify.com/track/4VlVJff7viYXRb7TbmXGGP,38,40.142857142857146,7,0.4133194155945146
Israel,2021-12-13,4:00A.M.,Taeko Onuki,https://open.spotify.com/track/0zoGVO4bQXG8U6ChKwNgeg,29,34.5,6,0.41324205557271176
Turkey,2021-12-13,FEEL NOTHING,The Plot In You,https://open.spotify.com/track/4xDwCYhobDehSBGUmd5H6Y,24,27.285714285714285,7,0.4131994574429839
Colombia,2021-12-13,MIDDLE OF THE NIGHT,Elley Duhé,https://open.spotify.com/track/58HvfVOeJY7lUuCqF0m3ly,19,24.142857142857142,7,0.4131639654599711
New Zealand,2021-12-13,Cpr,cupcakKe,https://open.spotify.com/track/35mBYyB61qTcGGj7MXIRM1,19,22.428571428571427,7,0.4129084124678993
Argentina,2021-12-13,Cpr,cupcakKe,https://open.spotify.com/track/35mBYyB61qTcGGj7MXIRM1,22,24.285714285714285,7,0.4128486695543314
Norway,2021-12-13,Sahara,Hensonn,https://open.spotify.com/track/6nqdgUTiWt4JbABDurkxMI,28,28.0,1,0.4128368707775184
Ukraine,2021-12-13,zxc,наше последнее лето,https://open.spotify.com/track/5wuyDmGMPRryfU93977PBb,38,40.75,4,0.4128078771140889
Mexico,2021-12-13,Yo Quiero Ser,Vicente Fernández,https://open.spotify.com/track/45hZQUKq1hhbBVoGaz2M1x,45,45.0,1,0.41274752073535403
Colombia,2021-12-13,Ganas,El Clooy,https://open.spotify.com/track/2tlvQef8karWOSR9YAZZER,28,37.5,2,0.41263486588194487
Ecuador,2021-12-13,Face Off,"Tech N9ne, Joey Cool, King Iso, Dwayne Johnson",https://open.spotify.com/track/6M47gaKejso9772SKTa3yH,39,42.0,7,0.41244687251315093
Canada,2021-12-13,Misery Meat,Sodikken,https://open.spotify.com/track/56sNhxLlrFYCbR0JFaK6w0,20,25.428571428571427,7,0.4123736892458004
Panama,2021-12-13,Amiguita,Franciskao Diex,https://open.spotify.com/track/7gVx4DF2DIbeUywQJpf0YQ,34,34.5,2,0.41226807069095656
Hungary,2021-12-13,Fairytale of New York (feat. Kirsty MacColl),The Pogues,https://open.spotify.com/track/3VTNVsTTu05dmTsVFrmGpK,44,46.5,4,0.41214555130642444
Slovakia,2021-12-13,Sérum,Viktor Sheen,https://open.spotify.com/track/3AExPJ7KcjzpJWY2k8UAZO,27,36.0,4,0.4119553209341941
Argentina,2021-12-13,Bienvenidas Al Party (Rkt),Pusho DJ,https://open.spotify.com/track/0mBjTFpXQAijhLE9rRoFUH,34,39.42857142857143,7,0.41187741678632145
Uruguay,2021-12-13,Himno Peñarol Campeón del Siglo,"Orquesta Raúl Medina, Julio Pérez, Damián Dewailly, Felipe Castro, Roberto Martínez Barone, Gabriel Groba, Florencia Pasquet",https://open.spotify.com/track/0WFZXEXWvt7F0fo418CrQX,45,47.0,2,0.4118031074567012
Israel,2021-12-13,Want me!!?,"Cl4pers, noevdv",https://open.spotify.com/track/115iPhBHB5BBzjLCZFfvTt,39,44.5,2,0.4113536102288055
Nicaragua,2021-12-13,Que De Raro Tiene,Vicente Fernández,https://open.spotify.com/track/3gA2qpAbnuKLQV8Q9ZtIcf,43,46.25,4,0.41120204722360926
Latvia,2021-12-13,Infinity,Jaymes Young,https://open.spotify.com/track/1SOClUWhOi8vHZYMz3GluK,46,47.666666666666664,3,0.4110470208197355
Russia,2021-12-13,THE DEATH OF PEACE OF MIND,Bad Omens,https://open.spotify.com/track/070TMc1fjJGBGxxmf1DIbD,32,35.857142857142854,7,0.41093601915449773
Latvia,2021-12-13,ХЛОПАЙ,INSTASAMKA,https://open.spotify.com/track/0UDtb0fUqBkpXLF52Ry2lg,31,40.4,5,0.4108331979330619
Turkey,2021-12-13,Beni Neden Sevmedin,Vugar Huseynov,https://open.spotify.com/track/0PkffWHEdRpf62gd9XGILQ,42,44.8,5,0.41081120282466804
Spain,2021-12-13,Medallo,"Blessd, Justin Quiles, Lenny Tavárez",https://open.spotify.com/track/6lX6l7OuA3qrnIRfdsr0dw,32,36.5,4,0.41067212685758786
Italy,2021-12-13,PULL UP (feat. Big P),"Touché, Miller",https://open.spotify.com/track/5rGNMvZh5oLw20vjMaf8VW,39,39.0,1,0.41062440115423887
Romania,2021-12-13,"Marut, Margaritar",Cipri Popescu,https://open.spotify.com/track/4NsHMmSMkNo01lOcttVTxZ,37,42.25,4,0.41049548509282
Canada,2021-12-13,Cpr,cupcakKe,https://open.spotify.com/track/35mBYyB61qTcGGj7MXIRM1,19,23.142857142857142,7,0.410481449914963
Chile,2021-12-13,4:00A.M.,Taeko Onuki,https://open.spotify.com/track/0zoGVO4bQXG8U6ChKwNgeg,15,25.857142857142858,7,0.4104087774984154
Japan,2021-12-13,常緑,Chippoke Ohashi,https://open.spotify.com/track/6qn31XzTa6YKXs5FZpAPgP,8,9.571428571428571,7,0.4103767743765157
Costa Rica,2021-12-13,Happier Than Ever,ASTN,https://open.spotify.com/track/7es56D0QedGMsK39wl2yFX,38,41.666666666666664,3,0.41036828673427433
New Zealand,2021-12-13,Enemy (with JID) - from the series Arcane League of Legends,Imagine Dragons,https://open.spotify.com/track/1r9xUipOqoNwggBpENDsvJ,21,24.857142857142858,7,0.41036770558294206
South Africa,2021-12-13,Chandelier,Will Paquin,https://open.spotify.com/track/3REELyDyt5SPKX2387Zubv,40,43.5,2,0.4101212432127508
Egypt,2021-12-13,Ray'a,Amr Diab,https://open.spotify.com/track/5OqP6CKUFRyoeVQnOU37ds,30,31.714285714285715,7,0.41008115482582674
South Korea,2021-12-13,don't miss me,Claire Rosinkranz,https://open.spotify.com/track/5MG69A9XyXDbBbeOxdR3Tl,31,32.6,5,0.4099468072125103
Singapore,2021-12-13,Do It To It,"ACRAZE, Cherish",https://open.spotify.com/track/20on25jryn53hWghthWWW3,50,50.0,1,0.40982212445225774
Iceland,2021-12-13,After Dark,Mr.Kitty,https://open.spotify.com/track/0zCgWGmDF0aih5qexATyBn,41,42.0,2,0.4097718637284478
Bulgaria,2021-12-13,"ROLLIN N CONTROLLIN, Pt.2 (PICTURE ME)",DUSTY LOCANE,https://open.spotify.com/track/3vqELgIl8luh8eRzQ2ZfvT,25,40.42857142857143,7,0.4097418785760807
Italy,2021-12-13,Sangue Nero,"Matteo Paolillo - Icaro, Lolloflow",https://open.spotify.com/track/0D0LXQpniOCGixgKP40VZ5,35,38.57142857142857,7,0.409519650262954
Colombia,2021-12-13,We Don't Talk About Bruno,"Carolina Gaitán - La Gaita, Mauro Castillo, Adassa, Rhenzy Feliz, Diane Guerrero, Stephanie Beatriz, Encanto - Cast",https://open.spotify.com/track/52xJxFP6TqMuO4Yt0eOkMz,20,25.142857142857142,7,0.4094305564563886
Norway,2021-12-13,Klask 2022 (Hjemmesnekk),"Kudos, Madcum",https://open.spotify.com/track/0PjGxOaBFjQfesMeT5HbAw,11,13.714285714285714,7,0.4090546949864258
Israel,2021-12-13,Two Birds,Regina Spektor,https://open.spotify.com/track/2n0U2OG5d6TuW5mKx7YrC0,48,48.0,1,0.40898455822560237
Poland,2021-12-13,Jeszcze pięć minut,"Kizo, Lubin, BeMelo",https://open.spotify.com/track/3xjPXRGIowUQ0OULFNyeHS,33,36.2,5,0.40885441498385466
Israel,2021-12-13,Face Off,"Tech N9ne, Joey Cool, King Iso, Dwayne Johnson",https://open.spotify.com/track/6M47gaKejso9772SKTa3yH,33,38.714285714285715,7,0.4087751814125129
Uruguay,2021-12-13,Quédate,Matías Valdez,https://open.spotify.com/track/6ZiAgTmT7c6OSZ3E6PFwWz,45,47.0,3,0.4087332187251829
Latvia,2021-12-13,Bananza (Belly Dancer),Akon,https://open.spotify.com/track/3BwkldhE22DdxOcXegF2Kv,40,43.5,2,0.4086904702245715
Peru,2021-12-13,Ay Amor,"Mike Bahía, Guaynaa, Ñejo",https://open.spotify.com/track/0FEy5me9ZbbCVPMdPITNhi,46,47.5,2,0.40849024516773585
Netherlands,2021-12-13,Bootycall,Turfy Gang,https://open.spotify.com/track/3zMOjgpuIx3kEnwLFhk95d,30,38.0,4,0.40841661237367394
Switzerland,2021-12-13,MAUVAIS PAYEUR,La Fève,https://open.spotify.com/track/18gJ5bLhq6cfKJefdwzGpj,17,17.0,3,0.4083479440713085
Japan,2021-12-13,Happier Than Ever,ASTN,https://open.spotify.com/track/7es56D0QedGMsK39wl2yFX,22,24.285714285714285,7,0.40827396270513133
Australia,2021-12-13,all I want is you,"Rebzyyx, hoshie star",https://open.spotify.com/track/7lOvJBqH38ZY59eLU7bioq,39,40.57142857142857,7,0.407970467510668
Canada,2021-12-13,Happier Than Ever,ASTN,https://open.spotify.com/track/7es56D0QedGMsK39wl2yFX,9,12.714285714285714,7,0.40779244139814363
Vietnam,2021-12-13,Walk Away,Mina Okabe,https://open.spotify.com/track/2y6hhuWPK4C6s21N0Y5r8r,41,45.0,2,0.407690411146398
Hong Kong,2021-12-13,指紋,杜宣達,https://open.spotify.com/track/01clQd7YUW4nEre2I8jo7d,34,40.666666666666664,6,0.40766204381336607
Denmark,2021-12-13,Enemy (with JID) - from the series Arcane League of Legends,Imagine Dragons,https://open.spotify.com/track/1r9xUipOqoNwggBpENDsvJ,20,22.142857142857142,7,0.40740863673502825
El Salvador,2021-12-13,After Dark,Mr.Kitty,https://open.spotify.com/track/0zCgWGmDF0aih5qexATyBn,29,39.0,4,0.4071033901192954
Philippines,2021-12-13,abcdefu (angrier),GAYLE,https://open.spotify.com/track/1EQFOouqdKYdpbNoOHRVO2,20,21.714285714285715,7,0.4070801222776575
Germany,2021-12-13,Fall in Love with You.,Montell Fish,https://open.spotify.com/track/31MQR9rOHRXyg4J01hRY1h,34,36.142857142857146,7,0.40702171325172504
Switzerland,2021-12-13,Happier Than Ever,ASTN,https://open.spotify.com/track/7es56D0QedGMsK39wl2yFX,21,33.57142857142857,7,0.40693550986360577
Iceland,2021-12-13,My Delusions,Ampop,https://open.spotify.com/track/3NIhjaRe2XaMNauUUwueib,47,49.0,3,0.4068978272579062
Philippines,2021-12-13,Limousine (Feat. MINO) (Prod. GRAY),BE'O,https://open.spotify.com/track/5g2Ik0WJG9rqu97nCLcQhV,29,34.285714285714285,7,0.4068250783530818
Poland,2021-12-13,4:00A.M.,Taeko Onuki,https://open.spotify.com/track/0zoGVO4bQXG8U6ChKwNgeg,27,33.57142857142857,7,0.40669162032357775
France,2021-12-13,abcdefu (angrier),GAYLE,https://open.spotify.com/track/1EQFOouqdKYdpbNoOHRVO2,31,34.285714285714285,7,0.4064614234479893
Poland,2021-12-13,Cpr,cupcakKe,https://open.spotify.com/track/35mBYyB61qTcGGj7MXIRM1,29,31.428571428571427,7,0.4064000873748363
Portugal,2021-12-13,GALOPA,PEDRO SAMPAIO,https://open.spotify.com/track/2wG1R0uDFwyobcWzVssC1J,44,46.0,2,0.4062960186283989
South Africa,2021-12-13,Fall in Love with You.,Montell Fish,https://open.spotify.com/track/31MQR9rOHRXyg4J01hRY1h,41,42.5,2,0.4062599632566724
Latvia,2021-12-13,Snakes (from the series Arcane League of Legends),"MIYAVI, PVRIS",https://open.spotify.com/track/7LmyUD78mtwBDzgVV4P5F4,49,49.5,2,0.4058730835463276
Mexico,2021-12-13,SAD GIRLZ LUV MONEY Remix (feat. Kali Uchis and Moliy),Amaarae,https://open.spotify.com/track/09gysnJpfQ3ublBmJDfcEC,18,21.142857142857142,7,0.4058599265127168
Vietnam,2021-12-13,Alien Blues,Vundabar,https://open.spotify.com/track/6UjeFOCGYgMpBUtqKg1Je3,41,45.5,4,0.4058575952273259
Egypt,2021-12-13,HUSTLE,"Marwan Moussa, Alyoungofficial, Randarofficial",https://open.spotify.com/track/3Ya32EkNaAQL8VDbvsfTup,29,34.285714285714285,7,0.4058118597971309
Brazil,2021-12-13,Trabalho Lindo,"Mc Lya Queiroz, MC Kevin o Chris, Dióculos DJ",https://open.spotify.com/track/5WSiJwa21iltrUZhcMlb1G,40,44.5,2,0.4057404654875433
Japan,2021-12-13,DESIRE,CYBER RUI,https://open.spotify.com/track/2ravTxFpwFgqXzDmQru4H3,12,13.571428571428571,7,0.4057293361444822
Singapore,2021-12-13,踊り子,Vaundy,https://open.spotify.com/track/4xk70Qur2QeRmWIzWPC63V,33,38.714285714285715,7,0.40569511773955746
Czech Republic,2021-12-13,Ne (feat. Nik Tendo),STEIN27,https://open.spotify.com/track/2QgFxEjt2CAaMdUkJMQoM4,30,36.857142857142854,7,0.4056720564947536
Canada,2021-12-13,Dynasties & Dystopia (from the series Arcane League of Legends),"Denzel Curry, Gizzle, Bren Joy",https://open.spotify.com/track/5EIkdrmuu2xkoQWOWjoeFY,43,46.57142857142857,7,0.405665754825783
Taiwan,2021-12-13,I Love You So,The Walters,https://open.spotify.com/track/4SqWKzw0CbA05TGszDgMlc,41,41.666666666666664,3,0.4055695835589958
France,2021-12-13,Happier Than Ever,ASTN,https://open.spotify.com/track/7es56D0QedGMsK39wl2yFX,29,39.57142857142857,7,0.4052140103991126
Guatemala,2021-12-13,Monastery,"Ryan Castro, Feid",https://open.spotify.com/track/1JpzJfxjHGFUyTHXLZidok,41,44.0,4,0.405162054787738
Spain,2021-12-13,Dynasties & Dystopia (from the series Arcane League of Legends),"Denzel Curry, Gizzle, Bren Joy",https://open.spotify.com/track/5EIkdrmuu2xkoQWOWjoeFY,26,29.142857142857142,7,0.40485288471058223
Poland,2021-12-13,Dirty Little Animals (From the series Arcane League of Legends),BONES UK,https://open.spotify.com/track/2ZuDGsKSJpQdJmpknJ7ypF,43,46.0,7,0.40437354249557306
Austria,2021-12-13,Notion,The Rare Occasions,https://open.spotify.com/track/0sTlGEld0h8kIPZaKDYUf4,24,38.42857142857143,7,0.404214741380468
Russia,2021-12-13,HMU,Tobias Dray,https://open.spotify.com/track/60U1w8wJMlPvXRdPaLAYqi,6,13.285714285714286,7,0.40419186441651245
Ireland,2021-12-13,Therapy,"Andrew Garfield, Vanessa Hudgens",https://open.spotify.com/track/1iFgG6BeEPTbXsAok6zYxR,33,40.4,5,0.40412124088959483
Turkey,2021-12-13,PAPARAZZI,UZI,https://open.spotify.com/track/6gxLEbRJlorva6uVRW4gof,14,17.428571428571427,7,0.4039864659349093
Netherlands,2021-12-13,Ik Ben Kachel - Hardstyle Remix,OBZ,https://open.spotify.com/track/6WGZJMH87oLVf5ArGp7owr,22,24.428571428571427,7,0.4039739092087729
New Zealand,2021-12-13,Goodbye (from the series Arcane League of Legends),Ramsey,https://open.spotify.com/track/5QWjrWckcPcSVqQNfbD4Bc,22,29.142857142857142,7,0.4039190206421077
United States,2021-12-13,Want me!!?,"Cl4pers, noevdv",https://open.spotify.com/track/115iPhBHB5BBzjLCZFfvTt,40,40.0,1,0.40373873321436
Bolivia,2021-12-13,Chandelier,Will Paquin,https://open.spotify.com/track/3REELyDyt5SPKX2387Zubv,44,46.333333333333336,3,0.4037193301798055
Netherlands,2021-12-13,Voor Jou,"JOJO AIR, KlikKlak",https://open.spotify.com/track/101Hph5jhV7nIl7KeLrMzu,36,38.5,6,0.4036539865759027
Colombia,2021-12-13,Amor De Primavera,Conjunto Chaney,https://open.spotify.com/track/6ubUesAyvYV5ktyTlRvfXe,39,39.0,1,0.403601623089802
Belgium,2021-12-13,HMU,Tobias Dray,https://open.spotify.com/track/60U1w8wJMlPvXRdPaLAYqi,20,22.25,4,0.4035869745890923
Dominican Republic,2021-12-13,Amapolas,Leo Rizzi,https://open.spotify.com/track/0z5yLgBmAtaylDYrgwzlpH,47,47.5,2,0.4032074380410656
Indonesia,2021-12-13,abcdefu (angrier),GAYLE,https://open.spotify.com/track/1EQFOouqdKYdpbNoOHRVO2,17,23.714285714285715,7,0.4031587441395521
Luxembourg,2021-12-13,Du propre,Orelsan,https://open.spotify.com/track/17gkoi8EGPO1XssTOYK5ki,26,29.666666666666668,3,0.40301844638464096
Canada,2021-12-13,All I See Is You,Shane Smith & the Saints,https://open.spotify.com/track/46fHLVEQBcyC8VjnmdDF3q,39,40.5,4,0.40291909919084984
Spain,2021-12-13,Mon Amour - Remix,"zzoilo, Aitana",https://open.spotify.com/track/5TMLavqGRKNxgzMBrVpC9R,43,45.0,7,0.40274684681841977
Finland,2021-12-13,The Perfect Girl,Mareux,https://open.spotify.com/track/5RBOcBpJXaNnHCGViJmYhh,25,30.666666666666668,6,0.40271424100423875
Argentina,2021-12-13,Los Malvekes,"Cris Mj, Marcianeke, Simon la Letra, Stars Music Chile",https://open.spotify.com/track/1AnJQd8TfkhK6M3VgZDVv1,33,37.0,7,0.40270578371941046
South Korea,2021-12-13,Lately,INFINITE,https://open.spotify.com/track/7u88u9dS9EGxJeYVMkIhNO,29,35.333333333333336,3,0.40262978516149117
Philippines,2021-12-13,LOST IN PARADISE,"ALI, AKLO",https://open.spotify.com/track/7kRKlFCFLAUwt43HWtauhX,30,31.714285714285715,7,0.40262835815467135
Guatemala,2021-12-13,AMOR DE CINE,Humbe,https://open.spotify.com/track/0v9UztY5A12cJUsWD7PZzS,38,43.5,4,0.4026012961235784
Switzerland,2021-12-13,Come Over (Again),Crawlers,https://open.spotify.com/track/4PDJDIdWxNN1AlnbrKkoPf,34,37.5,6,0.4025609281293384
Belgium,2021-12-13,Fall in Love with You.,Montell Fish,https://open.spotify.com/track/31MQR9rOHRXyg4J01hRY1h,25,32.142857142857146,7,0.4024932298078577
Romania,2021-12-13,Negru Mercedesu,"Niku X Aron, Mgk666",https://open.spotify.com/track/4YHE2d9tmyqk032mDu2u2L,37,41.333333333333336,3,0.4024377934804259
New Zealand,2021-12-13,Leave & Party,Yung Holliday,https://open.spotify.com/track/4E3aTXze2iZQBERkI7eUoW,24,29.714285714285715,7,0.40230219920594185
Ireland,2021-12-13,i won't run,Keanu Bicol,https://open.spotify.com/track/3ykvobAQxQ5VlcDOMKXI4M,29,31.0,3,0.4022141302422691
Morocco,2021-12-13,4:00A.M.,Taeko Onuki,https://open.spotify.com/track/0zoGVO4bQXG8U6ChKwNgeg,36,44.0,4,0.4021201777434939
Sweden,2021-12-13,Trapper Of The Year (Intro) - Bonus Track,23,https://open.spotify.com/track/5cKilVQ9iZamOzodVcYQZ2,21,23.0,7,0.4021200479438873
United Arab Emirates,2021-12-13,"Tum Tum (From ""Enemy - Tamil"")","Thaman S, Srivardhini, Aditi Bhavaraju, Satya Yamini, Roshini JKV, Tejaswini",https://open.spotify.com/track/3H3x4NhR3wJh6IvRHmPvkd,47,48.0,3,0.4020687273185723
South Korea,2021-12-13,Nothing,Bruno Major,https://open.spotify.com/track/2IAR0DziHCjSu16gR4ihvy,29,39.57142857142857,7,0.4016412899279406
Netherlands,2021-12-13,Stop The Cavalry,Jona Lewie,https://open.spotify.com/track/2bPQuniBB9x0fRtxDly0kr,24,26.571428571428573,7,0.40158999305598947
New Zealand,2021-12-13,MIDDLE OF THE NIGHT,Elley Duhé,https://open.spotify.com/track/58HvfVOeJY7lUuCqF0m3ly,24,31.428571428571427,7,0.40146550774777695
Czech Republic,2021-12-13,HMU,Tobias Dray,https://open.spotify.com/track/60U1w8wJMlPvXRdPaLAYqi,19,25.857142857142858,7,0.40138958884379017
Romania,2021-12-13,Bananza (Belly Dancer),Akon,https://open.spotify.com/track/0dNPpDFdvzj6XFIRzg2hmp,45,46.5,2,0.40122944087707385
Latvia,2021-12-13,Ginseng Strip 2002,Yung Lean,https://open.spotify.com/track/79nEEoEPY2w8EXj9hjn5oc,31,38.833333333333336,6,0.40122651355069466
Latvia,2021-12-13,Ты не верь слезам (LAB с Антоном Беляевым),"Gruppa Skryptonite, Therr Maitz",https://open.spotify.com/track/6fFrnFGaVB2bWPKHxdXAWO,33,37.5,4,0.4011378428238978
Latvia,2021-12-13,La Espada,Eternal Raijin,https://open.spotify.com/track/6w969Gr8VhF02vaHs67oo9,29,35.666666666666664,3,0.4009653973278712
Belgium,2021-12-13,Face Off,"Tech N9ne, Joey Cool, King Iso, Dwayne Johnson",https://open.spotify.com/track/6M47gaKejso9772SKTa3yH,36,42.42857142857143,7,0.4009067368384069
Estonia,2021-12-13,Coming for You (feat. A1 x J1),SwitchOTR,https://open.spotify.com/track/1xIqDFx3KdByBnKMlTECcM,46,46.5,2,0.40078746561310186
Belgium,2021-12-13,Stop The Cavalry,Jona Lewie,https://open.spotify.com/track/2bPQuniBB9x0fRtxDly0kr,40,43.333333333333336,6,0.4007852382244213
Brazil,2021-12-13,4:00A.M.,Taeko Onuki,https://open.spotify.com/track/0zoGVO4bQXG8U6ChKwNgeg,26,28.333333333333332,3,0.4007489706442428
Slovakia,2021-12-13,Skúšky,"Momo, Matej Straka",https://open.spotify.com/track/4O7ZTaFKerxBhyHVq6sPJN,42,42.5,2,0.40068442549677336
France,2021-12-13,Haagen-Dazs,Kyan Khojandi,https://open.spotify.com/track/1WBpiPUPp4GsElJtTAtcq3,10,12.6,5,0.400385037105338
South Africa,2021-12-13,u.,niteboi,https://open.spotify.com/track/0J7oHYxjF6Oln61wy0kP2i,43,43.0,1,0.4001253823436743
Lithuania,2021-12-13,Dark Beach,Pastel Ghost,https://open.spotify.com/track/5QmdK8QFbY8TLVKPuJzexD,45,47.5,2,0.39994764899220625
Paraguay,2021-12-13,Everyday Normal Guy 2,Jon Lajoie,https://open.spotify.com/track/2hhFpD32iXUd4GaCu6T4wn,47,48.666666666666664,3,0.3999144551336031
Ecuador,2021-12-13,abcdefu (angrier),GAYLE,https://open.spotify.com/track/1EQFOouqdKYdpbNoOHRVO2,31,38.5,6,0.3996561585956421
Nicaragua,2021-12-13,Pues Concebida,Cantores De Maria,https://open.spotify.com/track/2SI7pfQrCJYq8ydR1bUkg6,19,19.0,1,0.39953666958126904
Israel,2021-12-13,דיזינגוף סנטר,"הלם תרבות, E-Z, אנדרדוג, סטילה, חן פורתי",https://open.spotify.com/track/16flvsJLEOv1wYNAvC3I4w,50,50.0,1,0.3993306430469249
United Arab Emirates,2021-12-13,Distance Love,"Grewal, Zehr Vibe",https://open.spotify.com/track/55nRhkhe7ckZhazYrv6ZOX,48,48.5,2,0.39930744431571635
Iceland,2021-12-13,Судно (Борис Рижий),Molchat Doma,https://open.spotify.com/track/1SHB1hp6267UK9bJQUxYvO,41,44.6,5,0.3992124008863379
Dominican Republic,2021-12-13,Nuestra Canción,"Monsieur Periné, Vicente Garcia",https://open.spotify.com/track/5reQI13tWWYDLMrGcUF4Mk,47,47.333333333333336,3,0.39919225717622114
Brazil,2021-12-13,Idiota,Jão,https://open.spotify.com/track/6EDj1nbl9wo6ivGI1t59G4,50,50.0,1,0.39912633492046573
Portugal,2021-12-13,SAD GIRLZ LUV MONEY Remix (feat. Kali Uchis and Moliy),Amaarae,https://open.spotify.com/track/09gysnJpfQ3ublBmJDfcEC,25,32.714285714285715,7,0.39901774141776475
Luxembourg,2021-12-13,Notion,The Rare Occasions,https://open.spotify.com/track/0sTlGEld0h8kIPZaKDYUf4,27,29.0,3,0.3990164707182129
Israel,2021-12-13,Die For You,"VALORANT, Grabbitz",https://open.spotify.com/track/2lz3zjQ5QCVXiyOzIk02vW,35,43.5,6,0.3989209360531815
United Kingdom,2021-12-13,No Wahala,1da Banton,https://open.spotify.com/track/4vHy2IHzf3EabEa7oMpUZB,21,24.857142857142858,7,0.398803039524318
Turkey,2021-12-13,"Her Akşam Votka, Rakı Ve Şarap / Sarhoş",Dario Moreno,https://open.spotify.com/track/5tFmCMaR9TgDaq3eoyIIIE,18,20.857142857142858,7,0.3985313211720685
Australia,2021-12-13,Move Your Body,"Öwnboss, Sevek",https://open.spotify.com/track/6GomT970rCOkKAyyrwJeZi,36,36.0,1,0.39806961555923515
Hong Kong,2021-12-13,Weak,Larissa Lambert,https://open.spotify.com/track/3UnfOb5hmnf4KF7NIgAj9a,44,45.5,2,0.3978825323494235
Thailand,2021-12-13,นะครับ (ได้ไหม) - Full Version,sarah,https://open.spotify.com/track/39YV8c4DTwqyabzp4X0CwN,44,46.2,5,0.39787426922388364
Luxembourg,2021-12-13,I Love You So,The Walters,https://open.spotify.com/track/4SqWKzw0CbA05TGszDgMlc,27,31.666666666666668,3,0.39771875420366853
Paraguay,2021-12-13,Bota a Mão no Chão,"Felipe Cardoso DJ, Mc Fopi",https://open.spotify.com/track/3Lw41pfko5XMrsHRtlbo2k,27,35.2,5,0.39766918954736985
South Korea,2021-12-13,Snow (Feat. Lee Moon Sae),Zion.T,https://open.spotify.com/track/62SJ5qkvcNBorQ6QNg6Xcb,37,39.0,2,0.39760429840147027
Denmark,2021-12-13,The Perfect Girl,Mareux,https://open.spotify.com/track/5RBOcBpJXaNnHCGViJmYhh,23,25.0,6,0.3973349850345313
Norway,2021-12-13,Cpr,cupcakKe,https://open.spotify.com/track/35mBYyB61qTcGGj7MXIRM1,15,17.428571428571427,7,0.39723367967986906
Austria,2021-12-13,Dirty Little Animals (From the series Arcane League of Legends),BONES UK,https://open.spotify.com/track/2ZuDGsKSJpQdJmpknJ7ypF,28,32.42857142857143,7,0.397153497889836
United Kingdom,2021-12-13,Enemy (with JID) - from the series Arcane League of Legends,Imagine Dragons,https://open.spotify.com/track/1r9xUipOqoNwggBpENDsvJ,35,38.714285714285715,7,0.39713624082784327
Australia,2021-12-13,MIDDLE OF THE NIGHT,Elley Duhé,https://open.spotify.com/track/58HvfVOeJY7lUuCqF0m3ly,29,32.0,7,0.3970610609166323
Hong Kong,2021-12-13,人類群星閃耀時,Jer 柳應廷,https://open.spotify.com/track/10nbKFoqDjsauhJQTHWfkg,25,34.57142857142857,7,0.3967865379701332
France,2021-12-13,Come Over (Again),Crawlers,https://open.spotify.com/track/4PDJDIdWxNN1AlnbrKkoPf,36,40.0,7,0.3966725025693084
Austria,2021-12-13,God Must Hate Me,Catie Turner,https://open.spotify.com/track/21xzFXSL2XkZ2mIzDDAqTK,14,25.571428571428573,7,0.39652391219346234
Spain,2021-12-13,Notion,The Rare Occasions,https://open.spotify.com/track/0sTlGEld0h8kIPZaKDYUf4,29,32.42857142857143,7,0.3964793188912005
Ireland,2021-12-13,Lauren,Oden & Fatzo,https://open.spotify.com/track/33tYADyL2aZctrvR59K1bQ,47,47.0,1,0.3964430850616007
Belgium,2021-12-13,Come Over (Again),Crawlers,https://open.spotify.com/track/4PDJDIdWxNN1AlnbrKkoPf,28,33.714285714285715,7,0.39607366330959154
Japan,2021-12-13,なんでもないよ、,Macaroni Empitsu,https://open.spotify.com/track/2PFzK3kMDDYKhGnugvNYf1,11,12.285714285714286,7,0.39604709442226405
South Korea,2021-12-13,Lambo! (feat. UNEDUCATED KID),Mirani,https://open.spotify.com/track/6QNvFDqGxWjkq8A11eo5rk,42,45.333333333333336,6,0.3958840273729807
Greece,2021-12-13,SAD GIRLZ LUV MONEY Remix (feat. Kali Uchis and Moliy),Amaarae,https://open.spotify.com/track/09gysnJpfQ3ublBmJDfcEC,39,39.0,1,0.39581047814148373
Luxembourg,2021-12-13,After Dark,Mr.Kitty,https://open.spotify.com/track/0zCgWGmDF0aih5qexATyBn,45,47.2,5,0.39563741157712023
Switzerland,2021-12-13,Chandelier,Will Paquin,https://open.spotify.com/track/3REELyDyt5SPKX2387Zubv,22,32.857142857142854,7,0.3956358887923609
Iceland,2021-12-13,One Right Now (with The Weeknd),Post Malone,https://open.spotify.com/track/00Blm7zeNqgYLPtW6zg8cj,44,46.5,2,0.3956255242899957
New Zealand,2021-12-13,The Perfect Girl,Mareux,https://open.spotify.com/track/5RBOcBpJXaNnHCGViJmYhh,25,40.833333333333336,6,0.39555441124675267
Netherlands,2021-12-13,Own Brand Freestyle,"FelixThe1st, Dreya Mac, Finch Fetti",https://open.spotify.com/track/6Jzdxguk63s6CVVXHIrQ0x,13,17.142857142857142,7,0.39545152965055996
Canada,2021-12-13,Somebody To Love,Ben Kim,https://open.spotify.com/track/6hzWWZjqHcoI2KIWpldo9v,37,40.5,4,0.3950578964385462
Taiwan,2021-12-13,PLASTIC,"sakehands, Lo, Good Intent",https://open.spotify.com/track/6ZydkZ1ZuVuUCYj1YrWYXV,43,47.5,4,0.3948788379581327
Bulgaria,2021-12-13,DTB,Merczz,https://open.spotify.com/track/6BoXckigjvnIAZVQV6lELq,48,49.0,2,0.3946690241419713
New Zealand,2021-12-13,Own Brand Freestyle,"FelixThe1st, Dreya Mac, Finch Fetti",https://open.spotify.com/track/6Jzdxguk63s6CVVXHIrQ0x,12,17.285714285714285,7,0.39463872534614464
Chile,2021-12-13,Sin Sentimiento,DrefQuila,https://open.spotify.com/track/0jyuCOu8HfJuTiqqzAkU6X,39,42.0,2,0.3946304346322157
South Korea,2021-12-13,Snow halation,μ's,https://open.spotify.com/track/7B2YKWz6UoXvOUEX32r3ov,46,46.0,1,0.3946057756165789
Singapore,2021-12-13,Toxic,BoyWithUke,https://open.spotify.com/track/2gQPv5jvVPqU2a9HhMNO1v,37,42.666666666666664,6,0.39442887959503575
United Kingdom,2021-12-13,Peru,Fireboy DML,https://open.spotify.com/track/0lk5tzmaJWVAv5GBvpm3xu,37,43.2,5,0.39435307517906526
Nicaragua,2021-12-13,Ya Supérame (En Vivo),Grupo Firme,https://open.spotify.com/track/6HIIuuUIEzH1meVdGbMXyf,30,42.8,5,0.3943485564981635
Canada,2021-12-13,4:00A.M.,Taeko Onuki,https://open.spotify.com/track/0zoGVO4bQXG8U6ChKwNgeg,23,36.0,7,0.39420513322610035
Italy,2021-12-13,The Funeral,Band of Horses,https://open.spotify.com/track/5lRzWDEe7UuedU2QPsFg0K,26,30.571428571428573,7,0.3940092208438535
United States,2021-12-13,MIDDLE OF THE NIGHT,Elley Duhé,https://open.spotify.com/track/58HvfVOeJY7lUuCqF0m3ly,39,45.714285714285715,7,0.39400108778919557
Costa Rica,2021-12-13,The Perfect Girl,Mareux,https://open.spotify.com/track/5RBOcBpJXaNnHCGViJmYhh,45,47.5,4,0.39380174853302397
Mexico,2021-12-13,abcdefu (angrier),GAYLE,https://open.spotify.com/track/1EQFOouqdKYdpbNoOHRVO2,32,41.857142857142854,7,0.39353978443908944
Hong Kong,2021-12-13,Overwhelmed (Ryan Mack Remix),Ryan Mack,https://open.spotify.com/track/03eyNjBM2mpx28H6kdaufN,41,45.5,4,0.39352302687342805
Mexico,2021-12-13,Monastery,"Ryan Castro, Feid",https://open.spotify.com/track/1JpzJfxjHGFUyTHXLZidok,49,49.0,1,0.3934581474885178
Costa Rica,2021-12-13,Quiza Llevarte,Zxmyr,https://open.spotify.com/track/2r07TgKVyWI1gtzRKlOlub,33,41.333333333333336,3,0.39339983381845445
Hungary,2021-12-13,Ölj Meg,AKC Misi,https://open.spotify.com/track/6lWkba3WYwYaC3oj4OSMBH,46,47.4,5,0.39335936728358917
Hong Kong,2021-12-13,Suddenly,BE'O,https://open.spotify.com/track/7gXMkqirKU23zgdlSAb00a,45,46.0,2,0.39333249650174085
Peru,2021-12-13,Mr. Trance,Esteman,https://open.spotify.com/track/3SLIDzhExrfsvH6sVosiwn,29,35.333333333333336,6,0.39326487732917575
Luxembourg,2021-12-13,Los Pollos Hermanos,Knucks,https://open.spotify.com/track/6hlrui656yBRUb3qGkd5lH,45,45.0,1,0.39326112300490385
Switzerland,2021-12-13,IN THE CLUB,Mishashi Sensei,https://open.spotify.com/track/7vX0rvoGneCCOJ2QPruNNZ,14,14.0,3,0.39322954941550214
Ireland,2021-12-13,The Talking Stage Game,MiSTah Kye,https://open.spotify.com/track/14tu1tKyRNKh7xvAIOQViJ,29,36.8,5,0.39322644066548024
Romania,2021-12-13,Una Favela,Qodës,https://open.spotify.com/track/0jFuS2iRTmUtpTduC7cKDh,47,47.5,2,0.39316175967543
Australia,2021-12-13,4:00A.M.,Taeko Onuki,https://open.spotify.com/track/0zoGVO4bQXG8U6ChKwNgeg,22,28.142857142857142,7,0.3928623028040817
El Salvador,2021-12-13,Súbelo,"Anuel AA, Myke Towers, Jhay Cortez",https://open.spotify.com/track/3xv8JksRyqHa1lwkM9xvJf,48,49.0,2,0.39265900320834185
Portugal,2021-12-13,Fendi,DreNaz,https://open.spotify.com/track/29pZGynpAvASlWqVIinmGP,47,47.5,2,0.39260189195611606
Estonia,2021-12-13,Pepas,Farruko,https://open.spotify.com/track/2B4GHvToeLTOBB4QLzW3Ni,44,45.5,4,0.3925989576386724
Hong Kong,2021-12-13,Super Idol - Remix,Samstring,https://open.spotify.com/track/5t07RuwZAUBBnF2tWKwgmP,39,41.4,5,0.39254477612430294
Portugal,2021-12-13,Dynasties & Dystopia (from the series Arcane League of Legends),"Denzel Curry, Gizzle, Bren Joy",https://open.spotify.com/track/5EIkdrmuu2xkoQWOWjoeFY,43,46.5,4,0.3922909687743884
Spain,2021-12-13,Goodbye (from the series Arcane League of Legends),Ramsey,https://open.spotify.com/track/5QWjrWckcPcSVqQNfbD4Bc,30,32.285714285714285,7,0.39224601015263
Italy,2021-12-13,Chandelier,Will Paquin,https://open.spotify.com/track/3REELyDyt5SPKX2387Zubv,28,31.571428571428573,7,0.3921984964791775
Sweden,2021-12-13,Pobre Diablo,Julio Iglesias,https://open.spotify.com/track/5CSRdWlrx25k8PuvufIqA4,19,31.5,2,0.392136756008938
Lithuania,2021-12-13,Capitão de Areia,Afterclapp,https://open.spotify.com/track/0tsdTV5UgmLNGXiBRxdMdM,47,48.0,2,0.392130841789941
Chile,2021-12-13,Estos Celos,Vicente Fernández,https://open.spotify.com/track/6u6kH7V7Tx5xDJtF82vVw0,48,48.0,1,0.3921236400159431
Latvia,2021-12-13,Зима в сердце,Moya Mishel,https://open.spotify.com/track/0hcvwkxhxlIRdeLb1dWJBT,43,46.0,3,0.3919547482928988
Indonesia,2021-12-13,365,Tiara Andini,https://open.spotify.com/track/7j01rdHvXniCA8f1x0NTUG,20,23.25,4,0.39185720237401533
Romania,2021-12-13,Fahrenheit,Azee,https://open.spotify.com/track/4CTmdK2ghnQSHKT2q7qu22,33,37.0,2,0.3917879550841668
Hungary,2021-12-13,Ich bin weg - BoroBoro,"Samra, TOPIC42, Arash",https://open.spotify.com/track/1f6Paz0Vf1CPhcNDs1vMyR,43,46.0,6,0.3917873412426839
South Korea,2021-12-13,SAD GIRLZ LUV MONEY Remix (feat. Kali Uchis and Moliy),Amaarae,https://open.spotify.com/track/09gysnJpfQ3ublBmJDfcEC,19,29.0,7,0.39175663995324456
Ireland,2021-12-13,DTB,Merczz,https://open.spotify.com/track/6BoXckigjvnIAZVQV6lELq,48,48.0,1,0.39165687822823747
Honduras,2021-12-13,abcdefu (angrier),GAYLE,https://open.spotify.com/track/1EQFOouqdKYdpbNoOHRVO2,47,48.5,2,0.3915684036423013
Panama,2021-12-13,Como Te Pago,Lenier,https://open.spotify.com/track/4lkbBBumrQF1SDhQkqs0Y3,38,41.5,2,0.39153396831285253
Belgium,2021-12-13,Want me!!?,"Cl4pers, noevdv",https://open.spotify.com/track/115iPhBHB5BBzjLCZFfvTt,44,44.0,1,0.39149537612828067
Australia,2021-12-13,Notion,The Rare Occasions,https://open.spotify.com/track/0sTlGEld0h8kIPZaKDYUf4,21,25.0,7,0.39141452265962895
Netherlands,2021-12-13,Swimming Pool,Marie Madeleine,https://open.spotify.com/track/3BMqVk2NJbH4fxf84e8kDC,9,10.75,4,0.39128564608886823
Taiwan,2021-12-13,靠近,Morris赖仔,https://open.spotify.com/track/3PWhoJ9fnWeZLP9UmZenlR,33,35.5,6,0.39123774484922297
Paraguay,2021-12-13,The Feels,TWICE,https://open.spotify.com/track/1qE8DOtw7zdXHMgZm20eLM,44,44.666666666666664,3,0.39119520634386284
Norway,2021-12-13,Beverly Hills,Shaboozey,https://open.spotify.com/track/3Ps0JFaxBuamCoQTx6X8LT,18,21.0,5,0.3911620512514877
Lithuania,2021-12-13,After Dark,Mr.Kitty,https://open.spotify.com/track/0zCgWGmDF0aih5qexATyBn,39,45.333333333333336,3,0.39107954927724814
Denmark,2021-12-13,Notion,The Rare Occasions,https://open.spotify.com/track/0sTlGEld0h8kIPZaKDYUf4,34,36.714285714285715,7,0.39077986469623005
Austria,2021-12-13,Goodbye (from the series Arcane League of Legends),Ramsey,https://open.spotify.com/track/5QWjrWckcPcSVqQNfbD4Bc,29,37.285714285714285,7,0.3904986557731075
Morocco,2021-12-13,Ma Yestahelni,Hatim Ammor,https://open.spotify.com/track/0gfGG3WfawLCBbLf5Pc7ad,26,38.0,5,0.3904550984976313
United States,2021-12-13,Mon Amour - Remix,"zzoilo, Aitana",https://open.spotify.com/track/5TMLavqGRKNxgzMBrVpC9R,28,31.285714285714285,7,0.3903166703438354
Thailand,2021-12-13,คำถาม,PUNYARB,https://open.spotify.com/track/15Xn4r9FY3725iHIfyq5hE,48,49.0,6,0.3901336410626228
Latvia,2021-12-13,HMU,Tobias Dray,https://open.spotify.com/track/60U1w8wJMlPvXRdPaLAYqi,38,42.0,2,0.39008633485655997
Luxembourg,2021-12-13,La Quête,Orelsan,https://open.spotify.com/track/0w6lsLBvhtGcqMYA7MB7r6,35,44.0,3,0.3900156226148597
Hong Kong,2021-12-13,Own Brand Freestyle,"FelixThe1st, Dreya Mac, Finch Fetti",https://open.spotify.com/track/6Jzdxguk63s6CVVXHIrQ0x,37,41.0,3,0.38985124222740164
Portugal,2021-12-13,É Por Isso Que Sofre,"Dj Batata, Tati Quebra Barraco, Bárbara Labres",https://open.spotify.com/track/2wjTTRCmCeaNrpFG4YVsFy,47,48.5,4,0.38980866651402735
Czech Republic,2021-12-13,Spaceship,Viktor Sheen,https://open.spotify.com/track/1iCxH5udvifjp0otnwIj75,50,50.0,1,0.3897282051259154
Costa Rica,2021-12-13,La familia Madrigal,"Olga Lucía Vives, Yaneth Waldman, Encanto - Elenco",https://open.spotify.com/track/6740sbqgB64LZopHUEiBG8,46,47.25,4,0.38963031055819125
Finland,2021-12-13,Dance with the Devil,Immortal Technique,https://open.spotify.com/track/7MDUVH4ITohsIjdynRwCJp,30,36.6,5,0.3894054459286983
Colombia,2021-12-13,Nanae (with Beele),"Jay Menez, Beéle",https://open.spotify.com/track/1B0VI8xsZg7ur05npSsVvs,27,32.42857142857143,7,0.38914635481666376
India,2021-12-13,Stay X Ranjha Remix,DJ Ashmit,https://open.spotify.com/track/16lU6Sgd3FRCuOjneCnPGK,21,22.285714285714285,7,0.38906434975984955
Argentina,2021-12-13,Fanática Sensual - Turreo Edit,DJ Mutha,https://open.spotify.com/track/6jrNwdZzckHtacdzCCna9N,27,29.142857142857142,7,0.3888528571012557
United Kingdom,2021-12-13,The Talking Stage Game,MiSTah Kye,https://open.spotify.com/track/14tu1tKyRNKh7xvAIOQViJ,24,33.857142857142854,7,0.3888133230635301
Indonesia,2021-12-13,December,Neck Deep,https://open.spotify.com/track/4oVdhvxZrKQTM9ZsUIZa3S,46,47.75,4,0.38874157308601015
Nicaragua,2021-12-13,Face Off,"Tech N9ne, Joey Cool, King Iso, Dwayne Johnson",https://open.spotify.com/track/6M47gaKejso9772SKTa3yH,40,46.0,3,0.38865983663191783
Italy,2021-12-13,Goodbye (from the series Arcane League of Legends),Ramsey,https://open.spotify.com/track/5QWjrWckcPcSVqQNfbD4Bc,27,33.0,7,0.3885440919612906
Mexico,2021-12-13,Alguien Mejor,Carin Leon,https://open.spotify.com/track/5RG533H96YnaDKsp0aj2IL,41,46.25,4,0.38853182362187916
Luxembourg,2021-12-13,Lights Are On,Tom Rosenthal,https://open.spotify.com/track/4IhTXiZLKATmwhMZIb1GQN,46,46.0,1,0.38848860492193493
Denmark,2021-12-13,Come Over (Again),Crawlers,https://open.spotify.com/track/4PDJDIdWxNN1AlnbrKkoPf,24,25.571428571428573,7,0.38847943502995663
Uruguay,2021-12-13,CONTANDO OVEJAS,WOS,https://open.spotify.com/track/47DL8jY6HJD2mlCcTuOWKX,38,42.75,4,0.38838353744025694
Canada,2021-12-13,Notion,The Rare Occasions,https://open.spotify.com/track/0sTlGEld0h8kIPZaKDYUf4,26,36.714285714285715,7,0.3882452384223101
Finland,2021-12-13,ISI MAKSAA,"Räpfaija, Lydia Kenig",https://open.spotify.com/track/0MtR1vbS7UeJa0jvXGCwmY,12,16.285714285714285,7,0.3882396129025297
Italy,2021-12-13,Un uomo che ti ama - Live,BALTIMORA,https://open.spotify.com/track/2CeZQWfZN6l7PMg8ftNNZ0,35,36.75,4,0.3881376812983658
Honduras,2021-12-13,Amapolas,Leo Rizzi,https://open.spotify.com/track/0z5yLgBmAtaylDYrgwzlpH,32,42.5,4,0.38785325907105983
Norway,2021-12-13,IN THE CLUB,Mishashi Sensei,https://open.spotify.com/track/7vX0rvoGneCCOJ2QPruNNZ,17,22.142857142857142,7,0.38746508534569307
United States,2021-12-13,God's Country,"State of Mine, Drew Jacobs",https://open.spotify.com/track/0nnsBvdSmaGfphj44qiFRl,38,40.57142857142857,7,0.38736993311071255
Chile,2021-12-13,Un Millón de Primaveras,Vicente Fernández,https://open.spotify.com/track/6j5LtifAnuTjTYvml61yFZ,49,49.0,1,0.3873561132155547
Ecuador,2021-12-13,Mirror Mirror,"F.HERO, MILLI, Changbin of Stray Kids",https://open.spotify.com/track/59WuWdDH06AYXgdoMENEa3,32,40.4,5,0.38706870801668064
United States,2021-12-13,Goodbye (from the series Arcane League of Legends),Ramsey,https://open.spotify.com/track/5QWjrWckcPcSVqQNfbD4Bc,27,32.142857142857146,7,0.3869438458080169
Ireland,2021-12-13,HMU,Tobias Dray,https://open.spotify.com/track/60U1w8wJMlPvXRdPaLAYqi,37,40.4,5,0.3868955207349981
Turkey,2021-12-13,4:00A.M.,Taeko Onuki,https://open.spotify.com/track/0zoGVO4bQXG8U6ChKwNgeg,22,24.571428571428573,7,0.3868153538782069
Netherlands,2021-12-13,4am,JBee,https://open.spotify.com/track/3jTWd38NseaNnSuIK2Ybsp,27,30.428571428571427,7,0.3868150110367803
Nicaragua,2021-12-13,LA FAMA (with The Weeknd),ROSALÍA,https://open.spotify.com/track/6dmXZ9B5HdFAyzHeTneYBK,49,49.0,2,0.3865764235334823
Poland,2021-12-13,COCO,"mgng, MASNY BEN",https://open.spotify.com/track/4huKZSBZ0UJt2RWwB8PEWU,33,37.0,7,0.386454940631635
Latvia,2021-12-13,Dark Beach,Pastel Ghost,https://open.spotify.com/track/5QmdK8QFbY8TLVKPuJzexD,45,45.0,2,0.38639286671227663
Greece,2021-12-13,All Too Well (10 Minute Version) (Taylor's Version) (From The Vault),Taylor Swift,https://open.spotify.com/track/5enxwA8aAbwZbf5qCHORXi,41,41.0,1,0.3862642948783489
Japan,2021-12-13,浅草キッド,Takeshi Kitano,https://open.spotify.com/track/6wPhaw4uYQA3EUsKdfpBME,30,36.4,5,0.3862181618446559
Czech Republic,2021-12-13,all I want is you,"Rebzyyx, hoshie star",https://open.spotify.com/track/7lOvJBqH38ZY59eLU7bioq,42,44.75,4,0.38602135203463717
Russia,2021-12-13,Marmalade,"Miyagi & Andy Panda, Mav-d",https://open.spotify.com/track/7rvEwAILTqxBpdIyUifkE8,36,39.714285714285715,7,0.38560340611178945
Poland,2021-12-13,HMU,Tobias Dray,https://open.spotify.com/track/60U1w8wJMlPvXRdPaLAYqi,18,24.571428571428573,7,0.38556072896327714
Finland,2021-12-13,Own Brand Freestyle,"FelixThe1st, Dreya Mac, Finch Fetti",https://open.spotify.com/track/6Jzdxguk63s6CVVXHIrQ0x,14,19.142857142857142,7,0.3855447914007221
Paraguay,2021-12-13,After Dark,Mr.Kitty,https://open.spotify.com/track/0zCgWGmDF0aih5qexATyBn,42,46.0,4,0.38550545591267765
Denmark,2021-12-13,DTB,Merczz,https://open.spotify.com/track/6BoXckigjvnIAZVQV6lELq,11,12.571428571428571,7,0.38544345113967826
Netherlands,2021-12-13,Woops - Original Remastered Mix,Bountyhunter,https://open.spotify.com/track/5WWiWCsCZ0PSsMnYrdcBYY,23,26.5,2,0.3853268262858828
Philippines,2021-12-13,Mirror Mirror,"F.HERO, MILLI, Changbin of Stray Kids",https://open.spotify.com/track/59WuWdDH06AYXgdoMENEa3,26,28.714285714285715,7,0.3851180795323925
Vietnam,2021-12-13,Mot Dai Kho Mot Toi,An Lan,https://open.spotify.com/track/6RUqCktLoPolNPQEbysOXy,38,38.0,2,0.3851116128808949
South Korea,2021-12-13,好きだから。,『ユイカ』,https://open.spotify.com/track/02xwA3Ej9NPetftp9V7VZ3,48,48.0,1,0.38507012966755827
United States,2021-12-13,Trauma,AfterDeath,https://open.spotify.com/track/7t0rJk6wtjb1qvQWD1dwqX,22,23.0,2,0.384648925095853
Taiwan,2021-12-13,All Too Well (10 Minute Version) (Taylor's Version) (From The Vault),Taylor Swift,https://open.spotify.com/track/5enxwA8aAbwZbf5qCHORXi,32,39.42857142857143,7,0.3844442808405399
Philippines,2021-12-13,"30/90 (from ""tick, tick... BOOM!"" Soundtrack from the Netflix Film)","Andrew Garfield, Joshua Henry, Vanessa Hudgens, Robin de Jesus, Alexandra Shipp, MJ Rodriguez",https://open.spotify.com/track/55MIRLbZzpYSmMlRt9ZDWM,23,23.5,6,0.3843999290514495
Poland,2021-12-13,THC,"Young Igi, Włodi",https://open.spotify.com/track/0CMxaedU31OgxQvrA1VE1J,32,35.142857142857146,7,0.38439785024766715
Spain,2021-12-13,En lo profundo/Peso,Sugey Torres,https://open.spotify.com/track/4mEIqavz99DpHXxi3wK46I,18,22.714285714285715,7,0.384372675903767
Portugal,2021-12-13,Onde Vais (feat. Carminho),Bárbara Bandeira,https://open.spotify.com/track/4xigvdbvlzxJIIZGIg6eGT,40,43.666666666666664,3,0.3842887689639489
Thailand,2021-12-13,24/7,"Celina Sharma, Harris J.",https://open.spotify.com/track/304uzYXYjPulJpLRJzuesX,38,41.857142857142854,7,0.38418021902527966
Chile,2021-12-13,Sou Favela,"MC Bruninho, Vitinho Ferrari, Dj DG, Batidão Stronda",https://open.spotify.com/track/4lEVoOnIybtRqi4knZwdPZ,33,40.0,7,0.38406230228534044
Hong Kong,2021-12-13,Nothing,Bruno Major,https://open.spotify.com/track/2IAR0DziHCjSu16gR4ihvy,47,47.5,2,0.3840482431209527
Hong Kong,2021-12-13,佳佳 (Gai Gai),N.Y.P.D. 南洋派對,https://open.spotify.com/track/5vHFDxxQbFXRs0JUhSYgao,43,46.25,4,0.383859864492565
Luxembourg,2021-12-13,Chocolat,Ya Levis,https://open.spotify.com/track/5DlEHbXTtsbmbRjcrv4xL8,47,47.0,1,0.38373737411622144
Morocco,2021-12-13,I Love You So,The Walters,https://open.spotify.com/track/4SqWKzw0CbA05TGszDgMlc,49,49.5,2,0.3833190799139711
Egypt,2021-12-13,Hateshtaou,Angham,https://open.spotify.com/track/6NcgWiRX9L2j6w8ZeoIsGG,47,48.25,4,0.38331602589903235
Russia,2021-12-13,На самом деле,Таис Урумидис,https://open.spotify.com/track/3vcl4RuCPRjc4ErLqNUvlE,11,12.714285714285714,7,0.382974549323467
Italy,2021-12-13,Notion,The Rare Occasions,https://open.spotify.com/track/0sTlGEld0h8kIPZaKDYUf4,18,20.571428571428573,7,0.3826032584313404
Singapore,2021-12-13,Notion,The Rare Occasions,https://open.spotify.com/track/0sTlGEld0h8kIPZaKDYUf4,27,33.142857142857146,7,0.38237949002175464
Thailand,2021-12-13,Limousine (Feat. MINO) (Prod. GRAY),BE'O,https://open.spotify.com/track/5g2Ik0WJG9rqu97nCLcQhV,25,28.857142857142858,7,0.38224867074695507
Slovakia,2021-12-13,lost souls (with Brent Faiyaz),Baby Keem,https://open.spotify.com/track/02rdXe0KhMe8p6ZHzYtuw0,39,43.666666666666664,3,0.38215173910555966
Ireland,2021-12-13,Dynasties & Dystopia (from the series Arcane League of Legends),"Denzel Curry, Gizzle, Bren Joy",https://open.spotify.com/track/5EIkdrmuu2xkoQWOWjoeFY,50,50.0,1,0.3821475103297194
Indonesia,2021-12-13,Mirror Mirror,"F.HERO, MILLI, Changbin of Stray Kids",https://open.spotify.com/track/59WuWdDH06AYXgdoMENEa3,35,42.285714285714285,7,0.3820376728795273
Russia,2021-12-13,Want me!!?,"Cl4pers, noevdv",https://open.spotify.com/track/115iPhBHB5BBzjLCZFfvTt,32,39.5,4,0.3819557275679131
Japan,2021-12-13,longing,ユナ (CV:神田沙也加),https://open.spotify.com/track/0gayhpzGMu1hW3FIvM8tIf,21,21.0,1,0.3819291128215977
Iceland,2021-12-13,Farinn,HÚGÓ,https://open.spotify.com/track/25ggBFrRXJ4XcBPlnOWD5w,46,47.4,5,0.3818911000331143
Italy,2021-12-13,Can't Get You out Of My Head,Glimmer of Blooms,https://open.spotify.com/track/5txWBmYDYOXulUabyQvsU3,45,45.0,1,0.38186136668512993
India,2021-12-13,Cpr,cupcakKe,https://open.spotify.com/track/35mBYyB61qTcGGj7MXIRM1,27,30.0,6,0.3817442129042046
Japan,2021-12-13,Lead Your Partner,Tao Tsuchiya,https://open.spotify.com/track/0pEeurFyp2xMwUX57NgmUQ,18,25.428571428571427,7,0.3814632982515506
Iceland,2021-12-13,Flowers (Say My Name),ArrDee,https://open.spotify.com/track/2BzAGK3lEZAQz5cU0Ae1wd,33,33.0,1,0.3814567951780187
Egypt,2021-12-13,3dd El Sokan,"El Waili, Donia Wael, Zaid Khaled",https://open.spotify.com/track/1a8T5FyZpWmcgJjCv7rrin,46,47.333333333333336,3,0.381446253872708
Nicaragua,2021-12-13,Amapolas - Remix,"Leo Rizzi, Danny Ocean",https://open.spotify.com/track/44QxiGlmeSpF8boud04Rkc,36,37.5,2,0.38143261869591466
Switzerland,2021-12-13,"Money Calling (feat. RAYE, Russ Millions & wewantwraiths)",Da Beatfreakz,https://open.spotify.com/track/58BJ5oUPX5ST2pjCtOSMkk,38,43.0,6,0.3814180641360266
Italy,2021-12-13,‘O Mar For,"Stefano Lentini, Matteo Paolillo - Icaro, Lolloflow, Raiz",https://open.spotify.com/track/1DQXiBc8DqPfcdLVZkouhI,41,45.666666666666664,3,0.3813892844081258
Costa Rica,2021-12-13,Face Off,"Tech N9ne, Joey Cool, King Iso, Dwayne Johnson",https://open.spotify.com/track/6M47gaKejso9772SKTa3yH,44,46.0,6,0.38125865775930773
Philippines,2021-12-13,I Love You So,The Walters,https://open.spotify.com/track/4SqWKzw0CbA05TGszDgMlc,36,37.714285714285715,7,0.3812311174245586
Ireland,2021-12-13,Material Girl,Saucy Santana,https://open.spotify.com/track/6nQ1B216Liiydhgn2gar0o,34,38.0,6,0.3807283376253089
South Korea,2021-12-13,The Weekend,"88rising, BIBI",https://open.spotify.com/track/5q3LwAHTqo9d3rET2EA9Nq,49,49.0,1,0.3803347040537304
South Korea,2021-12-13,TROUBLE (Prod. Slom),"Don Mills, northfacegawd, sokodomo, Khakii, A-chess",https://open.spotify.com/track/5UJTNrW72ZMubW2wKBf8g2,49,49.0,1,0.3803347040537304
Germany,2021-12-13,The Perfect Girl,Mareux,https://open.spotify.com/track/5RBOcBpJXaNnHCGViJmYhh,31,37.166666666666664,6,0.38028257950173594
Peru,2021-12-13,The Perfect Girl,Mareux,https://open.spotify.com/track/6J4XizhuOlKmPWykPrHIrV,25,25.0,1,0.3801583022910822
United States,2021-12-13,NO TRENDS,Mike Dimes,https://open.spotify.com/track/7oAN2D1k9Qz8qh2JaNcZrj,45,45.0,1,0.37986146050020503
Colombia,2021-12-13,Hasta la Raíz,Natalia Lafourcade,https://open.spotify.com/track/3lGMtkONrZdJ8kTCg6KIFf,44,44.0,1,0.3797272950906737
India,2021-12-13,We Rollin,Shubh,https://open.spotify.com/track/7xeE24WnWUXDwgqGiaeshi,12,14.857142857142858,7,0.3796339138132379
Paraguay,2021-12-13,PELOTUDA,Dillom,https://open.spotify.com/track/65zh1W9YBpgGlS4G98mI0v,34,37.25,4,0.3796149752765666
Bulgaria,2021-12-13,Не влюбляйся,Mary Gu,https://open.spotify.com/track/131yYsReuwHR2P9QmX9Pro,24,41.25,4,0.37959804155179305
Panama,2021-12-13,abcdefu (angrier),GAYLE,https://open.spotify.com/track/1EQFOouqdKYdpbNoOHRVO2,47,48.333333333333336,3,0.3795324972088902
Australia,2021-12-13,Dynasties & Dystopia (from the series Arcane League of Legends),"Denzel Curry, Gizzle, Bren Joy",https://open.spotify.com/track/5EIkdrmuu2xkoQWOWjoeFY,33,35.285714285714285,7,0.3794626294070771
South Korea,2021-12-13,Off The Record,Will Jay,https://open.spotify.com/track/0CnKH5T5T3bAbpQnFCehvg,41,42.0,2,0.37904420819254775
Dominican Republic,2021-12-13,I Love You So,The Walters,https://open.spotify.com/track/4SqWKzw0CbA05TGszDgMlc,44,44.0,2,0.3790432147840821
Luxembourg,2021-12-13,Easy On Me,Adele,https://open.spotify.com/track/46IZ0fSY2mpAiktS3KOqds,48,48.0,1,0.3790082364927298
Thailand,2021-12-13,One Right Now (with The Weeknd),Post Malone,https://open.spotify.com/track/00Blm7zeNqgYLPtW6zg8cj,50,50.0,2,0.37900188584243466
Iceland,2021-12-13,Legend,Tevvez,https://open.spotify.com/track/05EG9LwFCVjkoYEWzsrHHO,48,49.333333333333336,3,0.3789208727221356
France,2021-12-13,Automotivo Extradimensional,"DJ Erik JP, DJ Patrick R",https://open.spotify.com/track/6UFcpDP5nsyr7iypLOrY7d,14,15.333333333333334,3,0.37891989803880405
Japan,2021-12-13,Dark seeks light,ニノミヤユイ,https://open.spotify.com/track/2ATxQ2yeUw3CAGjjPTundt,17,25.142857142857142,7,0.378665347447714
Netherlands,2021-12-13,Super Idol - Remix,Samstring,https://open.spotify.com/track/5t07RuwZAUBBnF2tWKwgmP,11,11.5,2,0.3786484033791689
Philippines,2021-12-13,Sunsetz,Cigarettes After Sex,https://open.spotify.com/track/69UqtTHfUKAJweQwEStRzC,38,42.333333333333336,6,0.37863759313094775
Sweden,2021-12-13,Shadowminds,The Halo Effect,https://open.spotify.com/track/47qV9FAvLMUi5Ui6aTtyNT,27,31.428571428571427,7,0.3784818331274971
Japan,2021-12-13,ホワイトキス,鈴木鈴木,https://open.spotify.com/track/7sRYDTjWTX00fd9BCOflLo,15,15.714285714285714,7,0.37839716447348626
United Kingdom,2021-12-13,Want me!!?,"Cl4pers, noevdv",https://open.spotify.com/track/115iPhBHB5BBzjLCZFfvTt,33,39.0,2,0.37783527222142016
Austria,2021-12-13,Sahara,Hensonn,https://open.spotify.com/track/6nqdgUTiWt4JbABDurkxMI,44,48.0,3,0.37782969248096504
Slovakia,2021-12-13,Coming for You (feat. A1 x J1),SwitchOTR,https://open.spotify.com/track/1xIqDFx3KdByBnKMlTECcM,47,48.4,5,0.3771561431358392
Luxembourg,2021-12-13,Peru,Fireboy DML,https://open.spotify.com/track/0lk5tzmaJWVAv5GBvpm3xu,33,35.0,4,0.3770608757310481
South Korea,2021-12-13,For You (Holiday Remix) - Spotify Singles Holiday,LeeHi,https://open.spotify.com/track/7I4DnQPWhzZvK79px5UhT5,26,34.4,5,0.3768768763666062
New Zealand,2021-12-13,Buss The Red,"P Money, Whiney",https://open.spotify.com/track/67X5z4XFBbRxjbfbIGP3Ii,16,22.142857142857142,7,0.37633133127294116
Japan,2021-12-13,Chopstick,NiziU,https://open.spotify.com/track/6Yv0xoR37tcxzvey8ybW5l,30,34.57142857142857,7,0.3762168533216263
Czech Republic,2021-12-13,Sérum,Viktor Sheen,https://open.spotify.com/track/3AExPJ7KcjzpJWY2k8UAZO,39,47.2,5,0.3760914949618616
Czech Republic,2021-12-13,Dynasties & Dystopia (from the series Arcane League of Legends),"Denzel Curry, Gizzle, Bren Joy",https://open.spotify.com/track/5EIkdrmuu2xkoQWOWjoeFY,24,34.0,7,0.37606474413563074
Bulgaria,2021-12-13,Can I Get It,Adele,https://open.spotify.com/track/6w8ZPYdnGajyfPddTWdthN,42,45.75,4,0.37602778517944196
India,2021-12-13,Dandelions,Ruth B.,https://open.spotify.com/track/2eAvDnpXP5W0cVtiI0PUxV,40,43.857142857142854,7,0.3757500355251909
Vietnam,2021-12-13,Hát Cho Tháng Ngày Phôi Pha,Thế Bảo,https://open.spotify.com/track/72lbNLbQcbdexHkODZvr6O,48,49.0,2,0.3757222015946589
Japan,2021-12-13,Ubiquitous dB,ユナ (CV:神田沙也加),https://open.spotify.com/track/4QbDafBvBlc0FYgMHvWWo1,13,24.5,2,0.37562325762380455
Belgium,2021-12-13,Automotivo Extradimensional,"DJ Erik JP, DJ Patrick R",https://open.spotify.com/track/6UFcpDP5nsyr7iypLOrY7d,19,19.333333333333332,3,0.3754752118321919
Switzerland,2021-12-13,Goodbye (from the series Arcane League of Legends),Ramsey,https://open.spotify.com/track/5QWjrWckcPcSVqQNfbD4Bc,16,23.571428571428573,7,0.3753846315247312
Singapore,2021-12-13,一整个爱住你,陈一彤,https://open.spotify.com/track/3t0MbCCcXncdtWeaK9tNdN,49,49.5,2,0.3753153863961078
Turkey,2021-12-13,Eski Tadım Yok Artık,Aycan Öner,https://open.spotify.com/track/7t45KCnukn5MTp7myE6XtS,23,24.714285714285715,7,0.3753123480592652
United States,2021-12-13,22 (Remix),"Lil Candy Paint, Bhad Bhabie",https://open.spotify.com/track/1Tfl1OLWRg2l2gmrLudDEL,46,46.0,1,0.375151011368048
Vietnam,2021-12-13,Notion,The Rare Occasions,https://open.spotify.com/track/0sTlGEld0h8kIPZaKDYUf4,31,42.25,4,0.3745881066426155
Thailand,2021-12-13,ХЛОПАЙ,INSTASAMKA,https://open.spotify.com/track/0UDtb0fUqBkpXLF52Ry2lg,37,43.42857142857143,7,0.37441266932461154
France,2021-12-13,God Must Hate Me,Catie Turner,https://open.spotify.com/track/21xzFXSL2XkZ2mIzDDAqTK,25,36.57142857142857,7,0.37438401106441616
Luxembourg,2021-12-13,Daddy chocolat,"Koba LaD, Gazo",https://open.spotify.com/track/4IbDTrLxImTJfZePAX2nKB,49,49.0,1,0.37430198164517114
Sweden,2021-12-13,BAGS,BABY MALA,https://open.spotify.com/track/7BrVRDCieNEotTW4FptYh3,28,31.571428571428573,7,0.3741856421567529
Denmark,2021-12-13,edamame (feat. Rich Brian),bbno$,https://open.spotify.com/track/5rW7qTn83sCKtqBoneJs63,39,42.714285714285715,7,0.37382988910617715
Estonia,2021-12-13,No Love,АДЛИН,https://open.spotify.com/track/03TPcM9vWUmc8y6LkJAzwJ,36,40.666666666666664,3,0.3737955578118255
El Salvador,2021-12-13,LA FAMA (with The Weeknd),ROSALÍA,https://open.spotify.com/track/6dmXZ9B5HdFAyzHeTneYBK,44,44.0,2,0.37365196439032056
Luxembourg,2021-12-13,Alien Blues,Vundabar,https://open.spotify.com/track/6UjeFOCGYgMpBUtqKg1Je3,22,34.333333333333336,6,0.3736007126610413
Nicaragua,2021-12-13,Taca a Xereca pra Mim,MC Kaique da VP,https://open.spotify.com/track/2GqCEJpzmD81AJ2H0Hyz5T,36,44.2,5,0.37354868401046054
United Arab Emirates,2021-12-13,"Darshana - From ""Hridayam""","Hesham Abdul Wahab, Darshana Rajendran",https://open.spotify.com/track/4BBwON1XG02S4cpYrV10u2,45,45.666666666666664,3,0.37345199848974897
Spain,2021-12-13,Cpr,cupcakKe,https://open.spotify.com/track/35mBYyB61qTcGGj7MXIRM1,34,36.42857142857143,7,0.37323783893334556
Mexico,2021-12-13,Mírame Ma,"Aleman, Rels B",https://open.spotify.com/track/6F4Q1QRbspGB4MrJHT1H1i,37,42.285714285714285,7,0.3731389398933505
Luxembourg,2021-12-13,u.,niteboi,https://open.spotify.com/track/0J7oHYxjF6Oln61wy0kP2i,35,40.666666666666664,6,0.37313245675683687
New Zealand,2021-12-13,Intimidated (feat. H.E.R.),KAYTRANADA,https://open.spotify.com/track/1jBKtzlwTVtCrScpiiHiKT,29,33.285714285714285,7,0.37307436403513744
Italy,2021-12-13,Cambia Un Uomo,Marco Mengoni,https://open.spotify.com/track/0oLgFkHel7pcvOLaxte2QE,38,42.0,4,0.3728870963097606
United States,2021-12-13,4:00A.M.,Taeko Onuki,https://open.spotify.com/track/0zoGVO4bQXG8U6ChKwNgeg,19,28.142857142857142,7,0.37276278095106297
Honduras,2021-12-13,The Feels,TWICE,https://open.spotify.com/track/1qE8DOtw7zdXHMgZm20eLM,38,38.0,1,0.3727013475098455
Thailand,2021-12-13,Enemy (with JID) - from the series Arcane League of Legends,Imagine Dragons,https://open.spotify.com/track/1r9xUipOqoNwggBpENDsvJ,39,42.57142857142857,7,0.3724367186483131
Czech Republic,2021-12-13,Snakes (from the series Arcane League of Legends),"MIYAVI, PVRIS",https://open.spotify.com/track/7LmyUD78mtwBDzgVV4P5F4,35,43.75,4,0.37220795292246156
India,2021-12-13,DESIRES,"AP Dhillon, Gurinder Gill, Various Artists",https://open.spotify.com/track/5pcmtf1lwrMqmAWWm248fY,17,18.857142857142858,7,0.3719801091529483
Italy,2021-12-13,Fairytale of New York (feat. Kirsty MacColl),The Pogues,https://open.spotify.com/track/3VTNVsTTu05dmTsVFrmGpK,38,44.25,4,0.3718193971743695
Japan,2021-12-13,Die For You,"VALORANT, Grabbitz",https://open.spotify.com/track/2lz3zjQ5QCVXiyOzIk02vW,2,2.5,4,0.3718162165914911
Australia,2021-12-13,God Must Hate Me,Catie Turner,https://open.spotify.com/track/21xzFXSL2XkZ2mIzDDAqTK,24,26.571428571428573,7,0.3718126110513971
Nicaragua,2021-12-13,Yours,JIN,https://open.spotify.com/track/10IfXtjKQmOiON7tNAHv0y,38,38.5,2,0.37147478592912564
Hungary,2021-12-13,In My Room,Insane Clown Posse,https://open.spotify.com/track/7jKHJoOij35nfpq6PYHlFH,43,47.5,6,0.3713723540662766
Turkey,2021-12-13,Yıldızlara - Kulüp Orijinal Dizi Müziği,Salih Bademci,https://open.spotify.com/track/1jYdpyD4PlLxhgaCEIJfFE,40,40.0,1,0.37136414936055157
Finland,2021-12-13,Kuulaa sille joka kenkkuilee,Kaaleet,https://open.spotify.com/track/3c7buiYWM5D47o6Um1sA9z,29,37.714285714285715,7,0.3713414833702168
Paraguay,2021-12-13,Dynasties & Dystopia (from the series Arcane League of Legends),"Denzel Curry, Gizzle, Bren Joy",https://open.spotify.com/track/5EIkdrmuu2xkoQWOWjoeFY,48,48.5,2,0.3706244110169127
Ireland,2021-12-13,Notion,The Rare Occasions,https://open.spotify.com/track/0sTlGEld0h8kIPZaKDYUf4,36,41.0,7,0.37042968437801865
Saudi Arabia,2021-12-13,SAD GIRLZ LUV MONEY Remix (feat. Kali Uchis and Moliy),Amaarae,https://open.spotify.com/track/09gysnJpfQ3ublBmJDfcEC,35,43.0,5,0.3701464275706765
South Korea,2021-12-13,BOY,King Gnu,https://open.spotify.com/track/3oQaOjaIYPsnJbGNzXcIID,41,45.0,3,0.3701233972288361
Ukraine,2021-12-13,Bananza (Belly Dancer),Akon,https://open.spotify.com/track/0dNPpDFdvzj6XFIRzg2hmp,45,46.5,2,0.3698775386299602
Hong Kong,2021-12-13,救命歌,Joyce Cheng,https://open.spotify.com/track/2MgUrCOJ891yJTCez5hsaT,36,37.5,2,0.36976591461528846
South Korea,2021-12-13,One Right Now (with The Weeknd),Post Malone,https://open.spotify.com/track/00Blm7zeNqgYLPtW6zg8cj,35,37.714285714285715,7,0.36972013890397176
Italy,2021-12-13,Mon Amour - Remix,"zzoilo, Aitana",https://open.spotify.com/track/5TMLavqGRKNxgzMBrVpC9R,45,47.42857142857143,7,0.3696749015966528
Denmark,2021-12-13,Holy Father,"Mayorkun, Victony",https://open.spotify.com/track/6PojTTCNlz3qo3qBKuUyaO,15,25.142857142857142,7,0.36967277121712505
Luxembourg,2021-12-13,4am,JBee,https://open.spotify.com/track/3jTWd38NseaNnSuIK2Ybsp,50,50.0,1,0.36961938239678416
Ireland,2021-12-13,Peru,Fireboy DML,https://open.spotify.com/track/0lk5tzmaJWVAv5GBvpm3xu,44,45.333333333333336,3,0.3695331202179162
Denmark,2021-12-13,Move Your Body,"Öwnboss, Sevek",https://open.spotify.com/track/6GomT970rCOkKAyyrwJeZi,31,33.0,4,0.3694553412399786
Spain,2021-12-13,Los Malvekes,"Cris Mj, Marcianeke, Simon la Letra, Stars Music Chile",https://open.spotify.com/track/1AnJQd8TfkhK6M3VgZDVv1,38,39.57142857142857,7,0.3691531666274702
Estonia,2021-12-13,DTB,Merczz,https://open.spotify.com/track/6BoXckigjvnIAZVQV6lELq,43,43.75,4,0.36912811536770845
Brazil,2021-12-13,SAD GIRLZ LUV MONEY Remix (feat. Kali Uchis and Moliy),Amaarae,https://open.spotify.com/track/09gysnJpfQ3ublBmJDfcEC,29,36.42857142857143,7,0.3690958681861851
Nicaragua,2021-12-13,La Guadalupana,Miriam Solis,https://open.spotify.com/track/3rOfTBXxwF5n2gikwP6s47,46,46.0,3,0.3689838427549598
Chile,2021-12-13,Notion,The Rare Occasions,https://open.spotify.com/track/0sTlGEld0h8kIPZaKDYUf4,26,29.571428571428573,7,0.3687674209439937
Netherlands,2021-12-13,Enemy (with JID) - from the series Arcane League of Legends,Imagine Dragons,https://open.spotify.com/track/1r9xUipOqoNwggBpENDsvJ,40,42.714285714285715,7,0.36868060796123897
France,2021-12-13,Full black,Guy2bezbar,https://open.spotify.com/track/3GdWREHnpwt24gHOxqKbOo,38,38.57142857142857,7,0.36835947518695805
Honduras,2021-12-13,Nuestra Canción,"Monsieur Periné, Vicente Garcia",https://open.spotify.com/track/5reQI13tWWYDLMrGcUF4Mk,39,39.0,1,0.3680269945351102
Belgium,2021-12-13,Pas le temps,Nerih,https://open.spotify.com/track/2Ct4MxKDrJjFkUITbUoFlH,49,49.0,1,0.36789542225148064
Netherlands,2021-12-13,abcdefu (angrier),GAYLE,https://open.spotify.com/track/1EQFOouqdKYdpbNoOHRVO2,19,22.0,7,0.36762864878511703
Costa Rica,2021-12-13,LOST IN PARADISE,"ALI, AKLO",https://open.spotify.com/track/7kRKlFCFLAUwt43HWtauhX,34,43.25,4,0.3675408536763672
South Korea,2021-12-13,Oh My God,Adele,https://open.spotify.com/track/3Kkjo3cT83cw09VJyrLNwX,42,45.6,5,0.3675392686287244
Uruguay,2021-12-13,Por Si Acaso - Remix,"Jupa Necasek, Chiara Scanzerra",https://open.spotify.com/track/6yn4wpW5bDJILSwI01Hg1U,40,42.333333333333336,3,0.3673876409375899
Netherlands,2021-12-13,Chandelier,Will Paquin,https://open.spotify.com/track/3REELyDyt5SPKX2387Zubv,31,36.142857142857146,7,0.36716900287736953
New Zealand,2021-12-13,Brazil,A.M.C,https://open.spotify.com/track/24abahS4tYAxt7lgSBk7Vc,30,37.142857142857146,7,0.3670492531804152
Latvia,2021-12-13,4:00A.M.,Taeko Onuki,https://open.spotify.com/track/0zoGVO4bQXG8U6ChKwNgeg,27,39.0,4,0.36700585206816505
Spain,2021-12-13,God Must Hate Me,Catie Turner,https://open.spotify.com/track/21xzFXSL2XkZ2mIzDDAqTK,11,17.428571428571427,7,0.36664458367811015
Iceland,2021-12-13,Notion,The Rare Occasions,https://open.spotify.com/track/0sTlGEld0h8kIPZaKDYUf4,36,40.5,2,0.3666275278239544
Hong Kong,2021-12-13,"Meeting is easy, parting is hard (Feat. Leellamarz) (Prod. TOIL)",Basick,https://open.spotify.com/track/1GFS1xMbcAWXf5W0tSuZev,30,40.57142857142857,7,0.36656715378846927
Nicaragua,2021-12-13,"Tu Gloria, Tu Gloria",Cantores De Maria,https://open.spotify.com/track/5eOnfWS1MJZWve4WXnRjQl,26,26.0,1,0.3663955256388514
Colombia,2021-12-13,Que De Raro Tiene,Vicente Fernández,https://open.spotify.com/track/3gA2qpAbnuKLQV8Q9ZtIcf,43,46.0,3,0.3659903020620644
India,2021-12-13,if depression gets the best of me,Zevia,https://open.spotify.com/track/1UHATOi2uLeTk3UHKBwR30,30,33.57142857142857,7,0.3659780838931567
Paraguay,2021-12-13,Los Malvekes,"Cris Mj, Marcianeke, Simon la Letra, Stars Music Chile",https://open.spotify.com/track/1AnJQd8TfkhK6M3VgZDVv1,49,49.5,2,0.36596091008600096
Turkey,2021-12-13,Alien Blues,Vundabar,https://open.spotify.com/track/6UjeFOCGYgMpBUtqKg1Je3,37,40.0,7,0.36590603955956374
Ecuador,2021-12-13,The Perfect Girl,Mareux,https://open.spotify.com/track/5RBOcBpJXaNnHCGViJmYhh,42,45.666666666666664,3,0.36569687613034724
Ireland,2021-12-13,Happier Than Ever,ASTN,https://open.spotify.com/track/7es56D0QedGMsK39wl2yFX,14,22.0,7,0.36567134343598334
Singapore,2021-12-13,热爱105°C的你 (2021),Futuristic Hitz,https://open.spotify.com/track/6k3qHeq0NCsDw412ll6OdO,43,46.285714285714285,7,0.36552429211945303
Uruguay,2021-12-13,KALEB DI MASI | DJ TAO Turreo Sessions #5,Kaleb Di Masi,https://open.spotify.com/track/3xnzkgl56WCFFzLxQ8c07L,47,47.5,2,0.36543749710286016
Luxembourg,2021-12-13,Heat Waves,Glass Animals,https://open.spotify.com/track/02MWAaffLxlfxAUY7c5dvx,29,37.5,4,0.36515276945998904
Uruguay,2021-12-13,Own Brand Freestyle,"FelixThe1st, Dreya Mac, Finch Fetti",https://open.spotify.com/track/6Jzdxguk63s6CVVXHIrQ0x,41,41.0,1,0.3651392060461128
Argentina,2021-12-13,PELOTUDA,Dillom,https://open.spotify.com/track/65zh1W9YBpgGlS4G98mI0v,29,34.0,7,0.36485765917513896
New Zealand,2021-12-13,God Must Hate Me,Catie Turner,https://open.spotify.com/track/21xzFXSL2XkZ2mIzDDAqTK,18,29.0,7,0.36468158848814464
United Kingdom,2021-12-13,Chandelier,Will Paquin,https://open.spotify.com/track/3REELyDyt5SPKX2387Zubv,28,34.714285714285715,7,0.36434106430175606
Spain,2021-12-13,All Too Well (10 Minute Version) (Taylor's Version) (From The Vault),Taylor Swift,https://open.spotify.com/track/5enxwA8aAbwZbf5qCHORXi,36,37.57142857142857,7,0.36431112424965545
Ukraine,2021-12-13,Маргарет,Electroforez,https://open.spotify.com/track/1AbVt1XkKXHeSXsTQz52lH,47,47.0,1,0.36395557415440105
Dominican Republic,2021-12-13,Sauce Boy Freestyle 5,Eladio Carrion,https://open.spotify.com/track/69L3B6ZuwodK4NL8bAPgJc,42,42.0,1,0.36386826470273753
Japan,2021-12-13,"New street, New world",ROF-MAO,https://open.spotify.com/track/2hCdomEPduZ1Ew2OfdbaaX,6,7.428571428571429,7,0.3634743762959609
Honduras,2021-12-13,Mr. Trance,Esteman,https://open.spotify.com/track/3SLIDzhExrfsvH6sVosiwn,40,40.0,1,0.3633773066221807
Indonesia,2021-12-13,Drowning,tapzen,https://open.spotify.com/track/7pjCu468Y6nvoPSe9GTn21,38,43.833333333333336,6,0.36325431585638496
Belgium,2021-12-13,MAUVAIS PAYEUR,La Fève,https://open.spotify.com/track/2IGabiC03QhYoz6lcAmxXk,50,50.0,1,0.3632464411777293
Belgium,2021-12-13,La Espada,Eternal Raijin,https://open.spotify.com/track/6w969Gr8VhF02vaHs67oo9,50,50.0,1,0.3632464411777293
South Africa,2021-12-13,Pas le temps,Nerih,https://open.spotify.com/track/2Ct4MxKDrJjFkUITbUoFlH,50,50.0,1,0.3629142452956823
Hungary,2021-12-13,4:00A.M.,Taeko Onuki,https://open.spotify.com/track/0zoGVO4bQXG8U6ChKwNgeg,41,42.0,2,0.36247735693771693
Morocco,2021-12-13,Coming for You (feat. A1 x J1),SwitchOTR,https://open.spotify.com/track/1xIqDFx3KdByBnKMlTECcM,48,48.666666666666664,3,0.362388148270546
Japan,2021-12-13,パラレルワールド,YO_CO,https://open.spotify.com/track/1ifGNka9dtB47g2qNZ03CX,22,30.428571428571427,7,0.36226366737624166
Russia,2021-12-13,Месяц,Palina,https://open.spotify.com/track/6ld52YcdNV7pdvIs69u4tP,15,18.857142857142858,7,0.36213743031337386
Colombia,2021-12-13,Si Te Interesa,Beéle,https://open.spotify.com/track/3cuxPiF5W1ID8R5Mmr36gS,33,36.285714285714285,7,0.3619706211780773
Egypt,2021-12-13,Hamoot Men Gherha,Ramy Sabry,https://open.spotify.com/track/2W4rmDnrHNGqT2xlsjmEWX,26,35.0,7,0.3619291321958756
Belgium,2021-12-13,u.,niteboi,https://open.spotify.com/track/0J7oHYxjF6Oln61wy0kP2i,35,43.142857142857146,7,0.3619065741463569
South Korea,2021-12-13,All Too Well (10 Minute Version) (Taylor's Version) (From The Vault),Taylor Swift,https://open.spotify.com/track/5enxwA8aAbwZbf5qCHORXi,28,34.0,4,0.3617064400273589
Denmark,2021-12-13,No Wahala,1da Banton,https://open.spotify.com/track/4vHy2IHzf3EabEa7oMpUZB,28,33.857142857142854,7,0.3615981589139158
Morocco,2021-12-13,Jour meilleur,Orelsan,https://open.spotify.com/track/6VOUfCrjmxH62oijWgbC6O,47,48.666666666666664,3,0.3609006399284335
Sweden,2021-12-13,Dirty Little Animals (From the series Arcane League of Legends),BONES UK,https://open.spotify.com/track/2ZuDGsKSJpQdJmpknJ7ypF,31,33.57142857142857,7,0.3606817328588849
Norway,2021-12-13,Surface Pressure,Jessica Darrow,https://open.spotify.com/track/760jhRscwGbIIe1m1IIQpU,39,39.0,1,0.3606034707793111
Ireland,2021-12-13,Never Do a Tango with an Eskimo,Alma Cogan,https://open.spotify.com/track/1RiThvT6YsZaSVfditP8iD,39,43.0,4,0.36055259814321317
Belgium,2021-12-13,4:00A.M.,Taeko Onuki,https://open.spotify.com/track/0zoGVO4bQXG8U6ChKwNgeg,27,28.666666666666668,3,0.360491559437038
Czech Republic,2021-12-13,Я буду ебать,"Moreart, IHI",https://open.spotify.com/track/3lFrFQcZWPLa8WEG7xoc4b,31,40.25,4,0.3600881601021748
Denmark,2021-12-13,Under Din Sne,The Minds Of 99,https://open.spotify.com/track/1D9P6P6yR4LB3Cq0ozn8ZE,39,42.0,7,0.36001234079110017
Uruguay,2021-12-13,"No Tengo Hambre, Tengo Ansiedad",Alan Sutton y las criaturitas de la ansiedad,https://open.spotify.com/track/0kqWb82ACdjcObDqDqD0zg,42,46.0,2,0.35999991300227974
Ecuador,2021-12-13,"No Tengo Hambre, Tengo Ansiedad",Alan Sutton y las criaturitas de la ansiedad,https://open.spotify.com/track/0kqWb82ACdjcObDqDqD0zg,43,47.6,5,0.35995552595298996
Switzerland,2021-12-13,MAUVAIS PAYEUR,La Fève,https://open.spotify.com/track/2IGabiC03QhYoz6lcAmxXk,30,39.333333333333336,3,0.3598169117704196
Colombia,2021-12-13,4:00A.M.,Taeko Onuki,https://open.spotify.com/track/0zoGVO4bQXG8U6ChKwNgeg,21,27.857142857142858,7,0.35975071494109045
France,2021-12-13,Neo Surf,"GENER8ION, 070 Shake",https://open.spotify.com/track/6XmT8fIEfcS3ZSVEz00U7m,44,46.57142857142857,7,0.35966717139903487
Ireland,2021-12-13,Snakes (from the series Arcane League of Legends),"MIYAVI, PVRIS",https://open.spotify.com/track/7LmyUD78mtwBDzgVV4P5F4,43,45.0,5,0.35943703374232433
Turkey,2021-12-13,M.,Anıl Emre Daldal,https://open.spotify.com/track/6wfb4nI2Vih263JqC8WSoW,47,49.333333333333336,6,0.3594110313461054
Ukraine,2021-12-13,abcdefu (angrier),GAYLE,https://open.spotify.com/track/1EQFOouqdKYdpbNoOHRVO2,48,48.0,1,0.35932807785955734
United Arab Emirates,2021-12-13,After Dark,Mr.Kitty,https://open.spotify.com/track/0zCgWGmDF0aih5qexATyBn,48,49.333333333333336,3,0.3591800455682712
New Zealand,2021-12-13,edamame (feat. Rich Brian),bbno$,https://open.spotify.com/track/5rW7qTn83sCKtqBoneJs63,44,47.142857142857146,7,0.3591356659813052
Ecuador,2021-12-13,Convéncete,Princesa Alba,https://open.spotify.com/track/5UyH584f99c7qErZifyaHy,43,44.0,3,0.3591278267748602
Norway,2021-12-13,Super Gremlin,Kodak Black,https://open.spotify.com/track/4A8cWXxKfIL3lAyUDzXbCF,35,39.714285714285715,7,0.3590170128195439
Chile,2021-12-13,Amapolas - Remix,"Leo Rizzi, Danny Ocean",https://open.spotify.com/track/44QxiGlmeSpF8boud04Rkc,45,48.0,3,0.35889835106495926
Honduras,2021-12-13,Ya Supérame (En Vivo),Grupo Firme,https://open.spotify.com/track/6HIIuuUIEzH1meVdGbMXyf,41,41.0,1,0.35875301567748935
Sweden,2021-12-13,Ludvig Daae,"Helene Olafsen, Norges Nye Megahit",https://open.spotify.com/track/5TyFg2tdUPtBVKm7ZRevGk,18,20.857142857142858,7,0.35866603732261687
El Salvador,2021-12-13,A Veces,"Corina Smith, Arcangel",https://open.spotify.com/track/3aZx00h5NlPzmfTPuVplJ5,41,45.0,2,0.35865404732905387
Germany,2021-12-13,abcdefu (angrier),GAYLE,https://open.spotify.com/track/1EQFOouqdKYdpbNoOHRVO2,20,22.142857142857142,7,0.3585901503161239
Spain,2021-12-13,Flecha,"Leiva, Elsa y Elmar",https://open.spotify.com/track/1vmSs9UqHEF09fw75pDVXG,36,37.142857142857146,7,0.3585473616566591
Italy,2021-12-13,LAUREA AD HONOREM (feat. Calcutta),"Marracash, Calcutta ",https://open.spotify.com/track/5xJNgaimelFOPWnK9U4IUO,50,50.0,1,0.35850001570729356
Italy,2021-12-13,PULL UP,MamboLosco,https://open.spotify.com/track/2YupQOfNkh71s7qE542gXO,50,50.0,1,0.35850001570729356
Italy,2021-12-13,Turning Tables - Live,BALTIMORA,https://open.spotify.com/track/6ZgUGDOrK7WncgoYFDjRiE,50,50.0,1,0.35850001570729356
Vietnam,2021-12-13,Mo Ve Noi Xa Lam,Hoang Nhat Minh,https://open.spotify.com/track/3m4irc1dB62XXHroF3uDwB,30,30.0,2,0.3583645762521458
Chile,2021-12-13,Avaro,"Fly With Music, Dainesitta, Bayriton",https://open.spotify.com/track/0qQtwhRLZJpmPNvhhsR3vF,43,47.25,4,0.35826949005772224
India,2021-12-13,Heat Waves Slowed Reverb,Farizki,https://open.spotify.com/track/5fQktIRonwXwj9IVTQ3Z3f,44,45.57142857142857,7,0.3582044367370006
Taiwan,2021-12-13,你不屬於我 - 《比悲傷更悲傷的故事》影集版片尾曲,Eric Chou,https://open.spotify.com/track/5Y47GrCrjQY44qFv8Gt0Gm,42,43.75,4,0.357800218201323
Nicaragua,2021-12-13,"Oh, Virgen de Concepcion",Cantores De Maria,https://open.spotify.com/track/5zR0eCuVtiGeCe31MSKSMW,27,27.0,1,0.3577286630794443
United Kingdom,2021-12-13,Gaudete - 2009 Remaster,Steeleye Span,https://open.spotify.com/track/5UOOahEIevLljTEYMdv60e,44,46.8,5,0.35768195225676824
Finland,2021-12-13,Alien Blues,Vundabar,https://open.spotify.com/track/6UjeFOCGYgMpBUtqKg1Je3,8,11.714285714285714,7,0.35759412221144704
South Korea,2021-12-13,Siesta,Weki Meki,https://open.spotify.com/track/0Lv8nIY6aeJfERMDVTBKHb,29,37.4,5,0.35756746255490746
Taiwan,2021-12-13,Dirty Little Animals (From the series Arcane League of Legends),BONES UK,https://open.spotify.com/track/2ZuDGsKSJpQdJmpknJ7ypF,27,36.285714285714285,7,0.3573886171534465
Philippines,2021-12-13,BMW,"Because, Leslie",https://open.spotify.com/track/62aa4ZnQGgF8gXzzvWRJhG,41,44.285714285714285,7,0.35715309041397697
France,2021-12-13,Dirty Little Animals (From the series Arcane League of Legends),BONES UK,https://open.spotify.com/track/2ZuDGsKSJpQdJmpknJ7ypF,20,26.285714285714285,7,0.3568419808953538
Singapore,2021-12-13,All Too Well (10 Minute Version) (Taylor's Version) (From The Vault),Taylor Swift,https://open.spotify.com/track/5enxwA8aAbwZbf5qCHORXi,34,40.142857142857146,7,0.3567940434008212
Russia,2021-12-13,Sodus,Cemeteries,https://open.spotify.com/track/1cyRoWGazsa8Vr5qlDfvPP,30,34.333333333333336,3,0.3567340126745539
France,2021-12-13,AUTOMOTIVO EXTRADIMENSIONAL,"DJ Erik JP, DJ Patrick R",https://open.spotify.com/track/0VuMkeXhzn0Qp9KzzC4s4N,12,12.0,1,0.3567294329550293
Brazil,2021-12-13,MALDITA PERIGOSA,"DJ VILÃO, Mc Scar",https://open.spotify.com/track/7MJiZazhXeWZoFZlBzC7sf,47,47.75,4,0.35670448689343914
United States,2021-12-13,What Could Have Been feat. Ray Chen (from the series Arcane League of Legends),Sting,https://open.spotify.com/track/4Oih3RDrSFg3afaOphBVuy,50,50.0,1,0.3565518859050418
Spain,2021-12-13,Dirty Little Animals (From the series Arcane League of Legends),BONES UK,https://open.spotify.com/track/2ZuDGsKSJpQdJmpknJ7ypF,39,42.57142857142857,7,0.3565368177038614
New Zealand,2021-12-13,Infinite (Freedom),K Motionz,https://open.spotify.com/track/0vN9DaL27w0EKhcgJBf7Bi,34,36.857142857142854,7,0.3565130171095996
Colombia,2021-12-13,Lo Siento BB:/ (with Bad Bunny & Julieta Venegas),Tainy,https://open.spotify.com/track/4gzsuuZypVbxs0Af1LSZyB,49,49.0,1,0.3564212215559061
Costa Rica,2021-12-13,Alejarme de Ti,"Eladio Carrion, Jay Wheeler",https://open.spotify.com/track/4YV8COy6CS7PBFHw0AO4pF,28,36.0,5,0.3561188781743418
Hong Kong,2021-12-13,Infinity,Jaymes Young,https://open.spotify.com/track/1SOClUWhOi8vHZYMz3GluK,34,40.142857142857146,7,0.35610347989096386
Iceland,2021-12-13,Lights Are On,Tom Rosenthal,https://open.spotify.com/track/4IhTXiZLKATmwhMZIb1GQN,45,45.333333333333336,3,0.35587448478521727
Estonia,2021-12-13,Come Over (Again),Crawlers,https://open.spotify.com/track/4PDJDIdWxNN1AlnbrKkoPf,39,43.25,4,0.355654414553526
Norway,2021-12-13,The Perfect Girl,Mareux,https://open.spotify.com/track/5RBOcBpJXaNnHCGViJmYhh,26,30.333333333333332,6,0.35547000370765675
Finland,2021-12-13,Dirty Little Animals (From the series Arcane League of Legends),BONES UK,https://open.spotify.com/track/2ZuDGsKSJpQdJmpknJ7ypF,22,26.714285714285715,7,0.3554657334729217
Ecuador,2021-12-13,Amapolas - Remix,"Leo Rizzi, Danny Ocean",https://open.spotify.com/track/44QxiGlmeSpF8boud04Rkc,41,42.5,6,0.355450452923548
Turkey,2021-12-13,Enemy (with JID) - from the series Arcane League of Legends,Imagine Dragons,https://open.spotify.com/track/1r9xUipOqoNwggBpENDsvJ,41,42.285714285714285,7,0.35524786928780355
Finland,2021-12-13,IN THE CLUB,Mishashi Sensei,https://open.spotify.com/track/7vX0rvoGneCCOJ2QPruNNZ,19,23.857142857142858,7,0.35521499785979777
Paraguay,2021-12-13,Don Omar Rkt (Tengo el Pure),DJ Sebas,https://open.spotify.com/track/5boDCW4sxO9DQBlnwJuvpF,37,41.5,2,0.35515603851818617
Finland,2021-12-13,"Money Calling (feat. RAYE, Russ Millions & wewantwraiths)",Da Beatfreakz,https://open.spotify.com/track/58BJ5oUPX5ST2pjCtOSMkk,30,33.57142857142857,7,0.35502840399889546
Germany,2021-12-13,Chandelier,Will Paquin,https://open.spotify.com/track/3REELyDyt5SPKX2387Zubv,33,34.857142857142854,7,0.35466859865748424
Norway,2021-12-13,"Brett, snu og vips",Jon Almaas,https://open.spotify.com/track/2KUQ5yZP1z6sJvwhCRIu89,38,44.0,6,0.3544674317007736
Italy,2021-12-13,LA FAMA (with The Weeknd),ROSALÍA,https://open.spotify.com/track/6dmXZ9B5HdFAyzHeTneYBK,42,45.75,4,0.3544527044698768
Argentina,2021-12-13,Two Birds,Regina Spektor,https://open.spotify.com/track/2n0U2OG5d6TuW5mKx7YrC0,34,40.142857142857146,7,0.3542123667610865
Hong Kong,2021-12-13,LOVELOST (feat. TomFatKi) - 傷愛學會Mix,Gigi Cheung,https://open.spotify.com/track/6Cz33frtzltNfNjPlQ0JAU,37,43.2,5,0.35403043335915785
Colombia,2021-12-13,Tacones Rojos,Sebastian Yatra,https://open.spotify.com/track/0Be7sopyKMv8Y8npsUkax2,41,44.5,2,0.35400365685982915
Colombia,2021-12-13,La Diferencia,Vicente Fernández,https://open.spotify.com/track/6wwMqdntt3An3mmVSb613i,41,44.5,2,0.35400365685982915
South Korea,2021-12-13,SCIENTIST,TWICE,https://open.spotify.com/track/2J0TRU2EDG29qlmxdGa4xa,39,42.2,5,0.3539569258973604
Guatemala,2021-12-13,Alguien Mejor,Carin Leon,https://open.spotify.com/track/5RG533H96YnaDKsp0aj2IL,33,39.0,3,0.3538657699976532
Finland,2021-12-13,Osa Suurempaa,"Jones, Jontti, Timo Kotipoltto",https://open.spotify.com/track/4WpbUyMcdokDvCSixzNg8f,10,17.285714285714285,7,0.35372766845950393
Greece,2021-12-13,Ti na kano?,Yama,https://open.spotify.com/track/7J18PPSPeaEXxC38sUb5hR,48,48.0,1,0.35357581094681273
Canada,2021-12-13,Snakes (from the series Arcane League of Legends),"MIYAVI, PVRIS",https://open.spotify.com/track/7LmyUD78mtwBDzgVV4P5F4,49,49.0,1,0.35342082056243024
Canada,2021-12-13,Seventeen Going Under,Sam Fender,https://open.spotify.com/track/5rF6YUIlgiat22OT1lWspJ,49,49.0,1,0.35342082056243024
Portugal,2021-12-13,Fall in Love with You.,Montell Fish,https://open.spotify.com/track/31MQR9rOHRXyg4J01hRY1h,39,41.5,4,0.3532278917663915
Nicaragua,2021-12-13,"Salve, Salve Cantando a Maria",Cantores De Maria,https://open.spotify.com/track/5QUCc9SzIc0i56fTHvzcRW,28,28.0,1,0.3531363818268171
New Zealand,2021-12-13,Beverly Hills,Shaboozey,https://open.spotify.com/track/3Ps0JFaxBuamCoQTx6X8LT,10,17.857142857142858,7,0.3531023721836496
Estonia,2021-12-13,Bananza (Belly Dancer),Akon,https://open.spotify.com/track/0dNPpDFdvzj6XFIRzg2hmp,28,33.5,2,0.3530328116097725
Peru,2021-12-13,All Too Well (10 Minute Version) (Taylor's Version) (From The Vault),Taylor Swift,https://open.spotify.com/track/5enxwA8aAbwZbf5qCHORXi,27,32.0,7,0.3524199171228544
Norway,2021-12-13,Lucky,Lucky Twice,https://open.spotify.com/track/2UFzyfLgNGY0PLXfkszWlf,38,43.0,7,0.35208688642055186
Sweden,2021-12-13,Får tomten komma upp och hälsa på,Bo Kaspers Orkester,https://open.spotify.com/track/7aSVjJqlrmaoE38yZmpDL3,45,47.57142857142857,7,0.35203108029438973
Denmark,2021-12-13,Kærester - Drill Remix,Yibi,https://open.spotify.com/track/4e78uw9dQr1enLczIRh1Ab,18,21.428571428571427,7,0.35192398819080245
Singapore,2021-12-13,LOTUS ALL STAR - Remix,"ForceParkBois, Offgrid, JAYSTATION, Dinho, Ichu, Sxph, SonaOne, F.Rider, Rudeen, Guccimith, Vertgin, Addy Khayal",https://open.spotify.com/track/2CMDForYznddfirCekZLCX,46,46.0,2,0.3518372643720967
Colombia,2021-12-13,A Quién Vas a Amar Más Que a Mí,Vicente Fernández,https://open.spotify.com/track/1IV8PlSxx5PUiaxKwVrlg9,50,50.0,1,0.35183653004740223
Colombia,2021-12-13,Notion,The Rare Occasions,https://open.spotify.com/track/0sTlGEld0h8kIPZaKDYUf4,21,30.142857142857142,7,0.3517040633940326
Estonia,2021-12-13,Tiffer,Ursula,https://open.spotify.com/track/2j5lEGuN1loQNOaNZ2fZsm,48,49.0,3,0.35156399881688705
Germany,2021-12-13,Notion,The Rare Occasions,https://open.spotify.com/track/0sTlGEld0h8kIPZaKDYUf4,21,28.571428571428573,7,0.35147632488197866
Iceland,2021-12-13,Everyday Normal Guy 2,Jon Lajoie,https://open.spotify.com/track/2hhFpD32iXUd4GaCu6T4wn,46,46.333333333333336,3,0.3512929872467381
Philippines,2021-12-13,An Art Gallery Could Never Be As Unique As You,mrld,https://open.spotify.com/track/1Ry0l6trESL8T4ddsRaYLE,48,48.0,1,0.35127925224084955
Germany,2021-12-13,Cpr,cupcakKe,https://open.spotify.com/track/35mBYyB61qTcGGj7MXIRM1,23,26.428571428571427,7,0.35120094330704077
United Kingdom,2021-12-13,Gvnman Shift,Skeng,https://open.spotify.com/track/4y0AUgG6XhQac3a6Li93QU,31,37.0,7,0.35086103153488307
Costa Rica,2021-12-13,Usted No Me Olvida,Joaquin Guiller,https://open.spotify.com/track/6adK8xCmHfwko5N1FEDqoT,36,44.0,3,0.35078399283626716
United States,2021-12-13,Por Tu Maldito Amor,Vicente Fernández,https://open.spotify.com/track/3KZI2xeiIRJd8fm84ClxH5,43,45.5,2,0.3500244779384499
Czech Republic,2021-12-13,Stesti zdravi ane Tak trochu vanocni pisen,Ondřej Ruml,https://open.spotify.com/track/0LupGUihVKlghABbS5TeXd,36,40.0,2,0.34999958517358937
Estonia,2021-12-13,Я буду ебать,"Moreart, IHI",https://open.spotify.com/track/3lFrFQcZWPLa8WEG7xoc4b,43,45.0,2,0.34977736657860625
Denmark,2021-12-13,My Humps,"Joshwa, Lee Foss",https://open.spotify.com/track/5WoBAyXaOnKEfvsZocrPeT,26,29.25,4,0.34965167520939694
Saudi Arabia,2021-12-13,Face Off,"Tech N9ne, Joey Cool, King Iso, Dwayne Johnson",https://open.spotify.com/track/6M47gaKejso9772SKTa3yH,47,48.0,3,0.34957655525436
Chile,2021-12-13,COMPLICES,Amara Ignacia,https://open.spotify.com/track/6s980QxDECNvU8pp1SoSwP,41,43.5,6,0.3493792058022221
Portugal,2021-12-13,Toxic,BoyWithUke,https://open.spotify.com/track/2gQPv5jvVPqU2a9HhMNO1v,36,42.5,6,0.3492298017561425
Poland,2021-12-13,Blask,Reto,https://open.spotify.com/track/4ykvjxFpao25h7QOPkRzFW,29,31.857142857142858,7,0.3491785948553409
Panama,2021-12-13,Ayer y Hoy,Julio Jaramillo,https://open.spotify.com/track/58J23cD4zeeidroDepVhX7,48,48.0,1,0.34917608408245787
Luxembourg,2021-12-13,Cœur de pirate,"Le classico organisé, Elams, Naza, Tayc, Jul, Vegedream, Naps, Lynda, SAF, THABITI",https://open.spotify.com/track/2InKuNaoyiBDf4dmr780BZ,32,37.5,2,0.3491135280813603
Canada,2021-12-13,Intimidated (feat. H.E.R.),KAYTRANADA,https://open.spotify.com/track/1jBKtzlwTVtCrScpiiHiKT,50,50.0,1,0.34885380330781884
Canada,2021-12-13,22 (Remix),"Lil Candy Paint, Bhad Bhabie",https://open.spotify.com/track/1Tfl1OLWRg2l2gmrLudDEL,50,50.0,1,0.34885380330781884
France,2021-12-13,Schémas Monotones,EDGE,https://open.spotify.com/track/5Qqt2oPZCsm5g0ALro1Csd,22,26.857142857142858,7,0.3483529580994726
United States,2021-12-13,Chandelier,Will Paquin,https://open.spotify.com/track/3REELyDyt5SPKX2387Zubv,35,43.0,7,0.3483411632020647
Taiwan,2021-12-13,Mon Amour - Remix,"zzoilo, Aitana",https://open.spotify.com/track/5TMLavqGRKNxgzMBrVpC9R,45,47.0,3,0.3482934889775526
Norway,2021-12-13,No Wahala,1da Banton,https://open.spotify.com/track/4vHy2IHzf3EabEa7oMpUZB,15,21.5,6,0.34761622963435207
Mexico,2021-12-13,Y Si Se Quiere Ir,"Luis Angel ""El Flaco""",https://open.spotify.com/track/6b68vfUlXy2i2dO79z3h5W,49,49.666666666666664,3,0.347521653406027
Norway,2021-12-13,Jeg vil ha ribbe,"Ole Hartz, Ida Celine",https://open.spotify.com/track/6Tx5z5Vzve0j0UklMxMOoi,39,44.42857142857143,7,0.3473305479990012
Romania,2021-12-13,LA FAMA (with The Weeknd),ROSALÍA,https://open.spotify.com/track/6dmXZ9B5HdFAyzHeTneYBK,42,46.0,5,0.3470840291011534
Dominican Republic,2021-12-13,Mr. Trance,Esteman,https://open.spotify.com/track/3SLIDzhExrfsvH6sVosiwn,45,46.5,2,0.34675252124717076
Philippines,2021-12-13,you right luxurious,MysticHits,https://open.spotify.com/track/1EiauuRAyOQr3FcReg7Olm,49,49.0,1,0.34672506894816324
United Kingdom,2021-12-13,Buss The Red,"P Money, Whiney",https://open.spotify.com/track/67X5z4XFBbRxjbfbIGP3Ii,43,46.42857142857143,7,0.3467160237750601
Czech Republic,2021-12-13,The Perfect Girl,Mareux,https://open.spotify.com/track/6J4XizhuOlKmPWykPrHIrV,24,24.0,1,0.3466605604440083
Taiwan,2021-12-13,Misfit Toys (from the series Arcane League of Legends),"Pusha T, Mako",https://open.spotify.com/track/40giNwfX1pR3smltxvs3dB,47,48.0,2,0.3466589803539597
Latvia,2021-12-13,Nothing,Bruno Major,https://open.spotify.com/track/2IAR0DziHCjSu16gR4ihvy,48,49.333333333333336,3,0.3464729386257847
Israel,2021-12-13,לילה,Nasrin Kadri,https://open.spotify.com/track/3Bilj28bOzRlsuURDCXb1z,42,42.0,1,0.3464619012677134
Iceland,2021-12-13,All The Things She Said,t.A.T.u.,https://open.spotify.com/track/4bJygwUKrRgq1stlNXcgMg,47,48.0,3,0.3464321691630543
Nicaragua,2021-12-13,Easy On Me,Adele,https://open.spotify.com/track/46IZ0fSY2mpAiktS3KOqds,39,43.833333333333336,6,0.3460799588432293
Lithuania,2021-12-13,La Espada,Eternal Raijin,https://open.spotify.com/track/6w969Gr8VhF02vaHs67oo9,43,43.5,2,0.34604843123384826
Poland,2021-12-13,Fall in Love with You.,Montell Fish,https://open.spotify.com/track/31MQR9rOHRXyg4J01hRY1h,19,22.857142857142858,7,0.3459983613965141
Hungary,2021-12-13,Do It To It,"ACRAZE, Cherish",https://open.spotify.com/track/20on25jryn53hWghthWWW3,27,37.857142857142854,7,0.3459964992794294
Ireland,2021-12-13,Beverly Hills,Shaboozey,https://open.spotify.com/track/3Ps0JFaxBuamCoQTx6X8LT,33,35.75,4,0.3459296490669723
Finland,2021-12-13,God Must Hate Me,Catie Turner,https://open.spotify.com/track/21xzFXSL2XkZ2mIzDDAqTK,23,26.0,7,0.3458102637924819
Turkey,2021-12-13,On My Own,Darci,https://open.spotify.com/track/0F4FejjWi3bf5vGOkuQwPS,43,45.42857142857143,7,0.34559455016667273
Norway,2021-12-13,Mabella,"Dripzz, Arab Money, T Section",https://open.spotify.com/track/0d0BcyQ7VkY4gbw7a913qE,40,45.5,6,0.3455779856942248
Vietnam,2021-12-13,Thay Lòng - Remix,"DIMZ, TVk, NH4T",https://open.spotify.com/track/6nWtk7lBqk9nwGns6ihmn4,36,42.833333333333336,6,0.34526658826356527
United Kingdom,2021-12-13,Coming for You (feat. A1 x J1),SwitchOTR,https://open.spotify.com/track/1xIqDFx3KdByBnKMlTECcM,20,27.285714285714285,7,0.3451819844815944
Belgium,2021-12-13,Notion,The Rare Occasions,https://open.spotify.com/track/0sTlGEld0h8kIPZaKDYUf4,25,33.57142857142857,7,0.34504264381027633
India,2021-12-13,"Adiye - From ""Bachelor""","Dhibu Ninan Thomas, Kapil Kapilan",https://open.spotify.com/track/2tMoOS9grHtn4upzb4LwMG,9,10.857142857142858,7,0.3449344385249457
El Salvador,2021-12-13,23 (With Ape Drums),Randy,https://open.spotify.com/track/4vv8wcnT04GHHbUCFBAiHF,45,45.0,1,0.34485803701233675
Greece,2021-12-13,Coming for You (feat. A1 x J1),SwitchOTR,https://open.spotify.com/track/1xIqDFx3KdByBnKMlTECcM,50,50.0,1,0.3444674996518448
Hong Kong,2021-12-13,凡星 (天星銀行airstar音樂劇場主題曲),Panther Chan,https://open.spotify.com/track/7eZJLfMQ5mDtejHitRkzRf,47,48.666666666666664,3,0.34442181710617414
Belgium,2021-12-13,AUTOMOTIVO EXTRADIMENSIONAL,"DJ Erik JP, DJ Patrick R",https://open.spotify.com/track/0VuMkeXhzn0Qp9KzzC4s4N,18,18.0,1,0.344386644238692
India,2021-12-13,La Espada,Eternal Raijin,https://open.spotify.com/track/6w969Gr8VhF02vaHs67oo9,18,20.666666666666668,3,0.3443674395972611
United Kingdom,2021-12-13,4:00A.M.,Taeko Onuki,https://open.spotify.com/track/0zoGVO4bQXG8U6ChKwNgeg,32,42.714285714285715,7,0.3441456271418555
Turkey,2021-12-13,Antrikot,"Râu, cakal",https://open.spotify.com/track/25tJ4kqxQhCTN2rLDveWYt,46,46.0,1,0.34374723305762067
Turkey,2021-12-13,İnşallah Maşallah,Neşe Karaböcek,https://open.spotify.com/track/1UO8DAEM66E9R2wjUuuOGt,28,33.0,7,0.3436975067798043
Luxembourg,2021-12-13,Raspoutine,Ziak,https://open.spotify.com/track/368KS9UNJ8cft7RJ1USwb9,39,39.666666666666664,3,0.34357605829220905
India,2021-12-13,Bijlee Bijlee,Harrdy Sandhu,https://open.spotify.com/track/1iZLpuGMr4tn1F5bZu32Kb,23,25.428571428571427,7,0.343037270740568
Indonesia,2021-12-13,Happier Than Ever,ASTN,https://open.spotify.com/track/7es56D0QedGMsK39wl2yFX,30,35.57142857142857,7,0.34285747384798176
Austria,2021-12-13,Move Your Body,"Öwnboss, Sevek",https://open.spotify.com/track/6GomT970rCOkKAyyrwJeZi,38,43.833333333333336,6,0.3426626078759145
Brazil,2021-12-13,Meu Menino,Deolane Bezerra,https://open.spotify.com/track/4h7JZhRQPB8au8qWs7O8yP,34,36.714285714285715,7,0.3424051337275297
Indonesia,2021-12-13,Runtuh,"Feby Putri, Fiersa Besari",https://open.spotify.com/track/6Hii26x3qDErVitnGW8QtO,44,47.0,7,0.3424012038095597
Colombia,2021-12-13,Un regalo mágico,Olga Lucía Vives,https://open.spotify.com/track/2RNhU3kHxwlQzCqYshCRmw,42,45.333333333333336,3,0.3422727772513221
Vietnam,2021-12-13,Thói Quen (25 Mét Vuông) [feat. Gducky],Hoang Dung,https://open.spotify.com/track/1Dyf0sRNi4bns4TeWgKpVY,23,28.714285714285715,7,0.34209022554830315
Denmark,2021-12-13,Riv I Mit Hår,KALASET,https://open.spotify.com/track/5kBI8mNPqpo9QPTOEC9i76,20,25.428571428571427,7,0.34192131954338323
Indonesia,2021-12-13,Limousine (Feat. MINO) (Prod. GRAY),BE'O,https://open.spotify.com/track/5g2Ik0WJG9rqu97nCLcQhV,32,39.166666666666664,6,0.3418044391806849
Luxembourg,2021-12-13,Oh My God,Adele,https://open.spotify.com/track/3Kkjo3cT83cw09VJyrLNwX,39,43.666666666666664,3,0.341746654065758
Colombia,2021-12-13,Hermoso Cariño,Vicente Fernández,https://open.spotify.com/track/6UN6W5tj0qrMYV8N9MQMJC,44,44.5,2,0.341744360721029
Czech Republic,2021-12-13,Virtuální drogy,"Viktor Sheen, Calin",https://open.spotify.com/track/7E8LK4R9gAkSG4CD1kqvsX,32,36.57142857142857,7,0.3417234682428852
Egypt,2021-12-13,Alien Blues,Vundabar,https://open.spotify.com/track/6UjeFOCGYgMpBUtqKg1Je3,33,41.0,5,0.34156179264615916
Malaysia,2021-12-13,Mirror Mirror,"F.HERO, MILLI, Changbin of Stray Kids",https://open.spotify.com/track/59WuWdDH06AYXgdoMENEa3,46,48.0,2,0.3411437790670914
Switzerland,2021-12-13,Blurry Eyes,Michael Patrick Kelly,https://open.spotify.com/track/1IC0sKKupJ5WnnK5EgCrau,39,43.8,5,0.3406859398441959
Australia,2021-12-13,Beverly Hills,Shaboozey,https://open.spotify.com/track/3Ps0JFaxBuamCoQTx6X8LT,27,29.25,4,0.34060847775798636
France,2021-12-13,Boosk'Halloween,menace Santana,https://open.spotify.com/track/674cmArozxcGW34Eb1XOTt,47,48.666666666666664,3,0.34056288195100787
Norway,2021-12-13,Stjernestøv,AURORA,https://open.spotify.com/track/5e1pZcqnNAh0J2ECKYl0lb,27,31.285714285714285,7,0.34044393486298025
Bulgaria,2021-12-13,On My Own,Darci,https://open.spotify.com/track/0F4FejjWi3bf5vGOkuQwPS,45,47.0,3,0.34038087876294565
South Korea,2021-12-13,4:00A.M.,Taeko Onuki,https://open.spotify.com/track/0zoGVO4bQXG8U6ChKwNgeg,36,41.5,4,0.34037680467046266
Philippines,2021-12-13,Dynasties & Dystopia (from the series Arcane League of Legends),"Denzel Curry, Gizzle, Bren Joy",https://open.spotify.com/track/5EIkdrmuu2xkoQWOWjoeFY,33,34.42857142857143,7,0.34031321526734726
Malaysia,2021-12-13,4:00A.M.,Taeko Onuki,https://open.spotify.com/track/0zoGVO4bQXG8U6ChKwNgeg,47,47.0,1,0.3401478546196042
Colombia,2021-12-13,VACAXIONES,Feid,https://open.spotify.com/track/6DdC4I8ENm7zHH9Jy9pFg4,28,30.0,4,0.3401452801712231
Bulgaria,2021-12-13,Bananza (Belly Dancer),Akon,https://open.spotify.com/track/0dNPpDFdvzj6XFIRzg2hmp,32,34.0,2,0.3400109018231864
United Kingdom,2021-12-13,Intimidated (feat. H.E.R.),KAYTRANADA,https://open.spotify.com/track/1jBKtzlwTVtCrScpiiHiKT,50,50.0,1,0.33994920146665736
Turkey,2021-12-13,Do It To It,"ACRAZE, Cherish",https://open.spotify.com/track/20on25jryn53hWghthWWW3,20,23.285714285714285,7,0.3396189055700746
Israel,2021-12-13,FEEL NOTHING,The Plot In You,https://open.spotify.com/track/4xDwCYhobDehSBGUmd5H6Y,41,44.0,3,0.339557631597134
Norway,2021-12-13,Come Over (Again),Crawlers,https://open.spotify.com/track/4PDJDIdWxNN1AlnbrKkoPf,15,20.428571428571427,7,0.3393907575982893
Australia,2021-12-13,Goodbye (from the series Arcane League of Legends),Ramsey,https://open.spotify.com/track/5QWjrWckcPcSVqQNfbD4Bc,20,25.0,7,0.3393326141205478
Russia,2021-12-13,Desire,Katya Sambuca,https://open.spotify.com/track/5itPzKEMHcAryzdLOQfkjJ,11,14.428571428571429,7,0.339163755733533
Mexico,2021-12-13,Quiza Llevarte,Zxmyr,https://open.spotify.com/track/2r07TgKVyWI1gtzRKlOlub,22,33.4,5,0.3390798672220635
Nicaragua,2021-12-13,Dulce Himnos Cantando a Maria,Cantores De Maria,https://open.spotify.com/track/6FeV3SUrN7iO0BwJmERr1O,32,32.0,1,0.338948880510984
Costa Rica,2021-12-13,Si Te Interesa,Beéle,https://open.spotify.com/track/3cuxPiF5W1ID8R5Mmr36gS,47,48.5,2,0.3387323006941387
Russia,2021-12-13,Новый год,Стекловата,https://open.spotify.com/track/5Ne6yWmQZ8qrCnOJ2Fc7Tb,34,36.285714285714285,7,0.3384116187072015
Egypt,2021-12-13,أبطال اللعبة,"3amorrri, 3enba, Abyusif",https://open.spotify.com/track/4ZrWiF227BdD0NHmqVb3AV,42,47.0,3,0.3383481535853458
Finland,2021-12-13,Come Over (Again),Crawlers,https://open.spotify.com/track/4PDJDIdWxNN1AlnbrKkoPf,12,18.142857142857142,7,0.3382879348164974
Australia,2021-12-13,Nothing,Bruno Major,https://open.spotify.com/track/2IAR0DziHCjSu16gR4ihvy,31,34.42857142857143,7,0.3382437610940671
Spain,2021-12-13,Sou Favela,"MC Bruninho, Vitinho Ferrari, Dj DG, Batidão Stronda",https://open.spotify.com/track/4lEVoOnIybtRqi4knZwdPZ,40,44.0,7,0.3379859933901937
Italy,2021-12-13,IO,Marracash,https://open.spotify.com/track/1U4dpTSsugnH510JzzCykV,37,40.0,7,0.33768243927821046
Peru,2021-12-13,Quiza Llevarte,Zxmyr,https://open.spotify.com/track/2r07TgKVyWI1gtzRKlOlub,33,39.5,2,0.3376051148091942
Australia,2021-12-13,Stop The Cavalry,Jona Lewie,https://open.spotify.com/track/2bPQuniBB9x0fRtxDly0kr,49,49.0,1,0.33757922501927823
Finland,2021-12-13,666,Kiki,https://open.spotify.com/track/7aP68E6dMvQ54Mu41Omke4,39,42.166666666666664,6,0.33732787349588156
Turkey,2021-12-13,Kül,"Cem Adrian, Mark Eliyahu",https://open.spotify.com/track/5NPg92vbjaGk4q9mh7MMEM,39,42.5,2,0.33687760820186063
Singapore,2021-12-13,Ghost,Justin Bieber,https://open.spotify.com/track/6I3mqTwhRpn34SLVafSH7G,49,49.666666666666664,3,0.3365515740908689
Czech Republic,2021-12-13,What Could Have Been feat. Ray Chen (from the series Arcane League of Legends),Sting,https://open.spotify.com/track/4Oih3RDrSFg3afaOphBVuy,33,39.857142857142854,7,0.33619225087142346
Romania,2021-12-13,In My Room,Insane Clown Posse,https://open.spotify.com/track/7jKHJoOij35nfpq6PYHlFH,46,46.0,1,0.33610134888621157
Spain,2021-12-13,Nothing,Bruno Major,https://open.spotify.com/track/2IAR0DziHCjSu16gR4ihvy,42,46.166666666666664,6,0.33596439614903323
Peru,2021-12-13,The Feels,TWICE,https://open.spotify.com/track/1qE8DOtw7zdXHMgZm20eLM,45,48.25,4,0.33589807545216355
Israel,2021-12-13,מגבת באוויר,"NOROZ, Ido B & Zooki",https://open.spotify.com/track/0w4e9A0KryKlPySPdyZQDC,47,47.666666666666664,3,0.3357785563754812
Norway,2021-12-13,Do It To It,"ACRAZE, Cherish",https://open.spotify.com/track/20on25jryn53hWghthWWW3,28,34.285714285714285,7,0.33505212781122073
Czech Republic,2021-12-13,Fairytale of New York (feat. Kirsty MacColl),The Pogues,https://open.spotify.com/track/3VTNVsTTu05dmTsVFrmGpK,45,47.333333333333336,3,0.33499974490835777
Netherlands,2021-12-13,Happier Than Ever,ASTN,https://open.spotify.com/track/7es56D0QedGMsK39wl2yFX,15,23.428571428571427,7,0.33499253426208025
Japan,2021-12-13,豪雨,原因は自分にある。,https://open.spotify.com/track/2Iqi50A2YYpyNRkaQ9MwNc,13,19.857142857142858,7,0.33496578604312005
Turkey,2021-12-13,Live Another Day,Kordhell,https://open.spotify.com/track/34lfu3S4fIcKZRNXzbdbo7,48,48.0,1,0.33476099316201585
Luxembourg,2021-12-13,Close Eyes,DVRST,https://open.spotify.com/track/3CLSHJv5aUROAN2vfOyCOh,36,42.5,4,0.3341836708652809
Hong Kong,2021-12-13,一派輕鬆,許光漢,https://open.spotify.com/track/36JeQiNJvvpnCTZCDDgKuB,44,46.0,2,0.333981164982063
Finland,2021-12-13,Enemy (with JID) - from the series Arcane League of Legends,Imagine Dragons,https://open.spotify.com/track/1r9xUipOqoNwggBpENDsvJ,27,30.142857142857142,7,0.33355858391719484
Israel,2021-12-13,Lesatni Janbi,A5rass - الاخرس,https://open.spotify.com/track/2bzUNpvOeOKMZqPI6B3sns,42,45.0,2,0.3334288431627803
Luxembourg,2021-12-13,Manifeste,Orelsan,https://open.spotify.com/track/0dhZSfQGvCPaJQKlPtjrt2,41,44.666666666666664,3,0.33323718955329096
France,2021-12-13,Message In A Bottle - Colorblast Version,Colorblast,https://open.spotify.com/track/1vfugDTvf1ifrTEwCW9AjG,44,47.0,2,0.3330409904202053
Denmark,2021-12-13,We Don't Talk About Bruno,"Carolina Gaitán - La Gaita, Mauro Castillo, Adassa, Rhenzy Feliz, Diane Guerrero, Stephanie Beatriz, Encanto - Cast",https://open.spotify.com/track/52xJxFP6TqMuO4Yt0eOkMz,30,33.5,2,0.33299313801033675
United States,2021-12-13,The Perfect Girl,Mareux,https://open.spotify.com/track/6J4XizhuOlKmPWykPrHIrV,20,20.0,1,0.3328157427037427
Peru,2021-12-13,Salimo de Noche,"Tiago PZK, Trueno",https://open.spotify.com/track/6P096SaOzrgGxs8NWOfX7M,47,48.333333333333336,3,0.3327685065374233
Ireland,2021-12-13,Underground,Cody Fry,https://open.spotify.com/track/4An9H5fsEyJZTXtclokIaL,35,40.6,5,0.3327507422891436
United Kingdom,2021-12-13,Misery Meat,Sodikken,https://open.spotify.com/track/56sNhxLlrFYCbR0JFaK6w0,37,42.0,5,0.3323386962332074
France,2021-12-13,Enemy (with JID) - from the series Arcane League of Legends,Imagine Dragons,https://open.spotify.com/track/1r9xUipOqoNwggBpENDsvJ,24,29.285714285714285,7,0.33231858531055214
Estonia,2021-12-13,Fahrradsattel,Pisse,https://open.spotify.com/track/3svmi1v7HMlyYb7Pnossz6,47,48.0,2,0.3322185856242709
Sweden,2021-12-13,Come Over (Again),Crawlers,https://open.spotify.com/track/4PDJDIdWxNN1AlnbrKkoPf,13,16.142857142857142,7,0.3321262999504915
Colombia,2021-12-13,El Hombre Que Más Te Amó,Vicente Fernández,https://open.spotify.com/track/3L1JzwKjjUr76VOdM9zwHk,46,48.0,2,0.3321080095280652
Estonia,2021-12-13,น้ำแดงน้ำส้ม,JV.JARVIS,https://open.spotify.com/track/1xxJiB2B3rMw8g85PPtcN7,47,48.5,2,0.331993394942174
Canada,2021-12-13,God's Country,"State of Mine, Drew Jacobs",https://open.spotify.com/track/0nnsBvdSmaGfphj44qiFRl,45,47.75,4,0.33185012332820246
Italy,2021-12-13,Face Off,"Tech N9ne, Joey Cool, King Iso, Dwayne Johnson",https://open.spotify.com/track/6M47gaKejso9772SKTa3yH,44,46.8,5,0.3316093352134838
Morocco,2021-12-13,LA FAMA (with The Weeknd),ROSALÍA,https://open.spotify.com/track/6dmXZ9B5HdFAyzHeTneYBK,48,48.666666666666664,3,0.3313897950008669
Hong Kong,2021-12-13,SAD GIRLZ LUV MONEY Remix (feat. Kali Uchis and Moliy),Amaarae,https://open.spotify.com/track/09gysnJpfQ3ublBmJDfcEC,43,45.666666666666664,3,0.3312819406970324
Belgium,2021-12-13,Happier Than Ever,ASTN,https://open.spotify.com/track/7es56D0QedGMsK39wl2yFX,33,39.666666666666664,3,0.33100258564215473
Japan,2021-12-13,極上昇,"NARISK, Chouji, FREEZ",https://open.spotify.com/track/65aYwGXEVZwnSNF49GhhLS,17,23.285714285714285,7,0.3309502423986438
Lithuania,2021-12-13,Goodbye (from the series Arcane League of Legends),Ramsey,https://open.spotify.com/track/5QWjrWckcPcSVqQNfbD4Bc,47,47.0,1,0.33091057555449443
Indonesia,2021-12-13,Easy On Me,Adele,https://open.spotify.com/track/46IZ0fSY2mpAiktS3KOqds,47,48.6,5,0.3308143650507865
Ireland,2021-12-13,The Perfect Girl,Mareux,https://open.spotify.com/track/6J4XizhuOlKmPWykPrHIrV,26,26.0,1,0.3305211182393909
Finland,2021-12-13,What Could Have Been feat. Ray Chen (from the series Arcane League of Legends),Sting,https://open.spotify.com/track/4Oih3RDrSFg3afaOphBVuy,37,40.142857142857146,7,0.33048686006966754
Russia,2021-12-13,IN THE CLUB,Mishashi Sensei,https://open.spotify.com/track/7vX0rvoGneCCOJ2QPruNNZ,34,39.142857142857146,7,0.3303390907188405
Turkey,2021-12-13,Anlamam Ki,"Cihan Tilki, Ahiyan",https://open.spotify.com/track/5gulxWy7t0yvGbxXMl8Sco,49,49.0,1,0.3303119212134709
Costa Rica,2021-12-13,The Feels,TWICE,https://open.spotify.com/track/1qE8DOtw7zdXHMgZm20eLM,49,49.5,2,0.33026023550714484
Israel,2021-12-13,מה בלילות,Bar Tzabary,https://open.spotify.com/track/0LsJ5MInA2BwRRLkj74nzU,47,48.0,4,0.3301822340168256
Egypt,2021-12-13,Bananza (Belly Dancer),Akon,https://open.spotify.com/track/0dNPpDFdvzj6XFIRzg2hmp,38,39.0,2,0.3301063679030479
Russia,2021-12-13,Taca a Xereca pra Mim,MC Kaique da VP,https://open.spotify.com/track/2GqCEJpzmD81AJ2H0Hyz5T,18,19.0,2,0.32997783358754634
Turkey,2021-12-13,Cpr,cupcakKe,https://open.spotify.com/track/35mBYyB61qTcGGj7MXIRM1,45,47.142857142857146,7,0.3299434825481017
Norway,2021-12-13,Want me!!?,"Cl4pers, noevdv",https://open.spotify.com/track/115iPhBHB5BBzjLCZFfvTt,37,43.0,2,0.32989768902936795
Chile,2021-12-13,Two Birds,Regina Spektor,https://open.spotify.com/track/2n0U2OG5d6TuW5mKx7YrC0,35,41.0,6,0.3297842471585429
Argentina,2021-12-13,I Love You So,The Walters,https://open.spotify.com/track/4SqWKzw0CbA05TGszDgMlc,46,46.5,4,0.32957519866991747
Germany,2021-12-13,Happier Than Ever,ASTN,https://open.spotify.com/track/7es56D0QedGMsK39wl2yFX,40,43.57142857142857,7,0.32917769499405497
Germany,2021-12-13,Goodbye (from the series Arcane League of Legends),Ramsey,https://open.spotify.com/track/5QWjrWckcPcSVqQNfbD4Bc,28,30.428571428571427,7,0.3291660381081658
Turkey,2021-12-13,Another Love,Tom Odell,https://open.spotify.com/track/7jtQIBanIiJOMS6RyCx6jZ,33,35.857142857142854,7,0.32909869539045183
Poland,2021-12-13,Lost in the Fire (feat. The Weeknd),Gesaffelstein,https://open.spotify.com/track/2vXKRlJBXyOcvZYTdNeckS,46,46.833333333333336,6,0.32905434537531825
Costa Rica,2021-12-13,SAD GIRLZ LUV MONEY Remix (feat. Kali Uchis and Moliy),Amaarae,https://open.spotify.com/track/09gysnJpfQ3ublBmJDfcEC,35,39.0,2,0.3289870670990352
New Zealand,2021-12-13,35,"Rob Ruha, Ka Hao",https://open.spotify.com/track/6vFlODh4lr7VOho2MFxXvL,40,43.857142857142854,7,0.32897339501861783
Norway,2021-12-13,Own Brand Freestyle,"FelixThe1st, Dreya Mac, Finch Fetti",https://open.spotify.com/track/6Jzdxguk63s6CVVXHIrQ0x,19,23.142857142857142,7,0.328911965215383
Belgium,2021-12-13,Dirty Little Animals (From the series Arcane League of Legends),BONES UK,https://open.spotify.com/track/2ZuDGsKSJpQdJmpknJ7ypF,31,37.833333333333336,6,0.3288282271418559
Ecuador,2021-12-13,Quiza Llevarte,Zxmyr,https://open.spotify.com/track/2r07TgKVyWI1gtzRKlOlub,37,41.5,2,0.3286222504537303
Estonia,2021-12-13,all I want is you,"Rebzyyx, hoshie star",https://open.spotify.com/track/7lOvJBqH38ZY59eLU7bioq,34,39.4,5,0.3286056949956736
Luxembourg,2021-12-13,Cold Heart - PNAU Remix,"Elton John, Dua Lipa",https://open.spotify.com/track/7rglLriMNBPAyuJOMGwi39,43,44.833333333333336,6,0.3283028305362539
Canada,2021-12-13,Chandelier,Will Paquin,https://open.spotify.com/track/3REELyDyt5SPKX2387Zubv,27,36.857142857142854,7,0.3282935892804761
Austria,2021-12-13,Ma colombe - German Remix,"Nej, Lune",https://open.spotify.com/track/3eHXManuHWprZC5hBTGwE4,48,48.5,2,0.3282430632988119
Portugal,2021-12-13,Nothing,Bruno Major,https://open.spotify.com/track/2IAR0DziHCjSu16gR4ihvy,45,45.0,2,0.32822900506514086
Latvia,2021-12-13,Oh My God,Adele,https://open.spotify.com/track/3Kkjo3cT83cw09VJyrLNwX,44,46.333333333333336,3,0.32788213578956055
Singapore,2021-12-13,"Adiye - From ""Bachelor""","Dhibu Ninan Thomas, Kapil Kapilan",https://open.spotify.com/track/2tMoOS9grHtn4upzb4LwMG,46,47.0,3,0.32786077530661856
Germany,2021-12-13,Enemy (with JID) - from the series Arcane League of Legends,Imagine Dragons,https://open.spotify.com/track/1r9xUipOqoNwggBpENDsvJ,39,40.42857142857143,7,0.32783787915389373
Malaysia,2021-12-13,SAD GIRLZ LUV MONEY Remix (feat. Kali Uchis and Moliy),Amaarae,https://open.spotify.com/track/09gysnJpfQ3ublBmJDfcEC,50,50.0,1,0.3267831713182796
Vietnam,2021-12-13,Nỗi nhớ mùa đông,Quang Lý,https://open.spotify.com/track/2cldZf8wDmSlSwsudUhUdY,37,37.0,2,0.32678002723624316
Hungary,2021-12-13,Pillanatkép,ALEE,https://open.spotify.com/track/7B2TXcHTTUZSVMIfig5xWB,49,49.5,2,0.32651868574035997
Lithuania,2021-12-13,Dirty Little Animals (From the series Arcane League of Legends),BONES UK,https://open.spotify.com/track/2ZuDGsKSJpQdJmpknJ7ypF,48,48.0,1,0.3264875618931243
Switzerland,2021-12-13,Mon Amour - Remix,"zzoilo, Aitana",https://open.spotify.com/track/5TMLavqGRKNxgzMBrVpC9R,27,32.0,7,0.32641175418160395
Israel,2021-12-13,all I want is you,"Rebzyyx, hoshie star",https://open.spotify.com/track/7lOvJBqH38ZY59eLU7bioq,37,43.666666666666664,6,0.3263220182517074
Hungary,2021-12-13,The Perfect Girl,Mareux,https://open.spotify.com/track/6J4XizhuOlKmPWykPrHIrV,36,36.0,1,0.32612929751642467
Slovakia,2021-12-13,Neviem sa najst,Nela Pocisková,https://open.spotify.com/track/5WiiWdkxTCTejCsNRptt3F,44,44.0,1,0.32587438113528217
Nicaragua,2021-12-13,Convéncete,Princesa Alba,https://open.spotify.com/track/5UyH584f99c7qErZifyaHy,34,38.0,2,0.3256900057079929
Guatemala,2021-12-13,Quiza Llevarte,Zxmyr,https://open.spotify.com/track/2r07TgKVyWI1gtzRKlOlub,40,44.5,2,0.3256756396361246
New Zealand,2021-12-13,Still into You - Drill Remix,"Farizki, Say Terrelle",https://open.spotify.com/track/3eOhuiG4QzpGj4CAoNTCNF,44,46.2,5,0.32558845153256827
Ireland,2021-12-13,Nothing,Bruno Major,https://open.spotify.com/track/2IAR0DziHCjSu16gR4ihvy,35,43.142857142857146,7,0.3253802778174777
Slovakia,2021-12-13,FEEL NOTHING,The Plot In You,https://open.spotify.com/track/4xDwCYhobDehSBGUmd5H6Y,45,45.0,1,0.3253110370649534
Russia,2021-12-13,abcdefu (angrier),GAYLE,https://open.spotify.com/track/1EQFOouqdKYdpbNoOHRVO2,26,32.142857142857146,7,0.3251297393507965
Norway,2021-12-13,Goodbye (from the series Arcane League of Legends),Ramsey,https://open.spotify.com/track/5QWjrWckcPcSVqQNfbD4Bc,20,30.166666666666668,6,0.3248212382810017
Costa Rica,2021-12-13,Toxic,BoyWithUke,https://open.spotify.com/track/2gQPv5jvVPqU2a9HhMNO1v,38,43.25,4,0.3245700254910572
Norway,2021-12-13,Bygg meg opp,"Einar Nilsson, Norges Nye Megahit",https://open.spotify.com/track/6ElaEKYAvZ0qOVOyeTNi61,43,46.666666666666664,3,0.3245200000570715
Czech Republic,2021-12-13,Come Over (Again),Crawlers,https://open.spotify.com/track/4PDJDIdWxNN1AlnbrKkoPf,26,33.0,5,0.3242618519636892
Czech Republic,2021-12-13,Toxic,BoyWithUke,https://open.spotify.com/track/2gQPv5jvVPqU2a9HhMNO1v,37,43.857142857142854,7,0.32417604863311844
Vietnam,2021-12-13,Toxic,BoyWithUke,https://open.spotify.com/track/2gQPv5jvVPqU2a9HhMNO1v,43,45.25,4,0.3241313337796039
Paraguay,2021-12-13,AUTOMOTIVO EXTRADIMENSIONAL,"DJ Erik JP, DJ Patrick R",https://open.spotify.com/track/0VuMkeXhzn0Qp9KzzC4s4N,45,45.0,1,0.32385218770283897
Australia,2021-12-13,Fall in Love with You.,Montell Fish,https://open.spotify.com/track/31MQR9rOHRXyg4J01hRY1h,34,40.0,7,0.3237728510262697
Australia,2021-12-13,Chandelier,Will Paquin,https://open.spotify.com/track/3REELyDyt5SPKX2387Zubv,13,17.857142857142858,7,0.3234179091421161
Morocco,2021-12-13,Fixette - Bonus,Ziak,https://open.spotify.com/track/0Kvkx0NcqsdYOhQzYfDuDZ,43,43.0,1,0.32331540037788015
Switzerland,2021-12-13,Я буду ебать,"Moreart, IHI",https://open.spotify.com/track/3lFrFQcZWPLa8WEG7xoc4b,39,41.833333333333336,6,0.3232829003989386
Germany,2021-12-13,Come Over (Again),Crawlers,https://open.spotify.com/track/4PDJDIdWxNN1AlnbrKkoPf,17,22.285714285714285,7,0.3229649837836332
Norway,2021-12-13,Kjør til du dør,"Piateed, Norges Nye Megahit",https://open.spotify.com/track/2UW00l3WzcFWJq5HQl6h8G,33,37.333333333333336,6,0.32280786284717594
Switzerland,2021-12-13,Alien Blues,Vundabar,https://open.spotify.com/track/6UjeFOCGYgMpBUtqKg1Je3,25,27.857142857142858,7,0.3227947046494848
Brazil,2021-12-13,Dynasties & Dystopia (from the series Arcane League of Legends),"Denzel Curry, Gizzle, Bren Joy",https://open.spotify.com/track/5EIkdrmuu2xkoQWOWjoeFY,45,45.666666666666664,3,0.3226629965469808
Poland,2021-12-13,The Perfect Girl,Mareux,https://open.spotify.com/track/6J4XizhuOlKmPWykPrHIrV,16,16.0,1,0.3224964405203305
Switzerland,2021-12-13,Morgen/Heute,makko,https://open.spotify.com/track/6fSmiG9OVZ5rhCvI6lyAHI,39,41.666666666666664,3,0.3223423543502306
Germany,2021-12-13,Move Your Body,"Öwnboss, Sevek",https://open.spotify.com/track/6GomT970rCOkKAyyrwJeZi,31,34.142857142857146,7,0.32233208287926307
New Zealand,2021-12-13,Used to This,"Wilkinson, Issey Cross",https://open.spotify.com/track/6IlL9Xlnm0Oq6wXSe6TH9v,37,43.285714285714285,7,0.32204026508681705
Ireland,2021-12-13,Gaudete - 2009 Remaster,Steeleye Span,https://open.spotify.com/track/5UOOahEIevLljTEYMdv60e,41,44.5,2,0.32172061471210456
Belgium,2021-12-13,The Perfect Girl,Mareux,https://open.spotify.com/track/6J4XizhuOlKmPWykPrHIrV,24,24.0,1,0.32156323146736104
Sweden,2021-12-13,Eloise,Maxida Märak,https://open.spotify.com/track/7liZY5pEPPfOhZ5QtnT20L,38,42.285714285714285,7,0.32154676456034376
Germany,2021-12-13,Dirty Little Animals (From the series Arcane League of Legends),BONES UK,https://open.spotify.com/track/2ZuDGsKSJpQdJmpknJ7ypF,42,43.142857142857146,7,0.3214610358549156
Germany,2021-12-13,Afterglow,"Bisken, LVNA",https://open.spotify.com/track/3ymoAJAHHNXQvEgeQOpI6r,44,47.5,6,0.32103442781991176
Vietnam,2021-12-13,It's You,Sezairi,https://open.spotify.com/track/7rdnB5DAyPbaj51TCQRcqW,29,35.142857142857146,7,0.3209760046432748
Taiwan,2021-12-13,台饒,"AcRoss, Yappy, 踢萬8IG8A8Y, Black MIC, 八八男, DaBao, 朋繽, Outlander, K.I, 7LING, SOWUT, 魏買加, EyeballRay, FRαNKIE, Peatle, ZENBØ, Popo J, Gambler, 潤少, Macdella, 許時, PIZZALI, wannasleep, 阿夫 Suhf, 緋村宗祐, SiNNER MOON, SheATH, 小卡比, YoungLee, K!ddingboi, 湯捷, B.R, 韓森, JY, BG8LOCC, 青蛙",https://open.spotify.com/track/2Q3YBNgtLRe8gU5uBqfS7a,44,47.75,4,0.3207772814292785
Indonesia,2021-12-13,All Too Well (10 Minute Version) (Taylor's Version) (From The Vault),Taylor Swift,https://open.spotify.com/track/5enxwA8aAbwZbf5qCHORXi,24,33.857142857142854,7,0.32050282777475864
Germany,2021-12-13,God Must Hate Me,Catie Turner,https://open.spotify.com/track/21xzFXSL2XkZ2mIzDDAqTK,30,34.714285714285715,7,0.32037162560566573
Philippines,2021-12-13,Enchanted,Taylor Swift,https://open.spotify.com/track/04S1pkp1VaIqjg8zZqknR5,37,41.42857142857143,7,0.3202122685567435
Norway,2021-12-13,Dynasties & Dystopia (from the series Arcane League of Legends),"Denzel Curry, Gizzle, Bren Joy",https://open.spotify.com/track/5EIkdrmuu2xkoQWOWjoeFY,48,48.0,1,0.3201350016951654
Argentina,2021-12-13,Amapolas - Remix,"Leo Rizzi, Danny Ocean",https://open.spotify.com/track/44QxiGlmeSpF8boud04Rkc,48,49.0,4,0.31987854448622854
Israel,2021-12-13,Infinity,Jaymes Young,https://open.spotify.com/track/1SOClUWhOi8vHZYMz3GluK,46,47.75,4,0.31983419298487736
Norway,2021-12-13,God Must Hate Me,Catie Turner,https://open.spotify.com/track/21xzFXSL2XkZ2mIzDDAqTK,18,25.285714285714285,7,0.31956747457923684
Ireland,2021-12-13,Ginseng Strip 2002,Yung Lean,https://open.spotify.com/track/79nEEoEPY2w8EXj9hjn5oc,49,49.666666666666664,3,0.31947510830881626
Italy,2021-12-13,Vogl Ij Abballà - Alors On Danse Remix,"Kid Lost, Lil Tony",https://open.spotify.com/track/00TxkSx9yNHs1QlKGuSmpR,44,44.666666666666664,3,0.3192116473152343
United States,2021-12-13,Nothing,Bruno Major,https://open.spotify.com/track/2IAR0DziHCjSu16gR4ihvy,31,38.714285714285715,7,0.31907571738774043
Switzerland,2021-12-13,Make Some Money (Fabolous & Dave East feat. Snoop Dogg),Fabolous,https://open.spotify.com/track/26Xy0J09lAM6mopWN2VWLc,35,36.75,4,0.31893494903186376
Netherlands,2021-12-13,50 Cent (feat. Yung Felix),"Bokoesam, Bartofso",https://open.spotify.com/track/2KxXMdqOwh8v26saGBGlK3,27,29.857142857142858,7,0.31890955862627035
Luxembourg,2021-12-13,WFM,RealestK,https://open.spotify.com/track/1DNA2z7Txysjk3cNz2nDLm,38,43.0,3,0.3188101946179324
France,2021-12-13,Dynasties & Dystopia (from the series Arcane League of Legends),"Denzel Curry, Gizzle, Bren Joy",https://open.spotify.com/track/5EIkdrmuu2xkoQWOWjoeFY,27,35.285714285714285,7,0.3187944493109272
Egypt,2021-12-13,Lame,"Zaid Khaled, El Waili",https://open.spotify.com/track/5nTX9Wu85UdkHzibiSj120,46,47.25,4,0.3185850581809095
Russia,2021-12-13,Comfort Chain,Instupendo,https://open.spotify.com/track/5BAXlRDW3YaPr3rfqV51TA,37,41.285714285714285,7,0.31855497204423827
Iceland,2021-12-13,Nuestra Canción,"Monsieur Periné, Vicente Garcia",https://open.spotify.com/track/5reQI13tWWYDLMrGcUF4Mk,47,48.5,2,0.3184038972930234
Turkey,2021-12-13,Drowning,tapzen,https://open.spotify.com/track/7pjCu468Y6nvoPSe9GTn21,34,36.0,6,0.31815528376473284
New Zealand,2021-12-13,Flowers (Say My Name),ArrDee,https://open.spotify.com/track/2BzAGK3lEZAQz5cU0Ae1wd,27,34.42857142857143,7,0.3179190558761143
Russia,2021-12-13,Барышни,"XXX $ Горы, Bi-2, Nike Borzov, Комсомольск, SHOOVAL, Jukebox Trio",https://open.spotify.com/track/4lmHkgURStYeHnfdeTHHPz,28,31.142857142857142,7,0.31771452595920235
Israel,2021-12-13,להיות לך לכוכב,The Uzi Navon Legacy,https://open.spotify.com/track/1D1sFTWKLLA0Ute8F62edW,45,46.333333333333336,3,0.3172323093040308
United Kingdom,2021-12-13,Cpr,cupcakKe,https://open.spotify.com/track/35mBYyB61qTcGGj7MXIRM1,16,20.428571428571427,7,0.3171829441715734
Poland,2021-12-13,abcdefu (angrier),GAYLE,https://open.spotify.com/track/1EQFOouqdKYdpbNoOHRVO2,24,27.571428571428573,7,0.31717371701150204
Slovakia,2021-12-13,Nuestra Canción,"Monsieur Periné, Vicente Garcia",https://open.spotify.com/track/5reQI13tWWYDLMrGcUF4Mk,47,47.0,1,0.31657426068190786
Norway,2021-12-13,Jula Hjemme,Oselie,https://open.spotify.com/track/6wCEIHDdc8v1ubcvvz4m8C,45,47.0,6,0.3163399683358466
Estonia,2021-12-13,99 Problems,"Big Baby Tape, kizaru",https://open.spotify.com/track/0r9fpWPI6z3V3YZXIiVaNC,48,48.75,4,0.3163293671249195
Luxembourg,2021-12-13,Everyday Normal Guy 2,Jon Lajoie,https://open.spotify.com/track/2hhFpD32iXUd4GaCu6T4wn,23,31.166666666666668,6,0.31573691180330227
Japan,2021-12-13,シネマ (feat. 小豆沢こはね&白石杏&東雲彰人&青柳冬弥&KAITO),Vivid BAD SQUAD,https://open.spotify.com/track/3o1jGwcxZQ8jmNeOyirvTb,30,34.285714285714285,7,0.3156544623233978
Colombia,2021-12-13,Dynasties & Dystopia (from the series Arcane League of Legends),"Denzel Curry, Gizzle, Bren Joy",https://open.spotify.com/track/5EIkdrmuu2xkoQWOWjoeFY,31,38.666666666666664,6,0.31521277009027754
Paraguay,2021-12-13,SAD GIRLZ LUV MONEY Remix (feat. Kali Uchis and Moliy),Amaarae,https://open.spotify.com/track/09gysnJpfQ3ublBmJDfcEC,47,47.0,1,0.3151362909011512
Norway,2021-12-13,We Don't Talk About Bruno,"Carolina Gaitán - La Gaita, Mauro Castillo, Adassa, Rhenzy Feliz, Diane Guerrero, Stephanie Beatriz, Encanto - Cast",https://open.spotify.com/track/52xJxFP6TqMuO4Yt0eOkMz,28,29.0,4,0.3149265595044495
Colombia,2021-12-13,Goodbye (from the series Arcane League of Legends),Ramsey,https://open.spotify.com/track/5QWjrWckcPcSVqQNfbD4Bc,43,44.25,4,0.3147303415560464
Mexico,2021-12-13,I Love You So,The Walters,https://open.spotify.com/track/4SqWKzw0CbA05TGszDgMlc,45,46.75,4,0.31451862302734573
Denmark,2021-12-13,abcdefu (angrier),GAYLE,https://open.spotify.com/track/1EQFOouqdKYdpbNoOHRVO2,26,34.285714285714285,7,0.3141441371496076
Vietnam,2021-12-13,Bad example,たかやん,https://open.spotify.com/track/1ji3cJU0sobtsiNEZRvNVz,48,49.0,2,0.3137452004598825
Spain,2021-12-13,Ayer y Hoy,Julio Jaramillo,https://open.spotify.com/track/58J23cD4zeeidroDepVhX7,42,45.6,5,0.3135083455867494
Poland,2021-12-13,La Espada,Eternal Raijin,https://open.spotify.com/track/6w969Gr8VhF02vaHs67oo9,39,43.166666666666664,6,0.31324854803995145
Russia,2021-12-13,La Espada,Eternal Raijin,https://open.spotify.com/track/6w969Gr8VhF02vaHs67oo9,17,19.714285714285715,7,0.3130619368013037
Netherlands,2021-12-13,It's Called: Freefall,Rainbow Kitten Surprise,https://open.spotify.com/track/474uVhyGgK5MtY9gMcDgGl,39,42.0,2,0.31287668533023183
Brazil,2021-12-13,Eu Já Tava Bem,"Nuzio Medeiros, Felipe Amorim",https://open.spotify.com/track/7JecDZ299O1T46LOUFVtWc,42,45.2,5,0.3126372890664132
United Kingdom,2021-12-13,Overseas,"D-Block Europe, Central Cee",https://open.spotify.com/track/337kcYVjYXdLBItCw9ry3b,48,48.5,2,0.3125434809657481
Indonesia,2021-12-13,Nothing,Bruno Major,https://open.spotify.com/track/2IAR0DziHCjSu16gR4ihvy,39,43.666666666666664,6,0.3120607573568136
Sweden,2021-12-13,Chandelier,Will Paquin,https://open.spotify.com/track/3REELyDyt5SPKX2387Zubv,32,35.833333333333336,6,0.31181658758747954
Norway,2021-12-13,Jula Hjemme (feat. Trygve Skaug),Maria Mena,https://open.spotify.com/track/47G1D6ZRAkj37PsONIqs8h,23,26.714285714285715,7,0.3116492299375512
New Zealand,2021-12-13,Losing Sleep,Ben PJB,https://open.spotify.com/track/5HKCeZ3YzhILqMnjhEj14O,17,18.666666666666668,3,0.31152534446140123
Taiwan,2021-12-13,Playground (from the series Arcane League of Legends),Bea Miller,https://open.spotify.com/track/5f2zZawBtGBEw24ABweErz,43,45.5,4,0.311457527948327
United States,2021-12-13,Я буду ебать,"Moreart, IHI",https://open.spotify.com/track/3lFrFQcZWPLa8WEG7xoc4b,33,38.42857142857143,7,0.31142370570226585
Japan,2021-12-13,"MERRY-GO-ROUND (Feat. Zion.T, Wonstein) (Prod. Slom)",sokodomo,https://open.spotify.com/track/2eLe81VDUQ5f0xFfc9cMWz,22,28.166666666666668,6,0.3114052119231457
India,2021-12-13,"Kalle Kalle (From ""Chandigarh Kare Aashiqui"")","Priya Saraiya, Sachin-Jigar",https://open.spotify.com/track/5o6q9gQXi5umBrUczroW79,29,30.857142857142858,7,0.31115135985949716
Sweden,2021-12-13,Parklands,Andreas Mattsson,https://open.spotify.com/track/3bC3tawclFdDdDegQyXdzy,19,25.428571428571427,7,0.3110841129099314
Paraguay,2021-12-13,Del Sur Soldado,Mr. Yosie Locote,https://open.spotify.com/track/1Z8D8RRrsMBejQcPYM3zRI,48,48.0,1,0.3108261724211506
Netherlands,2021-12-13,Move Your Body,"Öwnboss, Sevek",https://open.spotify.com/track/6GomT970rCOkKAyyrwJeZi,48,48.0,1,0.31062274155761926
Belgium,2021-12-13,GHOST TOWN,Benson Boone,https://open.spotify.com/track/135Lf4Q0CzlMNfOxbEUsLH,35,44.333333333333336,6,0.3102938207986976
New Zealand,2021-12-13,4:00A.M.,Taeko Onuki,https://open.spotify.com/track/0zoGVO4bQXG8U6ChKwNgeg,19,33.42857142857143,7,0.31020123081012707
Netherlands,2021-12-13,Ons Moeder Zeej Nog,Jan Biggel,https://open.spotify.com/track/7K26jwuBYEodBYQCg4OymD,44,46.857142857142854,7,0.30995580219645086
Latvia,2021-12-13,Come Over (Again),Crawlers,https://open.spotify.com/track/4PDJDIdWxNN1AlnbrKkoPf,44,46.5,4,0.30984053853421323
Ireland,2021-12-13,Dance with the Devil,Immortal Technique,https://open.spotify.com/track/7MDUVH4ITohsIjdynRwCJp,44,45.0,2,0.3098255940896677
Portugal,2021-12-13,No Time,Pol 3.14,https://open.spotify.com/track/4EmkhxXEKkThUUzvtcFYrO,37,43.0,2,0.3097445984756612
Vietnam,2021-12-13,LILYHAMMER,Hustlang Robber,https://open.spotify.com/track/3AsPopTxHAoNdMADqj6BIi,49,49.5,2,0.3096624976244521
India,2021-12-13,LOST IN PARADISE,"ALI, AKLO",https://open.spotify.com/track/7kRKlFCFLAUwt43HWtauhX,41,45.285714285714285,7,0.3096136864666054
India,2021-12-13,abcdefu (angrier),GAYLE,https://open.spotify.com/track/1EQFOouqdKYdpbNoOHRVO2,17,19.0,7,0.30959111903388586
Ireland,2021-12-13,Love Me,TeeDee,https://open.spotify.com/track/6t192M9A83w0sfFCCuW2ds,50,50.0,2,0.3094841531786175
Czech Republic,2021-12-13,Lucky,Lucky Twice,https://open.spotify.com/track/2UFzyfLgNGY0PLXfkszWlf,42,47.2,5,0.3093232555137646
Norway,2021-12-13,Hei Hvor Det Går,Smörebua,https://open.spotify.com/track/5dTvsvVyfPSe2iIffvwf65,35,37.666666666666664,3,0.3086981597234242
New Zealand,2021-12-13,It's Called: Freefall,Rainbow Kitten Surprise,https://open.spotify.com/track/474uVhyGgK5MtY9gMcDgGl,35,42.6,5,0.30857265798101446
India,2021-12-13,Pope Is a Rockstar,SALES,https://open.spotify.com/track/0So2sgVa8aJiARPl2P29u2,26,34.0,2,0.3084128323073993
Germany,2021-12-13,Misfit,BEVN,https://open.spotify.com/track/4il1JMRKxgxpIDH2ud6TA7,49,49.0,1,0.3084095869654604
New Zealand,2021-12-13,Chandelier,Will Paquin,https://open.spotify.com/track/3REELyDyt5SPKX2387Zubv,20,28.857142857142858,7,0.30833579444147163
Canada,2021-12-13,The Perfect Girl,Mareux,https://open.spotify.com/track/6J4XizhuOlKmPWykPrHIrV,24,24.0,1,0.30802323921585345
Philippines,2021-12-13,Two Birds,Regina Spektor,https://open.spotify.com/track/2n0U2OG5d6TuW5mKx7YrC0,40,43.714285714285715,7,0.30757492185868596
Turkey,2021-12-13,Değmemeli,Mavi,https://open.spotify.com/track/2bKPcb210p1TKBRmxYfmot,26,29.714285714285715,7,0.3074692991509734
Netherlands,2021-12-13,Streken Van Een Duivel,"Bilal Wahib, Frenna",https://open.spotify.com/track/4wIhjMTomtYhOy1GAg8SSC,19,23.142857142857142,7,0.30714902112260245
Australia,2021-12-13,Super Gremlin,Kodak Black,https://open.spotify.com/track/4A8cWXxKfIL3lAyUDzXbCF,48,48.0,2,0.3071448749911839
Brazil,2021-12-13,"Quem Não Bafora, Não Transa (feat. Mc Sapinha & Mc Amandinha Zs)","JC NO BEAT, MC Menor MT, DJ Patrick Muniz",https://open.spotify.com/track/3mDZT67b9Z6rFH4qjueTuX,48,49.0,2,0.30700850368954535
Turkey,2021-12-13,Ölmek İstedim,Egemen Akkol,https://open.spotify.com/track/7K4BACglt4sA0owVGPLIOD,40,41.6,5,0.3070053529157407
Russia,2021-12-13,uf-af,LOLIWZ,https://open.spotify.com/track/5bGs1NKVdyGjLlYjlTUVSY,41,45.142857142857146,7,0.30693943424902365
France,2021-12-13,Sip (Alcohol),Joeboy,https://open.spotify.com/track/4tr4oHjFijp0EgISHYDIXe,44,46.8,5,0.30687136653420605
Japan,2021-12-13,TSUMAMI,"WATT a.k.a. YOTTERUBUTTERU, HI-KING TAKASE, GAPPER",https://open.spotify.com/track/5Y73boiT0iU2I0JVBcmyK0,29,31.0,4,0.30657536307027766
Australia,2021-12-13,Ruin My Life,Huskii,https://open.spotify.com/track/6kByNS9njWAmLFkgWw4teW,43,46.2,5,0.3064168481538133
Singapore,2021-12-13,Nothing,Bruno Major,https://open.spotify.com/track/2IAR0DziHCjSu16gR4ihvy,33,42.0,7,0.3061933292896535
Thailand,2021-12-13,You Right Luxurious,MysticHits,https://open.spotify.com/track/7xhXQdGtJHVo43caBC4xcF,47,47.0,1,0.306181939514797
Chile,2021-12-13,Pa Tra Rkt,"Callejero Fino, Pusho DJ",https://open.spotify.com/track/1CpRJLarXSUho5AopXxNQj,44,46.333333333333336,3,0.30603218774178037
Poland,2021-12-13,Two Birds,Regina Spektor,https://open.spotify.com/track/2n0U2OG5d6TuW5mKx7YrC0,39,43.333333333333336,6,0.30601789340060864
United Kingdom,2021-12-13,Somebody To Love,Ben Kim,https://open.spotify.com/track/6hzWWZjqHcoI2KIWpldo9v,46,47.4,5,0.3058055056366632
Ireland,2021-12-13,Make You Smile,"D-Block Europe, AJ Tracey",https://open.spotify.com/track/7au23Qf6zRs72N3RztqUQe,45,46.0,2,0.3055557037681736
New Zealand,2021-12-13,Want me!!?,"Cl4pers, noevdv",https://open.spotify.com/track/115iPhBHB5BBzjLCZFfvTt,31,36.333333333333336,3,0.30553263225911287
Colombia,2021-12-13,Nothing,Bruno Major,https://open.spotify.com/track/2IAR0DziHCjSu16gR4ihvy,35,38.2,5,0.3054601778327541
Indonesia,2021-12-13,MIDDLE OF THE NIGHT,Elley Duhé,https://open.spotify.com/track/58HvfVOeJY7lUuCqF0m3ly,45,46.0,2,0.3053919626544125
Netherlands,2021-12-13,Amsterdam,FLEMMING,https://open.spotify.com/track/7lP1zUASWfS5TLBdQDj3DA,46,48.8,5,0.30527871144109686
Spain,2021-12-13,CAMALEÓN,Belén Aguilera,https://open.spotify.com/track/5H1LLTRLRw59GZh6Xd5lGe,43,45.0,5,0.30501243950260915
Vietnam,2021-12-13,All Too Well (10 Minute Version) (Taylor's Version) (From The Vault),Taylor Swift,https://open.spotify.com/track/5enxwA8aAbwZbf5qCHORXi,35,41.333333333333336,3,0.3049688338422125
Singapore,2021-12-13,Goodbye (from the series Arcane League of Legends),Ramsey,https://open.spotify.com/track/5QWjrWckcPcSVqQNfbD4Bc,36,41.0,3,0.30495977669528507
Chile,2021-12-13,The Perfect Girl,Mareux,https://open.spotify.com/track/6J4XizhuOlKmPWykPrHIrV,32,32.0,1,0.30488538147742955
Austria,2021-12-13,Nothing,Bruno Major,https://open.spotify.com/track/2IAR0DziHCjSu16gR4ihvy,47,47.333333333333336,3,0.30465150717910056
Guatemala,2021-12-13,Te Lo Debo a Ti,"Luis Angel ""El Flaco""",https://open.spotify.com/track/6IHwMo9UbzanstmW2Edy8r,46,46.0,1,0.30419667855123506
Denmark,2021-12-13,Goodbye (from the series Arcane League of Legends),Ramsey,https://open.spotify.com/track/5QWjrWckcPcSVqQNfbD4Bc,18,24.0,7,0.3040134807268152
South Korea,2021-12-13,Bokdukbang,northfacegawd,https://open.spotify.com/track/4hbTXShEqT58auNWQ7KCKG,50,50.0,2,0.30358970249791956
Luxembourg,2021-12-13,MAUVAIS 2X (feat. Ninho),Gazo,https://open.spotify.com/track/6UlSVbJrj3wsyxjGM4KPAv,35,37.333333333333336,3,0.30352088981003134
Poland,2021-12-13,Na cały świat,"Sokół, Quebonafide, Pezet, Shuko",https://open.spotify.com/track/0DDO0Wde230yaV6yl0ll1G,26,29.714285714285715,7,0.30300797810526753
South Korea,2021-12-13,Acrobat 곡예사,Gwangil Jo,https://open.spotify.com/track/0k21uOz3txTfyA1a91QWTr,44,45.0,2,0.30300515438813785
Russia,2021-12-13,Live Another Day,Kordhell,https://open.spotify.com/track/34lfu3S4fIcKZRNXzbdbo7,42,45.42857142857143,7,0.3029980841026653
Norway,2021-12-13,SOM DOM,Sarettii,https://open.spotify.com/track/7rwijx2xejRaPkEXUftI11,40,45.0,5,0.30225911592551064
Colombia,2021-12-13,Toxic,BoyWithUke,https://open.spotify.com/track/2gQPv5jvVPqU2a9HhMNO1v,43,47.75,4,0.30205812798248516
New Zealand,2021-12-13,all I want is you,"Rebzyyx, hoshie star",https://open.spotify.com/track/7lOvJBqH38ZY59eLU7bioq,49,49.0,1,0.30187603969831106
Germany,2021-12-13,4:00A.M.,Taeko Onuki,https://open.spotify.com/track/0zoGVO4bQXG8U6ChKwNgeg,22,24.0,3,0.30182405197689527
Canada,2021-12-13,Time Time,"Trei Degete, Squeezie, Myd, KronoMuzik",https://open.spotify.com/track/5wKDPtbdggE1roeVp3UdXX,32,38.42857142857143,7,0.301609213816734
Norway,2021-12-13,Julekveldsvisa anno 2019,Jon Niklas Rønning,https://open.spotify.com/track/5n6U1K9nGC8cjHXuf2x8cY,25,32.285714285714285,7,0.30158489970059255
Japan,2021-12-13,Title,Meghan Trainor,https://open.spotify.com/track/0k5hoseEJnCAbpRh38dNoI,35,38.333333333333336,3,0.3012247554088505
Egypt,2021-12-13,I Love You So,The Walters,https://open.spotify.com/track/4SqWKzw0CbA05TGszDgMlc,44,46.333333333333336,3,0.301064964119753
Germany,2021-12-13,Toto et Ninetta,Jul,https://open.spotify.com/track/4DMSNaJcSirQN31BSf2BeZ,23,35.0,7,0.3007744380357572
Switzerland,2021-12-13,Dynasties & Dystopia (from the series Arcane League of Legends),"Denzel Curry, Gizzle, Bren Joy",https://open.spotify.com/track/5EIkdrmuu2xkoQWOWjoeFY,48,48.0,1,0.3004168123109466
Colombia,2021-12-13,Pachito E'ché,"Alex Tovar, Jorge Noriega",https://open.spotify.com/track/61OuwxuPbee8Q081qeqGvW,27,37.5,4,0.3001292990013194
Japan,2021-12-13,Surges,"Orangestar, 夏背, ルワン",https://open.spotify.com/track/5XhxMq0dQNenKr6eDU79Ka,37,42.166666666666664,6,0.30002989574158406
Chile,2021-12-13,Mentiras SEGUIMOS,Yilberking,https://open.spotify.com/track/2felT8uHTYr4bFJBuSOkKJ,45,46.333333333333336,3,0.29931773263339345
Netherlands,2021-12-13,Flowers (Say My Name),ArrDee,https://open.spotify.com/track/2BzAGK3lEZAQz5cU0Ae1wd,33,35.142857142857146,7,0.2990629831628392
Switzerland,2021-12-13,2 Gesichter,"Rosc, Yung Jannky",https://open.spotify.com/track/2RPpPcyHKJtRQOZSY6nJU0,40,41.5,2,0.29905366566943464
Indonesia,2021-12-13,365,Tiara Andini,https://open.spotify.com/track/2Br3KpvIH0QtZh6TeNBRso,32,36.0,3,0.2986510727225605
Israel,2021-12-13,Guns for Hire (from the series Arcane League of Legends),Woodkid,https://open.spotify.com/track/2H3HPGuPyhcbg5AqoQ4BWr,34,41.0,5,0.29850756672256157
India,2021-12-13,Saami Saami,Mounika Yadav,https://open.spotify.com/track/4ZUxhQNRCzlh6alqBHPNRC,33,40.0,3,0.29844139513523676
Portugal,2021-12-13,The Perfect Girl,Mareux,https://open.spotify.com/track/6J4XizhuOlKmPWykPrHIrV,40,40.0,1,0.29834412361395274
Russia,2021-12-13,Enemy (with JID) - from the series Arcane League of Legends,Imagine Dragons,https://open.spotify.com/track/1r9xUipOqoNwggBpENDsvJ,31,34.857142857142854,7,0.2981024429536332
France,2021-12-13,L'odeur de l'essence,Orelsan,https://open.spotify.com/track/4c3TC1eWvz6BgOqSlOAKdT,43,45.857142857142854,7,0.29805609153653323
New Zealand,2021-12-13,Dirty Little Animals (From the series Arcane League of Legends),BONES UK,https://open.spotify.com/track/2ZuDGsKSJpQdJmpknJ7ypF,50,50.0,1,0.2976684553392413
Sweden,2021-12-13,Dynasties & Dystopia (from the series Arcane League of Legends),"Denzel Curry, Gizzle, Bren Joy",https://open.spotify.com/track/5EIkdrmuu2xkoQWOWjoeFY,44,47.142857142857146,7,0.29734010858998666
Latvia,2021-12-13,Bananza (Belly Dancer),Akon,https://open.spotify.com/track/0dNPpDFdvzj6XFIRzg2hmp,45,46.0,2,0.29724338612317536
Spain,2021-12-13,La Llamada,"Pusho, Myke Towers",https://open.spotify.com/track/4VlVJff7viYXRb7TbmXGGP,42,44.857142857142854,7,0.29701426697315775
Russia,2021-12-13,Плоская,Kempel,https://open.spotify.com/track/44mJxPVUtEV61pw8dQaB5d,19,24.714285714285715,7,0.2968184447838408
Germany,2021-12-13,"Money Calling (feat. RAYE, Russ Millions & wewantwraiths)",Da Beatfreakz,https://open.spotify.com/track/58BJ5oUPX5ST2pjCtOSMkk,37,42.333333333333336,6,0.2967173425921589
Colombia,2021-12-13,abcdefu (angrier),GAYLE,https://open.spotify.com/track/1EQFOouqdKYdpbNoOHRVO2,34,38.5,6,0.29670159024523757
Poland,2021-12-13,Chemia Nowej Ery,Polskie Hity Internetu,https://open.spotify.com/track/6qlwWkq32XA05DVs6LQYD6,30,37.142857142857146,7,0.29653704344512544
Finland,2021-12-13,Legend,Tevvez,https://open.spotify.com/track/05EG9LwFCVjkoYEWzsrHHO,36,41.166666666666664,6,0.29646286518776205
Chile,2021-12-13,SAD GIRLZ LUV MONEY Remix (feat. Kali Uchis and Moliy),Amaarae,https://open.spotify.com/track/09gysnJpfQ3ublBmJDfcEC,31,38.4,5,0.29622875597132525
Hong Kong,2021-12-13,Oz.,yama,https://open.spotify.com/track/2VRcLEvQCMByWBuvM9gaJ2,45,48.333333333333336,3,0.2958935859742039
Italy,2021-12-13,The Perfect Girl,Mareux,https://open.spotify.com/track/6J4XizhuOlKmPWykPrHIrV,29,29.0,1,0.29579524890852815
Egypt,2021-12-13,Bananza (Belly Dancer),Akon,https://open.spotify.com/track/3BwkldhE22DdxOcXegF2Kv,46,47.0,2,0.29565719179841193
Germany,2021-12-13,Я буду ебать,"Moreart, IHI",https://open.spotify.com/track/3lFrFQcZWPLa8WEG7xoc4b,34,39.42857142857143,7,0.2955059318816821
Netherlands,2021-12-13,Swipe Up,"Sleazy Stereo, Matjo & Morena",https://open.spotify.com/track/3dRomLTOMNTef8eGHPKM88,34,37.42857142857143,7,0.2952972858255722
Mexico,2021-12-13,Sou Favela,"MC Bruninho, Vitinho Ferrari, Dj DG, Batidão Stronda",https://open.spotify.com/track/4lEVoOnIybtRqi4knZwdPZ,34,38.666666666666664,3,0.295011693752623
Sweden,2021-12-13,"Squid Game (Red Light, Green Light)","Rockit Gaming, Dan Bull",https://open.spotify.com/track/3x6cXQg9QUjz47P2M5k1bt,14,14.0,1,0.294657270256014
Ecuador,2021-12-13,Borra Mi Mensaje,Martin Machore,https://open.spotify.com/track/6W6hFDUbatANjd4b0r6i8P,46,46.0,1,0.2943932792056264
Sweden,2021-12-13,Want me!!?,"Cl4pers, noevdv",https://open.spotify.com/track/115iPhBHB5BBzjLCZFfvTt,33,39.0,3,0.29428697934180587
Poland,2021-12-13,Chandelier,Will Paquin,https://open.spotify.com/track/3REELyDyt5SPKX2387Zubv,29,36.42857142857143,7,0.2942465389110839
Chile,2021-12-13,Alejarme de Ti,"Eladio Carrion, Jay Wheeler",https://open.spotify.com/track/4YV8COy6CS7PBFHw0AO4pF,29,37.0,7,0.2941332916614546
Finland,2021-12-13,Coming for You (feat. A1 x J1),SwitchOTR,https://open.spotify.com/track/1xIqDFx3KdByBnKMlTECcM,36,40.857142857142854,7,0.29400318755683447
Thailand,2021-12-13,Cheating is a crime,たかやん,https://open.spotify.com/track/51i1OUSmicIa8vMcuU7HJT,50,50.0,1,0.2935580844032423
Morocco,2021-12-13,Playground (from the series Arcane League of Legends),Bea Miller,https://open.spotify.com/track/5f2zZawBtGBEw24ABweErz,50,50.0,1,0.293407348693315
Sweden,2021-12-13,Sockenplan Revisited,David Ritschard,https://open.spotify.com/track/6YSi6dnQYMy8DbgF2Rj3LU,42,44.5,2,0.293370306510231
Nicaragua,2021-12-13,Ayer y Hoy,Julio Jaramillo,https://open.spotify.com/track/58J23cD4zeeidroDepVhX7,44,45.0,4,0.29327972574108113
Netherlands,2021-12-13,GHOST TOWN,Benson Boone,https://open.spotify.com/track/135Lf4Q0CzlMNfOxbEUsLH,36,38.142857142857146,7,0.292881703693981
Belgium,2021-12-13,Snakes (from the series Arcane League of Legends),"MIYAVI, PVRIS",https://open.spotify.com/track/7LmyUD78mtwBDzgVV4P5F4,50,50.0,2,0.29247574360151074
Colombia,2021-12-13,all I want is you,"Rebzyyx, hoshie star",https://open.spotify.com/track/7lOvJBqH38ZY59eLU7bioq,47,47.666666666666664,3,0.2921664894589288
Philippines,2021-12-13,Infinity,Jaymes Young,https://open.spotify.com/track/1SOClUWhOi8vHZYMz3GluK,46,48.0,3,0.2920136982090934
United Kingdom,2021-12-13,Goodbye (from the series Arcane League of Legends),Ramsey,https://open.spotify.com/track/5QWjrWckcPcSVqQNfbD4Bc,34,39.142857142857146,7,0.29191620435663446
Hungary,2021-12-13,Gyöngyhajú lány,Omega,https://open.spotify.com/track/3nDfx9WqSNOfbuCP4yonzj,44,44.0,1,0.29191430174335037
Russia,2021-12-13,4:00A.M.,Taeko Onuki,https://open.spotify.com/track/0zoGVO4bQXG8U6ChKwNgeg,32,41.57142857142857,7,0.291523141123872
Russia,2021-12-13,Она звезда,Ваня Люленов,https://open.spotify.com/track/5ue6kRvEbNdJLUxcdNrPoz,22,25.714285714285715,7,0.29150230872007765
Russia,2021-12-13,Snakes (from the series Arcane League of Legends),"MIYAVI, PVRIS",https://open.spotify.com/track/7LmyUD78mtwBDzgVV4P5F4,49,49.0,1,0.2913327087333567
South Korea,2021-12-13,Smokin Out The Window,"Bruno Mars, Anderson .Paak, Silk Sonic",https://open.spotify.com/track/7sMBvZCSUl99bJLXZaLa0b,47,48.5,2,0.29114799554007986
Netherlands,2021-12-13,D O D O,Tayc,https://open.spotify.com/track/7fWotHT92my4vLN713vFTa,35,39.714285714285715,7,0.2906046775609583
Germany,2021-12-13,Morgen/Heute,makko,https://open.spotify.com/track/6fSmiG9OVZ5rhCvI6lyAHI,45,46.5,2,0.29023563947088127
Czech Republic,2021-12-13,Sklo,Viktor Sheen,https://open.spotify.com/track/1eNZ4QVslYy7olrihCHdAx,38,43.75,4,0.29007665394244314
Ireland,2021-12-13,Boho Days,"Andrew Garfield, Robin de Jesus, Alexandra Shipp, Joshua Henry, Vanessa Hudgens",https://open.spotify.com/track/7k5agf3Bo48jyzXrvrMuhb,46,47.75,4,0.2899689470861737
Australia,2021-12-13,Big Energy,Latto,https://open.spotify.com/track/6Zu3aw7FfjAF9WA0fA81Oq,47,48.6,5,0.289292702228049
Indonesia,2021-12-13,Chandelier,Will Paquin,https://open.spotify.com/track/3REELyDyt5SPKX2387Zubv,34,40.666666666666664,3,0.2892078701556388
Australia,2021-12-13,22 (Remix),"Lil Candy Paint, Bhad Bhabie",https://open.spotify.com/track/1Tfl1OLWRg2l2gmrLudDEL,44,45.5,6,0.288837443612742
Russia,2021-12-13,Alien Blues,Vundabar,https://open.spotify.com/track/6UjeFOCGYgMpBUtqKg1Je3,33,39.142857142857146,7,0.2888283061209016
Sweden,2021-12-13,Legend,Tevvez,https://open.spotify.com/track/05EG9LwFCVjkoYEWzsrHHO,43,46.5,2,0.28881492062220065
Finland,2021-12-13,Salaisuudet,Tuuli,https://open.spotify.com/track/0ricCMwmnkaDwkQHGtHD2u,36,41.0,3,0.2886417430940079
Colombia,2021-12-13,"No Tengo Hambre, Tengo Ansiedad",Alan Sutton y las criaturitas de la ansiedad,https://open.spotify.com/track/0kqWb82ACdjcObDqDqD0zg,38,41.5,6,0.28859579701366533
France,2021-12-13,4:00A.M.,Taeko Onuki,https://open.spotify.com/track/0zoGVO4bQXG8U6ChKwNgeg,39,43.333333333333336,3,0.28849223460893825
Argentina,2021-12-13,828,"Aleesha, Emilia",https://open.spotify.com/track/5FYUCl30XA4avs2aBKhKaL,37,42.857142857142854,7,0.2884255127375785
Belgium,2021-12-13,D O D O,Tayc,https://open.spotify.com/track/7fWotHT92my4vLN713vFTa,45,47.0,2,0.2882561754212392
Norway,2021-12-13,HMU,Tobias Dray,https://open.spotify.com/track/60U1w8wJMlPvXRdPaLAYqi,32,40.666666666666664,3,0.28785774004278414
Poland,2021-12-13,Enemy (with JID) - from the series Arcane League of Legends,Imagine Dragons,https://open.spotify.com/track/1r9xUipOqoNwggBpENDsvJ,43,47.142857142857146,7,0.28784093877500133
Ecuador,2021-12-13,Alien Blues,Vundabar,https://open.spotify.com/track/6UjeFOCGYgMpBUtqKg1Je3,47,47.5,2,0.28766497760359244
Philippines,2021-12-13,God Must Hate Me,Catie Turner,https://open.spotify.com/track/21xzFXSL2XkZ2mIzDDAqTK,34,41.57142857142857,7,0.2876426152340291
Turkey,2021-12-13,Endamın Yeter,Kıraç,https://open.spotify.com/track/5n1MwdIRqFtsFO4qp86USa,47,47.75,4,0.2875302230089324
Russia,2021-12-13,What Could Have Been feat. Ray Chen (from the series Arcane League of Legends),Sting,https://open.spotify.com/track/4Oih3RDrSFg3afaOphBVuy,50,50.0,1,0.28721162090070396
Netherlands,2021-12-13,God Must Hate Me,Catie Turner,https://open.spotify.com/track/21xzFXSL2XkZ2mIzDDAqTK,23,34.714285714285715,7,0.2871972028533859
Colombia,2021-12-13,Quiéreme Así,Nanpa Básico,https://open.spotify.com/track/2bOw3b1eAOtYXzyaB63KXK,47,48.75,4,0.28667147554919786
Singapore,2021-12-13,SAD GIRLZ LUV MONEY Remix (feat. Kali Uchis and Moliy),Amaarae,https://open.spotify.com/track/09gysnJpfQ3ublBmJDfcEC,40,43.5,4,0.28649376022525486
Denmark,2021-12-13,City,Elias,https://open.spotify.com/track/5KflbRVJrVlSNbwGTqSHaF,41,45.5,2,0.2864188205467299
Italy,2021-12-13,Come Over (Again),Crawlers,https://open.spotify.com/track/4PDJDIdWxNN1AlnbrKkoPf,42,44.0,4,0.28614484003789203
Ecuador,2021-12-13,The Perfect Girl,Mareux,https://open.spotify.com/track/6J4XizhuOlKmPWykPrHIrV,48,48.0,1,0.28613470162494736
Luxembourg,2021-12-13,Nostálgico,"Rvssian, Rauw Alejandro, Chris Brown",https://open.spotify.com/track/2BEcap3xJtmiPaHKyfQi4e,47,48.5,2,0.28587728385692407
New Zealand,2021-12-13,Stop The Cavalry,Jona Lewie,https://open.spotify.com/track/2bPQuniBB9x0fRtxDly0kr,43,44.0,3,0.28578615645037586
New Zealand,2021-12-13,"30/90 (from ""tick, tick... BOOM!"" Soundtrack from the Netflix Film)","Andrew Garfield, Joshua Henry, Vanessa Hudgens, Robin de Jesus, Alexandra Shipp, MJ Rodriguez",https://open.spotify.com/track/55MIRLbZzpYSmMlRt9ZDWM,26,29.4,5,0.2856058683412693
Australia,2021-12-13,Running Away,Rumor,https://open.spotify.com/track/1KOVmdlYTX5SD4rUM88Bh0,45,48.0,3,0.2851814085780913
Australia,2021-12-13,The Perfect Girl,Mareux,https://open.spotify.com/track/6J4XizhuOlKmPWykPrHIrV,26,26.0,1,0.28505329854169525
Australia,2021-12-13,Я буду ебать,"Moreart, IHI",https://open.spotify.com/track/3lFrFQcZWPLa8WEG7xoc4b,34,41.142857142857146,7,0.28479862487193486
Latvia,2021-12-13,In My Room,Insane Clown Posse,https://open.spotify.com/track/7jKHJoOij35nfpq6PYHlFH,48,48.0,1,0.28404318508500587
Denmark,2021-12-13,What Could Have Been feat. Ray Chen (from the series Arcane League of Legends),Sting,https://open.spotify.com/track/4Oih3RDrSFg3afaOphBVuy,50,50.0,1,0.28400855932261665
Denmark,2021-12-13,Habibi - Albanian Remix,"Ricky Rich, Dardan, DJ Gimi-O",https://open.spotify.com/track/2sHYMLUd4nVLxHPKY05Ein,50,50.0,1,0.28400855932261665
Denmark,2021-12-13,Mon Amour - Remix,"zzoilo, Aitana",https://open.spotify.com/track/5TMLavqGRKNxgzMBrVpC9R,50,50.0,1,0.28400855932261665
Sweden,2021-12-13,Den sista,"Annika Norlin, Mattias Alkberg",https://open.spotify.com/track/6T51Z4ZEUf8dRUvYbEhFuj,24,32.57142857142857,7,0.28384344622118335
Luxembourg,2021-12-13,Späti,Gzuz,https://open.spotify.com/track/1S4Ehm8b7O4n9lIy3uAMS1,46,47.333333333333336,3,0.28374516144746376
Bulgaria,2021-12-13,Fahrenheit,Azee,https://open.spotify.com/track/4CTmdK2ghnQSHKT2q7qu22,46,46.0,1,0.28327672393511577
New Zealand,2021-12-13,La Espada,Eternal Raijin,https://open.spotify.com/track/6w969Gr8VhF02vaHs67oo9,39,44.333333333333336,6,0.2832530276823898
Russia,2021-12-13,Do It To It,"ACRAZE, Cherish",https://open.spotify.com/track/20on25jryn53hWghthWWW3,36,41.142857142857146,7,0.2831852119919681
Peru,2021-12-13,ONLY,LeeHi,https://open.spotify.com/track/6TBJkXHPhu3EsMk1bshwuI,47,47.0,1,0.28295153529228106
Switzerland,2021-12-13,It's Called: Freefall,Rainbow Kitten Surprise,https://open.spotify.com/track/474uVhyGgK5MtY9gMcDgGl,44,45.5,2,0.2825214554607086
Japan,2021-12-13,沈丁花,DISH//,https://open.spotify.com/track/79TdseXlAiANFOTstIwejv,28,38.285714285714285,7,0.2824161760710594
Poland,2021-12-13,Live Another Day,Kordhell,https://open.spotify.com/track/34lfu3S4fIcKZRNXzbdbo7,44,46.333333333333336,3,0.2820035232723984
India,2021-12-13,Nakhre,Zack Knight,https://open.spotify.com/track/7tpRgru0h8B4eCvdBegLTA,37,41.714285714285715,7,0.28189924462581245
Netherlands,2021-12-13,Fairytale of New York (feat. Kirsty MacColl),The Pogues,https://open.spotify.com/track/3VTNVsTTu05dmTsVFrmGpK,28,31.142857142857142,7,0.28180143443144035
Canada,2021-12-13,No Wahala,1da Banton,https://open.spotify.com/track/4vHy2IHzf3EabEa7oMpUZB,29,31.0,5,0.2815296707605621
Switzerland,2021-12-13,Nüm mir,Stereo Luchs,https://open.spotify.com/track/08KErbq8gqlxl7JRMtIRtR,36,42.42857142857143,7,0.28125690504654915
Netherlands,2021-12-13,California Dreamin' (feat. High Jinx),Chris Lorenzo,https://open.spotify.com/track/4ASOMWcJUrwEpjJy4GEijz,42,44.4,5,0.28122180214205
Luxembourg,2021-12-13,Playground (from the series Arcane League of Legends),Bea Miller,https://open.spotify.com/track/5f2zZawBtGBEw24ABweErz,48,49.0,2,0.2811255042222109
Vietnam,2021-12-13,Better Days (NEIKED x Mae Muller x Polo G),NEIKED,https://open.spotify.com/track/6f5ExP43esnvdKPddwKXJH,42,47.2,5,0.28112108160875826
Poland,2021-12-13,Latorina,Gawryle,https://open.spotify.com/track/1la5XKrw8ieIjCBMtR8uPA,34,40.0,7,0.28055651354221106
Australia,2021-12-13,MUFFIN,"BadBoyHalo, CG5, Hyper Potions, Skeppy, CaptainPuffy",https://open.spotify.com/track/0w9SSLVuq8ZlCdrfEuqQ6z,41,43.5,4,0.28055256825878266
Japan,2021-12-13,Break Beat Bark!,ユナ (CV:神田沙也加),https://open.spotify.com/track/18Cjb5zI8lmbgVcaagZGoV,44,44.0,1,0.28041487420411804
Netherlands,2021-12-13,lost souls (with Brent Faiyaz),Baby Keem,https://open.spotify.com/track/02rdXe0KhMe8p6ZHzYtuw0,47,48.5,2,0.2800891465739861
Japan,2021-12-13,Savage,aespa,https://open.spotify.com/track/3dbLT62Cvs46Ju7a8gpr36,40,43.0,7,0.279728024340535
India,2021-12-13,Elevated,Shubh,https://open.spotify.com/track/3ShV5E92NCpxh2B4MXycxU,27,31.285714285714285,7,0.2796529828327046
Canada,2021-12-13,Fall in Love with You.,Montell Fish,https://open.spotify.com/track/31MQR9rOHRXyg4J01hRY1h,39,44.42857142857143,7,0.27939556724764
Austria,2021-12-13,Fall in Love with You.,Montell Fish,https://open.spotify.com/track/31MQR9rOHRXyg4J01hRY1h,45,47.0,3,0.2789072076409445
Japan,2021-12-13,Mon Amour - Remix,"zzoilo, Aitana",https://open.spotify.com/track/5TMLavqGRKNxgzMBrVpC9R,30,34.833333333333336,6,0.27864130181465785
Hong Kong,2021-12-13,夕陽之歌,Anita Mui,https://open.spotify.com/track/5tVzG4tw3M9VLkcQ0fOtgF,42,44.25,4,0.2782744940167231
Russia,2021-12-13,Первый раз,Krasnaya Plesen,https://open.spotify.com/track/4bxaIFqvSpqqAHxT3pyMRt,40,42.75,4,0.278221533949465
Costa Rica,2021-12-13,Amapolas,Leo Rizzi,https://open.spotify.com/track/0z5yLgBmAtaylDYrgwzlpH,48,48.0,1,0.2781445617951051
India,2021-12-13,Bananza (Belly Dancer),Akon,https://open.spotify.com/track/0dNPpDFdvzj6XFIRzg2hmp,26,26.0,2,0.27809124346228886
Ecuador,2021-12-13,Enemy - From the series Arcane League of Legends,Imagine Dragons,https://open.spotify.com/track/5UlnuulVAVmmesw4VzqHdG,50,50.0,1,0.27801651775467606
Finland,2021-12-13,In My Room,Insane Clown Posse,https://open.spotify.com/track/7jKHJoOij35nfpq6PYHlFH,39,42.5,6,0.2779930831829644
Luxembourg,2021-12-13,High Enough,K.Flay,https://open.spotify.com/track/1qwno7xb5mJe71xtMS6jl2,41,41.0,2,0.27791664311209174
Spain,2021-12-13,Alejarme de Ti,"Eladio Carrion, Jay Wheeler",https://open.spotify.com/track/4YV8COy6CS7PBFHw0AO4pF,33,38.42857142857143,7,0.27785432442565566
Netherlands,2021-12-13,Erika Uit Langenboom,Vieze Asbak,https://open.spotify.com/track/0QbvWBioXd1dt4LUxJ0CnC,48,48.5,2,0.2773448464008086
Norway,2021-12-13,4:00A.M.,Taeko Onuki,https://open.spotify.com/track/0zoGVO4bQXG8U6ChKwNgeg,21,29.0,3,0.277329691188137
India,2021-12-13,Dandelions - slowed + reverb,"Ruth B., slater",https://open.spotify.com/track/6fhG2KJgwO7CrNflRaRmvp,37,38.57142857142857,7,0.27704870302617096
Sweden,2021-12-13,God Must Hate Me,Catie Turner,https://open.spotify.com/track/21xzFXSL2XkZ2mIzDDAqTK,37,39.714285714285715,7,0.2765329944564753
Switzerland,2021-12-13,Rap City,"Rapide x Alawi, L Loko, Drini",https://open.spotify.com/track/3XsvMcB7f0gstA0VYRtK0B,36,40.0,7,0.2761231758701443
Japan,2021-12-13,ハート,Aimyon,https://open.spotify.com/track/6cvKfEw8rDcmXBslqSEC9G,29,30.571428571428573,7,0.27581254663221705
Spain,2021-12-13,4:00A.M.,Taeko Onuki,https://open.spotify.com/track/0zoGVO4bQXG8U6ChKwNgeg,26,28.0,2,0.27544433933512535
Finland,2021-12-13,We Don't Talk About Bruno,"Carolina Gaitán - La Gaita, Mauro Castillo, Adassa, Rhenzy Feliz, Diane Guerrero, Stephanie Beatriz, Encanto - Cast",https://open.spotify.com/track/52xJxFP6TqMuO4Yt0eOkMz,35,37.5,2,0.27528476039031385
Nicaragua,2021-12-13,Tu Gloria / Toda Hermosa Eres Maria,Norma Helena Gadea,https://open.spotify.com/track/4ZK7L2XmvhuOEOqAzYC5le,47,47.0,1,0.275148101929642
Luxembourg,2021-12-13,10von10,Pajel,https://open.spotify.com/track/1sa59Q9urE82MD3ELi44HN,42,44.0,3,0.2748354586935182
Switzerland,2021-12-13,Legend,Tevvez,https://open.spotify.com/track/05EG9LwFCVjkoYEWzsrHHO,46,47.0,2,0.27466858597396615
Netherlands,2021-12-13,Le Bled,"Cristian D, Brysa",https://open.spotify.com/track/5jHfomwwBzN6rD2ByERafC,28,34.142857142857146,7,0.2744612005870231
South Korea,2021-12-13,MAKE U DANCE,"ADORA, EUNHA",https://open.spotify.com/track/1vozwNInCvxQaBrc5a66eo,37,42.0,2,0.27373449949688855
Indonesia,2021-12-13,24/7,"Celina Sharma, Harris J.",https://open.spotify.com/track/304uzYXYjPulJpLRJzuesX,47,48.75,4,0.27335171268984965
Poland,2021-12-13,Coming for You (feat. A1 x J1),SwitchOTR,https://open.spotify.com/track/1xIqDFx3KdByBnKMlTECcM,41,42.0,2,0.27333967527964775
United Kingdom,2021-12-13,Make You Smile,"D-Block Europe, AJ Tracey",https://open.spotify.com/track/7au23Qf6zRs72N3RztqUQe,44,45.666666666666664,3,0.27329678970783255
Finland,2021-12-13,edamame (feat. Rich Brian),bbno$,https://open.spotify.com/track/5rW7qTn83sCKtqBoneJs63,40,43.714285714285715,7,0.2729466280403877
India,2021-12-13,No Lie - Remix,Dyma,https://open.spotify.com/track/25EEQ20yrf2cexjaH99VGg,41,44.285714285714285,7,0.2725209093776144
Italy,2021-12-13,Two Years Clear,Idi Akz,https://open.spotify.com/track/0wCWfjqo0FV1CDseDGD0cV,40,40.0,2,0.27233561661637923
Switzerland,2021-12-13,Fall in Love with You.,Montell Fish,https://open.spotify.com/track/31MQR9rOHRXyg4J01hRY1h,39,41.666666666666664,6,0.27221071675457664
New Zealand,2021-12-13,22 (Remix),"Lil Candy Paint, Bhad Bhabie",https://open.spotify.com/track/1Tfl1OLWRg2l2gmrLudDEL,42,45.666666666666664,6,0.27187439843532396
Spain,2021-12-13,Campanilla,"Miguel Cabrera, JART",https://open.spotify.com/track/36DvCOu4EPY4FZIbQNfPoC,45,47.0,4,0.2714610454581784
Mexico,2021-12-13,¿Qué Pasó Mi Amor?,Sabino,https://open.spotify.com/track/2Tc0Hpl8AhRoPvlrLISI2F,40,42.666666666666664,3,0.2714307424225747
Indonesia,2021-12-13,RING X RING,Billlie,https://open.spotify.com/track/4hfF0FOFcaiOtwY3NP5hnv,38,43.0,4,0.2713902382476224
New Zealand,2021-12-13,Notion,The Rare Occasions,https://open.spotify.com/track/0sTlGEld0h8kIPZaKDYUf4,28,34.0,6,0.27135140084717757
Bulgaria,2021-12-13,Jumpin (feat. Polo G),NLE Choppa,https://open.spotify.com/track/1z7LV5wkExwW8YJk0IrPUA,49,49.0,1,0.27122807086644196
United States,2021-12-13,For Granted,Lauren Spencer-Smith,https://open.spotify.com/track/3gMqdmE56zR4DyW1K0eClV,32,40.75,4,0.27122135861849
Nicaragua,2021-12-13,Cuarentena,Eladio Carrion,https://open.spotify.com/track/7zNGzcGEnfVld7PdlXSeSa,48,48.0,1,0.27116835224382796
Denmark,2021-12-13,Face Off,"Tech N9ne, Joey Cool, King Iso, Dwayne Johnson",https://open.spotify.com/track/6M47gaKejso9772SKTa3yH,39,41.833333333333336,6,0.2710020211400883
Peru,2021-12-13,My Universe,"Coldplay, BTS",https://open.spotify.com/track/46HNZY1i7O6jwTA7Slo2PI,50,50.0,1,0.27091148548303917
Israel,2021-12-13,All Too Well (10 Minute Version) (Taylor's Version) (From The Vault),Taylor Swift,https://open.spotify.com/track/5enxwA8aAbwZbf5qCHORXi,44,44.0,1,0.27003360933228715
Italy,2021-12-13,Dirty Little Animals (From the series Arcane League of Legends),BONES UK,https://open.spotify.com/track/2ZuDGsKSJpQdJmpknJ7ypF,48,48.333333333333336,3,0.26928550610576363
Argentina,2021-12-13,La Llamada,"Pusho, Myke Towers",https://open.spotify.com/track/4VlVJff7viYXRb7TbmXGGP,47,47.5,2,0.2692375523536088
Austria,2021-12-13,Face Off,"Tech N9ne, Joey Cool, King Iso, Dwayne Johnson",https://open.spotify.com/track/6M47gaKejso9772SKTa3yH,49,49.0,1,0.26837006923121
Luxembourg,2021-12-13,Akimbo,Ziak,https://open.spotify.com/track/4Btg1zMSYU2iJ0mQGQGokv,36,40.25,4,0.2683586161534452
Denmark,2021-12-13,Happier Than Ever,ASTN,https://open.spotify.com/track/7es56D0QedGMsK39wl2yFX,27,30.714285714285715,7,0.2681512336603623
Philippines,2021-12-13,You Right Luxurious,MysticHits,https://open.spotify.com/track/7xhXQdGtJHVo43caBC4xcF,39,41.0,3,0.2679018785295949
Turkey,2021-12-13,Dibine Kadar,Duman,https://open.spotify.com/track/5pbFyTdwtJVmZB5LXmccX4,37,40.42857142857143,7,0.2677537526133739
Italy,2021-12-13,Nothing,Bruno Major,https://open.spotify.com/track/2IAR0DziHCjSu16gR4ihvy,43,46.666666666666664,6,0.267533988904075
Nicaragua,2021-12-13,Monastery,"Ryan Castro, Feid",https://open.spotify.com/track/1JpzJfxjHGFUyTHXLZidok,49,49.0,1,0.2672249444311896
Hong Kong,2021-12-13,Playground (from the series Arcane League of Legends),Bea Miller,https://open.spotify.com/track/5f2zZawBtGBEw24ABweErz,47,47.0,1,0.26618927128450465
Canada,2021-12-13,Bijlee Bijlee,Harrdy Sandhu,https://open.spotify.com/track/1iZLpuGMr4tn1F5bZu32Kb,46,47.0,3,0.2659021533891827
Philippines,2021-12-13,Come Over (Again),Crawlers,https://open.spotify.com/track/4PDJDIdWxNN1AlnbrKkoPf,47,47.75,4,0.2654552611818909
Mexico,2021-12-13,Don Omar Rkt (Tengo el Pure),DJ Sebas,https://open.spotify.com/track/5boDCW4sxO9DQBlnwJuvpF,43,43.0,1,0.26522297132747785
Chile,2021-12-13,Ayer y Hoy,Julio Jaramillo,https://open.spotify.com/track/58J23cD4zeeidroDepVhX7,43,45.75,4,0.26518807094489755
Sweden,2021-12-13,Känns som 85,Andreas Mattsson,https://open.spotify.com/track/6h2Tx3KtOpYZ7fD4GqbDIY,41,44.166666666666664,6,0.264893745653389
Japan,2021-12-13,Lay It Down,benu,https://open.spotify.com/track/5szyt9qE6Afz6trppodIA8,48,48.0,1,0.2645242007417303
Austria,2021-12-13,Я буду ебать,"Moreart, IHI",https://open.spotify.com/track/3lFrFQcZWPLa8WEG7xoc4b,50,50.0,1,0.26445258946109945
Estonia,2021-12-13,Two Birds,Regina Spektor,https://open.spotify.com/track/2n0U2OG5d6TuW5mKx7YrC0,50,50.0,1,0.2642473485168454
Estonia,2021-12-13,Bananza (Belly Dancer),Akon,https://open.spotify.com/track/3BwkldhE22DdxOcXegF2Kv,50,50.0,1,0.2642473485168454
Denmark,2021-12-13,Super Gremlin,Kodak Black,https://open.spotify.com/track/4A8cWXxKfIL3lAyUDzXbCF,43,46.0,5,0.26423738183505946
United Kingdom,2021-12-13,4am,JBee,https://open.spotify.com/track/3jTWd38NseaNnSuIK2Ybsp,46,47.5,2,0.26403173389840545
Vietnam,2021-12-13,Dirty Little Animals (From the series Arcane League of Legends),BONES UK,https://open.spotify.com/track/2ZuDGsKSJpQdJmpknJ7ypF,47,47.0,1,0.26340834973633753
Japan,2021-12-13,ベテルギウス,Yuuri,https://open.spotify.com/track/2sf18cEv463VgqmdjDsFpw,32,35.0,7,0.2634012677647188
Poland,2021-12-13,Goodbye (from the series Arcane League of Legends),Ramsey,https://open.spotify.com/track/5QWjrWckcPcSVqQNfbD4Bc,37,41.142857142857146,7,0.26336784112286094
United Kingdom,2021-12-13,The Perfect Girl,Mareux,https://open.spotify.com/track/6J4XizhuOlKmPWykPrHIrV,33,33.0,1,0.263234949767529
Denmark,2021-12-13,Nothing,Bruno Major,https://open.spotify.com/track/2IAR0DziHCjSu16gR4ihvy,43,46.75,4,0.26285834507726796
Netherlands,2021-12-13,New Tattoo,Brian Dunne,https://open.spotify.com/track/7plFqlUQNH3hyCeVJdORnH,20,30.428571428571427,7,0.2625241255324759
Belgium,2021-12-13,Nothing,Bruno Major,https://open.spotify.com/track/2IAR0DziHCjSu16gR4ihvy,44,44.0,2,0.2606860710832115
France,2021-12-13,Snakes (from the series Arcane League of Legends),"MIYAVI, PVRIS",https://open.spotify.com/track/7LmyUD78mtwBDzgVV4P5F4,48,48.5,2,0.2602846746183097
Switzerland,2021-12-13,Ma colombe - German Remix,"Nej, Lune",https://open.spotify.com/track/3eHXManuHWprZC5hBTGwE4,45,47.4,5,0.25986917761947703
Mexico,2021-12-13,No Paras de Hacerme Feliz,La Fiera de Ojinaga,https://open.spotify.com/track/5bP1RCdGcUxkwASwKAbPHa,44,47.8,5,0.25980097564706134
Spain,2021-12-13,Salimo de Noche,"Tiago PZK, Trueno",https://open.spotify.com/track/6P096SaOzrgGxs8NWOfX7M,50,50.0,2,0.25955840633894794
Poland,2021-12-13,NEW MAGIC WAND,"Tyler, The Creator",https://open.spotify.com/track/0fv2KH6hac06J86hBUTcSf,43,45.666666666666664,3,0.2588280063141838
Hong Kong,2021-12-13,倒轉地球,Andy Lau,https://open.spotify.com/track/2sOVCQC2ggsXGoCu1PprPy,49,49.0,1,0.25843211481386064
Denmark,2021-12-13,Julesang,"GO'NOVA, Joey Moe",https://open.spotify.com/track/7f7JCmqfeAhWVvNPjVed4H,40,47.0,6,0.2578754188431786
Mexico,2021-12-13,Tírame Un Hello,Ramon Vega,https://open.spotify.com/track/29gcdJL6O6K11Z4eV8Qhk6,45,45.0,1,0.25748409353450835
Japan,2021-12-13,Change the world,Penthouse,https://open.spotify.com/track/7vDP2DuhXm3n3JKxkxc5mm,50,50.0,1,0.2567985863285912
France,2021-12-13,La Quête,Orelsan,https://open.spotify.com/track/0w6lsLBvhtGcqMYA7MB7r6,41,45.857142857142854,7,0.25664942621773285
Norway,2021-12-13,Chandelier,Will Paquin,https://open.spotify.com/track/3REELyDyt5SPKX2387Zubv,24,31.714285714285715,7,0.2566409204198388
France,2021-12-13,Bruxelles je t’aime,Angèle,https://open.spotify.com/track/0iqk44gA8PaId0Fwa6eesN,49,49.5,2,0.2564438508477449
Germany,2021-12-13,Face Off,"Tech N9ne, Joey Cool, King Iso, Dwayne Johnson",https://open.spotify.com/track/6M47gaKejso9772SKTa3yH,46,48.666666666666664,6,0.2561727436784275
Brazil,2021-12-13,All Too Well (10 Minute Version) (Taylor's Version) (From The Vault),Taylor Swift,https://open.spotify.com/track/5enxwA8aAbwZbf5qCHORXi,47,48.0,2,0.2555895746166456
Switzerland,2021-12-13,The Perfect Girl,Mareux,https://open.spotify.com/track/6J4XizhuOlKmPWykPrHIrV,24,24.0,1,0.2552700166098761
Singapore,2021-12-13,I Love You So,The Walters,https://open.spotify.com/track/4SqWKzw0CbA05TGszDgMlc,50,50.0,1,0.2551809633858661
Japan,2021-12-13,トラボルタカスタム - From THE FIRST TAKE,"梅田サイファー, H.Teflon",https://open.spotify.com/track/0oqpKwNSfXhgnRfCPxay5Y,42,44.5,2,0.2551749536244779
United Kingdom,2021-12-13,Boho Days,"Andrew Garfield, Robin de Jesus, Alexandra Shipp, Joshua Henry, Vanessa Hudgens",https://open.spotify.com/track/7k5agf3Bo48jyzXrvrMuhb,45,46.8,5,0.2551022701948072
Finland,2021-12-13,Overseas,"D-Block Europe, Central Cee",https://open.spotify.com/track/337kcYVjYXdLBItCw9ry3b,45,46.0,3,0.2545912099152974
Japan,2021-12-13,XO,Nidra Assassin,https://open.spotify.com/track/2pmuJWZ4bPhqVXkbDnPe2C,32,40.5,4,0.2542004684157454
Colombia,2021-12-13,SAD GIRLZ LUV MONEY Remix (feat. Kali Uchis and Moliy),Amaarae,https://open.spotify.com/track/09gysnJpfQ3ublBmJDfcEC,37,41.5,2,0.25397085680924997
Norway,2021-12-13,Bella Ciao,"Izabell, Kriminell Kunst",https://open.spotify.com/track/7z9Aqb5WrAf8v2UyWXKzle,34,40.333333333333336,3,0.25387412471240894
Chile,2021-12-13,The Feels,TWICE,https://open.spotify.com/track/1qE8DOtw7zdXHMgZm20eLM,42,45.6,5,0.25386549155590576
Luxembourg,2021-12-13,Nothing,Bruno Major,https://open.spotify.com/track/2IAR0DziHCjSu16gR4ihvy,42,42.0,1,0.25351414105805997
Poland,2021-12-13,Brejdaki,Kacperczyk,https://open.spotify.com/track/1M0D99wGaeyFj9bcqEE25t,46,48.0,2,0.2535060771983454
Netherlands,2021-12-13,Adem Je In,S10,https://open.spotify.com/track/7e7ocOYawPq1blKae4CD8r,43,43.0,1,0.25280309654289423
Poland,2021-12-13,all I want is you,"Rebzyyx, hoshie star",https://open.spotify.com/track/7lOvJBqH38ZY59eLU7bioq,44,46.8,5,0.25266338910971486
India,2021-12-13,SAD GIRLZ LUV MONEY Remix (feat. Kali Uchis and Moliy),Amaarae,https://open.spotify.com/track/09gysnJpfQ3ublBmJDfcEC,20,27.0,7,0.25260565689987513
Finland,2021-12-13,The Perfect Girl,Mareux,https://open.spotify.com/track/6J4XizhuOlKmPWykPrHIrV,30,30.0,1,0.25244856406552446
Russia,2021-12-13,Dirty Little Animals (From the series Arcane League of Legends),BONES UK,https://open.spotify.com/track/2ZuDGsKSJpQdJmpknJ7ypF,47,48.5,4,0.25200256372533586
Russia,2021-12-13,Fahrradsattel,K3MP3R,https://open.spotify.com/track/2ictTGGqzNOZMaH7VYawxo,46,48.0,5,0.2517232152882663
Japan,2021-12-13,Talking Box,WurtS,https://open.spotify.com/track/7fru0rxutpi08K7Q112saF,46,46.5,6,0.2515119404735437
Denmark,2021-12-13,Santa Lucia,"DR PigeKoret, Phillip Faber, DR BørneKoret",https://open.spotify.com/track/0IuMD5lNRjGFgeam26PcuN,30,34.42857142857143,7,0.2513449430558176
Russia,2021-12-13,Хасбики,Валентин Дядька,https://open.spotify.com/track/1ds37jXl2UMJHt2twM1rZK,18,29.428571428571427,7,0.25117787715683265
Japan,2021-12-13,Enemy (with JID) - from the series Arcane League of Legends,Imagine Dragons,https://open.spotify.com/track/1r9xUipOqoNwggBpENDsvJ,35,40.0,7,0.25113636753136886
Australia,2021-12-13,Baby We On (feat. EJ),Lisi,https://open.spotify.com/track/6B2XQVpketLZ87ave84dj3,48,48.5,2,0.2509029061574035
Denmark,2021-12-13,Habibi,"Ricky Rich, ARAM Mafia",https://open.spotify.com/track/5lrq8sHObtY0xMmF7Ukzl7,45,45.0,3,0.25078802142704876
Brazil,2021-12-13,Two Birds,Regina Spektor,https://open.spotify.com/track/2n0U2OG5d6TuW5mKx7YrC0,49,49.0,1,0.25057852039763745
Switzerland,2021-12-13,Face Off,"Tech N9ne, Joey Cool, King Iso, Dwayne Johnson",https://open.spotify.com/track/6M47gaKejso9772SKTa3yH,45,47.6,5,0.2501196733279337
Norway,2021-12-13,The Perfect Girl,Mareux,https://open.spotify.com/track/6J4XizhuOlKmPWykPrHIrV,30,30.0,1,0.24996333132954074
Poland,2021-12-13,Jazda,Kinny Zimmer,https://open.spotify.com/track/2ZNjvhXrpMqllvFQtJrStr,31,36.0,5,0.24986148536149969
Finland,2021-12-13,La Espada,Eternal Raijin,https://open.spotify.com/track/6w969Gr8VhF02vaHs67oo9,50,50.0,1,0.2497842515165742
Finland,2021-12-13,Bananza (Belly Dancer),Akon,https://open.spotify.com/track/0dNPpDFdvzj6XFIRzg2hmp,50,50.0,1,0.2497842515165742
Spain,2021-12-13,Snakes (from the series Arcane League of Legends),"MIYAVI, PVRIS",https://open.spotify.com/track/7LmyUD78mtwBDzgVV4P5F4,47,48.333333333333336,3,0.24972610290643754
Finland,2021-12-13,Shadowminds,The Halo Effect,https://open.spotify.com/track/47qV9FAvLMUi5Ui6aTtyNT,32,37.285714285714285,7,0.24963426037853076
Russia,2021-12-13,Rich Boy,loverlux,https://open.spotify.com/track/4Viix1vJBcuBDjZ48lwcLc,36,37.666666666666664,3,0.24949621689780435
Russia,2021-12-13,MIDDLE OF THE NIGHT,Elley Duhé,https://open.spotify.com/track/58HvfVOeJY7lUuCqF0m3ly,45,47.142857142857146,7,0.24917249482332057
Poland,2021-12-13,ŚMIECI,Rusina,https://open.spotify.com/track/5FjVkKcq4NEUp5cq6vwLyl,45,48.2,5,0.24874538085179956
South Korea,2021-12-13,LA FAMA (with The Weeknd),ROSALÍA,https://open.spotify.com/track/6dmXZ9B5HdFAyzHeTneYBK,44,46.5,2,0.24768519771904965
Turkey,2021-12-13,Bırak Öyle Kalsın,Apoflex,https://open.spotify.com/track/6SWauCpz2M320spge2d7LZ,34,34.0,1,0.24739277418534553
Netherlands,2021-12-13,My Humps,"Joshwa, Lee Foss",https://open.spotify.com/track/5WoBAyXaOnKEfvsZocrPeT,47,48.666666666666664,3,0.2472675372876318
Switzerland,2021-12-13,4:00A.M.,Taeko Onuki,https://open.spotify.com/track/0zoGVO4bQXG8U6ChKwNgeg,34,42.285714285714285,7,0.24705885430789173
Finland,2021-12-13,Chandelier,Will Paquin,https://open.spotify.com/track/3REELyDyt5SPKX2387Zubv,36,44.5,6,0.24675122424942794
Italy,2021-12-13,Quello che fa male,LDA,https://open.spotify.com/track/1LNWoDTDsfIt9I4WM68xEa,47,48.0,3,0.2466701245279477
Germany,2021-12-13,California Dreamin' (feat. High Jinx),Chris Lorenzo,https://open.spotify.com/track/4ASOMWcJUrwEpjJy4GEijz,47,48.42857142857143,7,0.2466371223195329
Colombia,2021-12-13,The Perfect Girl,Mareux,https://open.spotify.com/track/6J4XizhuOlKmPWykPrHIrV,40,40.0,1,0.24656944082441873
Spain,2021-12-13,SAD GIRLZ LUV MONEY Remix (feat. Kali Uchis and Moliy),Amaarae,https://open.spotify.com/track/09gysnJpfQ3ublBmJDfcEC,45,48.0,4,0.2458919956484509
Germany,2021-12-13,2 Gesichter,"Rosc, Yung Jannky",https://open.spotify.com/track/2RPpPcyHKJtRQOZSY6nJU0,25,34.42857142857143,7,0.24575246736133988
Philippines,2021-12-13,Easy On Me,Adele,https://open.spotify.com/track/46IZ0fSY2mpAiktS3KOqds,45,48.166666666666664,6,0.24538532416803682
United States,2021-12-13,Dirty Little Animals (From the series Arcane League of Legends),BONES UK,https://open.spotify.com/track/2ZuDGsKSJpQdJmpknJ7ypF,46,48.25,4,0.24518173279819383
Chile,2021-12-13,LA FAMA (with The Weeknd),ROSALÍA,https://open.spotify.com/track/6dmXZ9B5HdFAyzHeTneYBK,47,47.0,1,0.24511890618088358
Finland,2021-12-13,Want me!!?,"Cl4pers, noevdv",https://open.spotify.com/track/115iPhBHB5BBzjLCZFfvTt,43,45.0,2,0.24465638703461387
Chile,2021-12-13,Locura y Maldad,Cris Mj,https://open.spotify.com/track/2dG8CDU9UBem2ReYcLafDt,46,47.0,3,0.2441791322894529
New Zealand,2021-12-13,Fall in Love with You.,Montell Fish,https://open.spotify.com/track/31MQR9rOHRXyg4J01hRY1h,40,42.333333333333336,3,0.24373784331613643
Netherlands,2021-12-13,Wijze Les,Ginger,https://open.spotify.com/track/4ObKJluVIIqVjKw7uEvyoP,36,42.0,6,0.24369751787204522
Sweden,2021-12-13,4:00A.M.,Taeko Onuki,https://open.spotify.com/track/0zoGVO4bQXG8U6ChKwNgeg,36,41.57142857142857,7,0.24340865100817585
Japan,2021-12-13,Rawww,youra,https://open.spotify.com/track/1yHU5jp5oLtqxZAiv66L0K,45,46.25,4,0.24317013305769766
Turkey,2021-12-13,10 NUMARA,Lvbel C5,https://open.spotify.com/track/6GDpxEOvaXS0nbqSrFtDAQ,45,47.4,5,0.2430371654212666
Belgium,2021-12-13,Le Bled,"Cristian D, Brysa",https://open.spotify.com/track/5jHfomwwBzN6rD2ByERafC,42,45.0,3,0.24294520136780354
Finland,2021-12-13,Sahara,Hensonn,https://open.spotify.com/track/6nqdgUTiWt4JbABDurkxMI,35,38.333333333333336,3,0.24258743342515757
Canada,2021-12-13,DESIRES,"AP Dhillon, Gurinder Gill, Various Artists",https://open.spotify.com/track/5pcmtf1lwrMqmAWWm248fY,46,47.0,3,0.2425762031027473
Mexico,2021-12-13,All Too Well (10 Minute Version) (Taylor's Version) (From The Vault),Taylor Swift,https://open.spotify.com/track/5enxwA8aAbwZbf5qCHORXi,49,49.0,1,0.24245503799376705
New Zealand,2021-12-13,SAD GIRLZ LUV MONEY Remix (feat. Kali Uchis and Moliy),Amaarae,https://open.spotify.com/track/09gysnJpfQ3ublBmJDfcEC,42,43.0,2,0.24173507058041865
Japan,2021-12-13,高二 (一留),"KO-ney, Ryofu Karuma",https://open.spotify.com/track/3y2L1kjMhgUj2DNmumQxaG,44,47.0,3,0.24153278793787886
Turkey,2021-12-13,Sevilmemişim,Nasıl Derler Bilirsin,https://open.spotify.com/track/4gc9Vy8b38MmAKJ6LzzddX,49,49.5,2,0.24112501517998255
France,2021-12-13,The Perfect Girl,Mareux,https://open.spotify.com/track/6J4XizhuOlKmPWykPrHIrV,40,40.0,1,0.2403339259336228
Netherlands,2021-12-13,Goodbye (from the series Arcane League of Legends),Ramsey,https://open.spotify.com/track/5QWjrWckcPcSVqQNfbD4Bc,26,37.142857142857146,7,0.23964785201956607
Germany,2021-12-13,Dynasties & Dystopia (from the series Arcane League of Legends),"Denzel Curry, Gizzle, Bren Joy",https://open.spotify.com/track/5EIkdrmuu2xkoQWOWjoeFY,45,47.25,4,0.23903505646498768
Chile,2021-12-13,"No Tengo Hambre, Tengo Ansiedad",Alan Sutton y las criaturitas de la ansiedad,https://open.spotify.com/track/0kqWb82ACdjcObDqDqD0zg,48,49.0,2,0.23895042614719042
Canada,2021-12-13,What Could Have Been feat. Ray Chen (from the series Arcane League of Legends),Sting,https://open.spotify.com/track/4Oih3RDrSFg3afaOphBVuy,47,48.0,3,0.23891229210698522
Finland,2021-12-13,Snakes (from the series Arcane League of Legends),"MIYAVI, PVRIS",https://open.spotify.com/track/7LmyUD78mtwBDzgVV4P5F4,41,44.0,5,0.23883649822650863
Luxembourg,2021-12-13,Я буду ебать,"Moreart, IHI",https://open.spotify.com/track/3lFrFQcZWPLa8WEG7xoc4b,46,46.0,1,0.23864233253326061
Indonesia,2021-12-13,BALE PULANG II,"Gihon Marel, Eno Smaper",https://open.spotify.com/track/6niZiSjWo2xQRjrEElznQR,49,49.0,1,0.238072932654788
Sweden,2021-12-13,Seventeen Going Under,Sam Fender,https://open.spotify.com/track/5rF6YUIlgiat22OT1lWspJ,48,49.666666666666664,3,0.23748267792218258
India,2021-12-13,Face Off,"Tech N9ne, Joey Cool, King Iso, Dwayne Johnson",https://open.spotify.com/track/6M47gaKejso9772SKTa3yH,38,42.285714285714285,7,0.23745574193607588
Japan,2021-12-13,GOD SAVE THE わーるど,GING NANG BOYZ,https://open.spotify.com/track/7dBw6BCXQ5ZDEhhCA1QoSX,47,48.0,2,0.237148008590147
Japan,2021-12-13,Spin The Planet,DEAN FUJIOKA,https://open.spotify.com/track/7IXOJDU2BrR9eUFhLFhgwP,39,39.0,2,0.23710237062981246
Denmark,2021-12-13,The Perfect Girl,Mareux,https://open.spotify.com/track/6J4XizhuOlKmPWykPrHIrV,27,27.0,1,0.2368378282898979
Netherlands,2021-12-13,QR-Code,Skiezo,https://open.spotify.com/track/2uNRVgq8jyi9cKvSIDLdIk,45,47.0,2,0.2350761216948234
New Zealand,2021-12-13,Dynasties & Dystopia (from the series Arcane League of Legends),"Denzel Curry, Gizzle, Bren Joy",https://open.spotify.com/track/5EIkdrmuu2xkoQWOWjoeFY,50,50.0,2,0.234959743919488
New Zealand,2021-12-13,Last Time,Subsonic,https://open.spotify.com/track/2L1aZnDDgVANTgIKGCI5co,38,42.0,4,0.23443778038007732
United Kingdom,2021-12-13,Dirty Little Animals (From the series Arcane League of Legends),BONES UK,https://open.spotify.com/track/2ZuDGsKSJpQdJmpknJ7ypF,38,42.6,5,0.23415658098241862
Ireland,2021-12-13,For Granted,Lauren Spencer-Smith,https://open.spotify.com/track/3gMqdmE56zR4DyW1K0eClV,50,50.0,1,0.2338119222395578
Denmark,2021-12-13,4:00A.M.,Taeko Onuki,https://open.spotify.com/track/0zoGVO4bQXG8U6ChKwNgeg,33,35.0,2,0.23337814202807586
India,2021-12-13,Can I Have the Day With You (feat. Michelle),Sam Ock,https://open.spotify.com/track/11Ymr6CyK8qRVtvfSBdPoX,41,45.4,5,0.2325971644199346
Russia,2021-12-13,Goodbye (from the series Arcane League of Legends),Ramsey,https://open.spotify.com/track/5QWjrWckcPcSVqQNfbD4Bc,25,30.142857142857142,7,0.23253558512539887
South Korea,2021-12-13,Run away with me,Mingginyu,https://open.spotify.com/track/0AgsvBRorqrr4eWvKVzPOj,49,49.0,1,0.2324380597330627
India,2021-12-13,Bananza (Belly Dancer),Akon,https://open.spotify.com/track/3BwkldhE22DdxOcXegF2Kv,26,32.0,5,0.23232460138140792
Luxembourg,2021-12-13,The Funeral,Band of Horses,https://open.spotify.com/track/5lRzWDEe7UuedU2QPsFg0K,48,48.0,1,0.2314347550905764
Norway,2021-12-13,Blitzkrieg 2022 - Drammen,"Kris Winther, SuperJonny, Rapposaurus Rex, LamboLaz",https://open.spotify.com/track/4qkchijBTUVzbQt9jbPv9k,31,37.714285714285715,7,0.23115759813001407
Norway,2021-12-13,Move Your Body,"Öwnboss, Sevek",https://open.spotify.com/track/6GomT970rCOkKAyyrwJeZi,42,43.833333333333336,6,0.2304508085979938
Russia,2021-12-13,Не упоминай Бруно,"Юлия Чуракова, Михаил Хрусталев, Ксения Рассомахина, Никита Лелявин, Елизавета Шэйх, Регина Тодоренко",https://open.spotify.com/track/3tShSPzvnqOleEO5F8NCZP,43,43.5,2,0.22998485747876643
Philippines,2021-12-13,"Time Goes ""Bye""",Jex Nwalor,https://open.spotify.com/track/5JIkpWBTRbDUacnjHeBwt9,48,49.333333333333336,3,0.22991278983573432
Netherlands,2021-12-13,Oase,"$hirak, Idaly, KA, Willem",https://open.spotify.com/track/0caMN9pj7yQkSs3MM0QXG8,44,46.0,4,0.22975567408579295
Sweden,2021-12-13,The Perfect Girl,Mareux,https://open.spotify.com/track/6J4XizhuOlKmPWykPrHIrV,32,32.0,1,0.22860541664481013
Colombia,2021-12-13,El Farol Borracho,Joaquin Bedoya,https://open.spotify.com/track/77SZ5DMO9HxHAW9kKkNcPS,45,45.0,1,0.22842630957723956
Finland,2021-12-13,abcdefu (angrier),GAYLE,https://open.spotify.com/track/1EQFOouqdKYdpbNoOHRVO2,29,32.0,7,0.22833053655001914
Belgium,2021-12-13,LA FAMA (with The Weeknd),ROSALÍA,https://open.spotify.com/track/6dmXZ9B5HdFAyzHeTneYBK,47,47.5,2,0.22790145844717835
India,2021-12-13,Gutt Ch Paranda,"Preet Sandhu, Sobha, Deep Sandhu",https://open.spotify.com/track/4NyKTeLnNmWuwrYYUkak6d,47,48.25,4,0.22769531502387952
India,2021-12-13,Ad Kolima,"Demeter, ISHNLV",https://open.spotify.com/track/228KhdItMua78vrhM342UT,27,32.42857142857143,7,0.2276043569459969
Spain,2021-12-13,Volamos,Luani,https://open.spotify.com/track/3l0EY7Dx73UdJL1YYCfHWW,45,47.0,3,0.22746389805442874
India,2021-12-13,Excuses,"AP Dhillon, Gurinder Gill, Intense",https://open.spotify.com/track/29m79w9xPMH4YCD6r8JSmV,48,49.0,2,0.22618763375611337
Japan,2021-12-13,DOWN,DADA,https://open.spotify.com/track/7exa1opd1nGdlWFhV3x48R,45,48.2,5,0.226092260938823
Turkey,2021-12-13,Commitment Issues,Central Cee,https://open.spotify.com/track/0UCKUJU94sx8XBQnaNsRkB,39,42.5,2,0.2259280526551253
Denmark,2021-12-13,Dynasties & Dystopia (from the series Arcane League of Legends),"Denzel Curry, Gizzle, Bren Joy",https://open.spotify.com/track/5EIkdrmuu2xkoQWOWjoeFY,28,38.2,5,0.22546919036726673
Finland,2021-12-13,Finlandia-Hymni,"Jean Sibelius, Polyteknikkojen Kuoro",https://open.spotify.com/track/6Dv2vD63zZlK0osDXR6yPr,20,30.5,2,0.2248280736710004
Finland,2021-12-13,4:00A.M.,Taeko Onuki,https://open.spotify.com/track/0zoGVO4bQXG8U6ChKwNgeg,33,39.333333333333336,3,0.22418555995444495
Denmark,2021-12-13,4am,JBee,https://open.spotify.com/track/3jTWd38NseaNnSuIK2Ybsp,39,42.0,7,0.22389455119381013
Japan,2021-12-13,君と癖,yutori,https://open.spotify.com/track/4bpZMZWxnYc9zDejhHgjbN,34,40.25,4,0.2238715642196958
Denmark,2021-12-13,D O D O,Tayc,https://open.spotify.com/track/7fWotHT92my4vLN713vFTa,30,37.2,5,0.22355025761523933
Finland,2021-12-13,Face Off,"Tech N9ne, Joey Cool, King Iso, Dwayne Johnson",https://open.spotify.com/track/6M47gaKejso9772SKTa3yH,44,47.2,5,0.22312406450935637
Germany,2021-12-13,Can't Get You out Of My Head,Glimmer of Blooms,https://open.spotify.com/track/5txWBmYDYOXulUabyQvsU3,43,45.4,5,0.22309513458178623
Belgium,2021-12-13,SAD GIRLZ LUV MONEY Remix (feat. Kali Uchis and Moliy),Amaarae,https://open.spotify.com/track/09gysnJpfQ3ublBmJDfcEC,49,49.0,1,0.22309442406033134
Finland,2021-12-13,Munatoti,"Teflon Brothers, Spekti, Petri Nygård",https://open.spotify.com/track/6rQIoiIXrECnSfQj9MNDQ4,29,35.57142857142857,7,0.2225517456846867
Argentina,2021-12-13,Nothing,Bruno Major,https://open.spotify.com/track/2IAR0DziHCjSu16gR4ihvy,45,46.666666666666664,3,0.2224217212033032
Russia,2021-12-13,LOST IN PARADISE,"ALI, AKLO",https://open.spotify.com/track/7kRKlFCFLAUwt43HWtauhX,45,45.5,2,0.22220710804103244
Colombia,2021-12-13,All Too Well (10 Minute Version) (Taylor's Version) (From The Vault),Taylor Swift,https://open.spotify.com/track/5enxwA8aAbwZbf5qCHORXi,46,48.0,2,0.22220293566808652
Germany,2021-12-13,Тает лёд,Грибы,https://open.spotify.com/track/0cItyj95uqYjvYGchMLzIh,32,41.833333333333336,6,0.22157959444740397
France,2021-12-13,Cpr,cupcakKe,https://open.spotify.com/track/35mBYyB61qTcGGj7MXIRM1,44,45.333333333333336,3,0.2215188190622356
Colombia,2021-12-13,Otra Cosa,"LEGEND EFFECT, El Gerard, Roblez, Chris Lujan",https://open.spotify.com/track/2sNfzCn4Cx0hVCkTaB3gab,47,47.0,1,0.22143754078300446
India,2021-12-13,Like My Father,Jax,https://open.spotify.com/track/5YVmHTAsdWnoanWXB7AwZX,29,32.142857142857146,7,0.22143263187147874
India,2021-12-13,All my friends are toxic - Slowed Remix,Rila Kuma,https://open.spotify.com/track/7BeDlvUSWsTROXOg5KBqlq,42,44.5,4,0.22128538117844992
Argentina,2021-12-13,Don Omar Rkt (Tengo el Pure),DJ Sebas,https://open.spotify.com/track/5boDCW4sxO9DQBlnwJuvpF,46,47.0,2,0.22118906546334097
Canada,2021-12-13,For Granted,Lauren Spencer-Smith,https://open.spotify.com/track/3gMqdmE56zR4DyW1K0eClV,45,48.0,3,0.22105739605357078
Australia,2021-12-13,4am,JBee,https://open.spotify.com/track/3jTWd38NseaNnSuIK2Ybsp,42,44.333333333333336,3,0.21958426876407977
Denmark,2021-12-13,Tell Me Something Good,Ewan McVicar,https://open.spotify.com/track/5krhFNgUcYHwXlNPJJYzFM,46,46.75,4,0.2189099408738822
India,2021-12-13,Darkhaast Lofi Mix,"Harshal Rajput, Lo-fi 2307",https://open.spotify.com/track/1H76addZKd91j1BatYNzhv,46,48.25,4,0.2188861897683335
United States,2021-12-13,Fall in Love with You.,Montell Fish,https://open.spotify.com/track/31MQR9rOHRXyg4J01hRY1h,49,49.0,1,0.21809813222715538
Sweden,2021-12-13,Notion,The Rare Occasions,https://open.spotify.com/track/0sTlGEld0h8kIPZaKDYUf4,44,47.166666666666664,6,0.21731589208223714
Denmark,2021-12-13,Snakes (from the series Arcane League of Legends),"MIYAVI, PVRIS",https://open.spotify.com/track/7LmyUD78mtwBDzgVV4P5F4,31,36.2,5,0.21686046240398343
Denmark,2021-12-13,Flowers (Say My Name),ArrDee,https://open.spotify.com/track/2BzAGK3lEZAQz5cU0Ae1wd,46,47.0,2,0.216658612005886
France,2021-12-13,Notion,The Rare Occasions,https://open.spotify.com/track/0sTlGEld0h8kIPZaKDYUf4,46,47.5,2,0.21657884300403424
United Kingdom,2021-12-13,Chaise Longue,Wet Leg,https://open.spotify.com/track/7iqAuZe5yS0suLQcFfVK39,45,47.5,2,0.21646462708095354
India,2021-12-13,No Lie,"Sean Paul, Dua Lipa",https://open.spotify.com/track/48QmG1dfvMuYLxMPt7KSRA,37,37.5,2,0.21623566373854056
New Zealand,2021-12-13,Breathe,Samson Live,https://open.spotify.com/track/1nR1mH7Izo9Qqxm7UH7vga,43,44.0,3,0.21613089043942546
Sweden,2021-12-13,Face Off,"Tech N9ne, Joey Cool, King Iso, Dwayne Johnson",https://open.spotify.com/track/6M47gaKejso9772SKTa3yH,49,49.5,2,0.2158108370556843
New Zealand,2021-12-13,Baby We On (feat. EJ),Lisi,https://open.spotify.com/track/6B2XQVpketLZ87ave84dj3,33,38.333333333333336,6,0.21446678165539246
Norway,2021-12-13,Loud Luxury 2022,"Ballinciaga, Kevin Lauren",https://open.spotify.com/track/3IVkcYvMiqvRKa4ip0E7a8,37,43.4,5,0.21444815330716885
France,2021-12-13,SAD GIRLZ LUV MONEY Remix (feat. Kali Uchis and Moliy),Amaarae,https://open.spotify.com/track/09gysnJpfQ3ublBmJDfcEC,47,47.5,2,0.21353787080214437
Argentina,2021-12-13,SAD GIRLZ LUV MONEY Remix (feat. Kali Uchis and Moliy),Amaarae,https://open.spotify.com/track/09gysnJpfQ3ublBmJDfcEC,49,49.0,1,0.2132735195778122
Denmark,2021-12-13,For Granted,Lauren Spencer-Smith,https://open.spotify.com/track/3gMqdmE56zR4DyW1K0eClV,47,48.0,2,0.21254469062869463
United Kingdom,2021-12-13,Underground,Cody Fry,https://open.spotify.com/track/4An9H5fsEyJZTXtclokIaL,47,47.0,1,0.2125114463472551
Finland,2021-12-13,Siluetit,Samir Kallio,https://open.spotify.com/track/4iqiFcUK7RZub9jBUAos7G,36,40.5,4,0.21133942025208766
Colombia,2021-12-13,Quien TV,Blessd,https://open.spotify.com/track/2ThSBT4fDS83BWu3iMjMRn,50,50.0,1,0.2112438850804698
Denmark,2021-12-13,Lev Mette,ADHD,https://open.spotify.com/track/3aCZ0tvIQIdR8sGuxW0gKp,41,43.666666666666664,3,0.2111694903713501
Japan,2021-12-13,ロウワー,ぬゆり,https://open.spotify.com/track/3eIGW5DUVP5zkGFXZSZQ6o,36,41.666666666666664,6,0.21111431572223024
Japan,2021-12-13,Brighter,INI,https://open.spotify.com/track/75pyJxymc3moUrNpFZ8DQe,38,43.0,4,0.21067064477084915
Japan,2021-12-13,Rapport,キタニタツヤ,https://open.spotify.com/track/0e4HssKedndIhLoDpkwBNH,41,42.0,2,0.21031436252143995
Netherlands,2021-12-13,The Perfect Girl,Mareux,https://open.spotify.com/track/6J4XizhuOlKmPWykPrHIrV,39,39.0,1,0.21027451080214943
Switzerland,2021-12-13,Dirty Little Animals (From the series Arcane League of Legends),BONES UK,https://open.spotify.com/track/2ZuDGsKSJpQdJmpknJ7ypF,35,40.666666666666664,3,0.20985467520986245
Denmark,2021-12-13,Der' Noget I December,Rasmus Seebach,https://open.spotify.com/track/0wm3wOmYpTILjqyHzDDJIp,42,45.166666666666664,6,0.20934246867364067
Japan,2021-12-13,Cardio,INI,https://open.spotify.com/track/4R2QFCS5QPBtox6idw9Qz2,37,41.166666666666664,6,0.2092058123505542
Philippines,2021-12-13,SCIENTIST,TWICE,https://open.spotify.com/track/2J0TRU2EDG29qlmxdGa4xa,49,49.0,1,0.20752099641122154
Australia,2021-12-13,For Granted,Lauren Spencer-Smith,https://open.spotify.com/track/3gMqdmE56zR4DyW1K0eClV,47,47.0,1,0.2074314313318274
France,2021-12-13,Los Angeles,Siaka,https://open.spotify.com/track/4GB4R2CJe5kLrjWTusDR8p,50,50.0,1,0.20565787028225807
India,2021-12-13,Toxic,BoyWithUke,https://open.spotify.com/track/2gQPv5jvVPqU2a9HhMNO1v,23,27.142857142857142,7,0.20561847575315384
Germany,2021-12-13,The Perfect Girl,Mareux,https://open.spotify.com/track/6J4XizhuOlKmPWykPrHIrV,41,41.0,1,0.20527065698619554
New Zealand,2021-12-13,Seventeen Going Under,Sam Fender,https://open.spotify.com/track/5rF6YUIlgiat22OT1lWspJ,39,42.0,2,0.20390917956498433
Netherlands,2021-12-13,4:00A.M.,Taeko Onuki,https://open.spotify.com/track/0zoGVO4bQXG8U6ChKwNgeg,41,41.5,2,0.20166394900034684
Norway,2021-12-13,Dirty Little Animals (From the series Arcane League of Legends),BONES UK,https://open.spotify.com/track/2ZuDGsKSJpQdJmpknJ7ypF,43,46.0,2,0.20148558942227793
Norway,2021-12-13,abcdefu (angrier),GAYLE,https://open.spotify.com/track/1EQFOouqdKYdpbNoOHRVO2,44,44.0,1,0.20109914972039994
Netherlands,2021-12-13,Notion,The Rare Occasions,https://open.spotify.com/track/0sTlGEld0h8kIPZaKDYUf4,38,44.0,7,0.20025369978564347
Poland,2021-12-13,Toxic,BoyWithUke,https://open.spotify.com/track/2gQPv5jvVPqU2a9HhMNO1v,48,48.5,2,0.19839912079471853
Germany,2021-12-13,Ma colombe - German Remix,"Nej, Lune",https://open.spotify.com/track/3eHXManuHWprZC5hBTGwE4,45,49.2,5,0.19834464003920893
Finland,2021-12-13,Robben,Costi,https://open.spotify.com/track/2WoXhULTP2Dg0ZLwy5KlBv,49,49.0,2,0.19752949367314931
Japan,2021-12-13,薄明,"KIRINJI, Maika Loubté",https://open.spotify.com/track/5rpjOYav3yLcWspvPZ5Crd,45,46.0,2,0.19730693809693264
Turkey,2021-12-13,Bi'şey Mi Var?,The Punk Panther,https://open.spotify.com/track/6W28nidwpkmBlnSABjZTX2,48,48.5,2,0.19690329610155732
Spain,2021-12-13,Guts & Griffith (Feat. Rojuu),"Sticky M.A., Fabianni, I-Ace",https://open.spotify.com/track/6lI417p9drLtUwC05byW0E,49,49.0,1,0.19582452200024386
Netherlands,2021-12-13,For Granted,Lauren Spencer-Smith,https://open.spotify.com/track/3gMqdmE56zR4DyW1K0eClV,42,45.333333333333336,3,0.19571801260137234
Norway,2021-12-13,Notion,The Rare Occasions,https://open.spotify.com/track/0sTlGEld0h8kIPZaKDYUf4,46,46.0,1,0.19473544664722667
Switzerland,2021-12-13,lost souls (with Brent Faiyaz),Baby Keem,https://open.spotify.com/track/02rdXe0KhMe8p6ZHzYtuw0,47,48.666666666666664,3,0.19445340986411758
Finland,2021-12-13,Hey Ho,Aslak Trude,https://open.spotify.com/track/1mlP7iqVLZMYryuispoFBE,44,46.5,2,0.19414465680189993
Switzerland,2021-12-13,Notion,The Rare Occasions,https://open.spotify.com/track/0sTlGEld0h8kIPZaKDYUf4,41,41.5,2,0.19403039340725012
Spain,2021-12-13,Decapitamos Una Gallina - Special RemixVersion,"Willi.Ch, John Pollôn",https://open.spotify.com/track/3anZBPOj2t4X1H1cQp5rrT,50,50.0,1,0.1926871141931307
Russia,2021-12-13,Новый год,VESNA305,https://open.spotify.com/track/3NxIbHwj2cimcm0O89XQZo,39,42.75,4,0.1919790866756792
Denmark,2021-12-13,Toxic,BoyWithUke,https://open.spotify.com/track/2gQPv5jvVPqU2a9HhMNO1v,38,44.25,4,0.19186592379829237
India,2021-12-13,Rich Boy,loverlux,https://open.spotify.com/track/4Viix1vJBcuBDjZ48lwcLc,43,44.666666666666664,3,0.1913550084184026
Sweden,2021-12-13,Misstänksam,Lucas Sunday,https://open.spotify.com/track/6s2p60EDg5d03ep62OtBmy,42,44.666666666666664,3,0.1907463476353991
Japan,2021-12-13,abcdefu (angrier),GAYLE,https://open.spotify.com/track/1EQFOouqdKYdpbNoOHRVO2,31,38.0,5,0.1902017512942005
India,2021-12-13,The Good Part,AJR,https://open.spotify.com/track/5cBLBXhU9sf6kGvb2Dv2cl,46,47.5,2,0.1862536633373892
New Zealand,2021-12-13,Я буду ебать,"Moreart, IHI",https://open.spotify.com/track/3lFrFQcZWPLa8WEG7xoc4b,46,46.5,2,0.18283187161236175
Norway,2021-12-13,Coming for You (feat. A1 x J1),SwitchOTR,https://open.spotify.com/track/1xIqDFx3KdByBnKMlTECcM,50,50.0,1,0.18246890432423427
Netherlands,2021-12-13,Nothing,Bruno Major,https://open.spotify.com/track/2IAR0DziHCjSu16gR4ihvy,48,48.0,1,0.18187773494505124
Sweden,2021-12-13,Я буду ебать,"Moreart, IHI",https://open.spotify.com/track/3lFrFQcZWPLa8WEG7xoc4b,47,47.0,1,0.17992162790522026
New Zealand,2021-12-13,Peace - Dick Johnson Vocal Remix,"Sweet Mix Kids, Hawkins",https://open.spotify.com/track/25pJnkWbR7PR3nEXEVgrpg,48,48.0,1,0.17875538211820569
India,2021-12-13,Kali Kali Zulfon - Lofi Version,DJ Glory,https://open.spotify.com/track/5dYS1UsjMARJgtCKlW4KJl,32,36.285714285714285,7,0.17766660471216758
Denmark,2021-12-13,Я буду ебать,"Moreart, IHI",https://open.spotify.com/track/3lFrFQcZWPLa8WEG7xoc4b,46,46.0,1,0.17494893441441045
Germany,2021-12-13,Mucho Gusto,"viko63, penglord",https://open.spotify.com/track/36WlC0lGi1UEGJNKLCCV91,51,51.0,1,0.17449159463471461
India,2021-12-13,Mirror Mirror,"F.HERO, MILLI, Changbin of Stray Kids",https://open.spotify.com/track/59WuWdDH06AYXgdoMENEa3,36,39.5,4,0.17133831757007445
India,2021-12-13,TERE TE,"AP Dhillon, Gurinder Gill, Various Artists",https://open.spotify.com/track/6TClJ8jXi3OBV7gcrU3jx5,33,36.42857142857143,7,0.17130798472804198
Denmark,2021-12-13,SAD GIRLZ LUV MONEY Remix (feat. Kali Uchis and Moliy),Amaarae,https://open.spotify.com/track/09gysnJpfQ3ublBmJDfcEC,47,48.0,2,0.17014828263624376
Japan,2021-12-13,アノーイング!さんさんウィーク!,五十嵐双葉(CV:楠木ともり)、桜井桃子(CV:早見沙織)、黒部夏美(CV:青山玲菜)、月城モナ(CV:古賀葵),https://open.spotify.com/track/6NOPNoSAYDkpIm3FULMI2Q,41,41.0,1,0.1695616643393066
Japan,2021-12-13,Rocketeer,INI,https://open.spotify.com/track/7Fuv1ELyHOYkRbPvRpN4vo,48,49.333333333333336,3,0.16548533265893967
India,2021-12-13,No One Can Fix Me,Frawley,https://open.spotify.com/track/4h60jyYhzyG060iYvtaQd1,39,44.75,4,0.16234594793396434
India,2021-12-13,Didi Song,Titu Mama,https://open.spotify.com/track/67S9tYQLZdGGFcCVuGvB9l,40,44.333333333333336,3,0.16158333389890667
Japan,2021-12-13,KILLING PART,INI,https://open.spotify.com/track/2zBYZz0wSRBbWEyBPrOY5c,47,48.0,3,0.15005905604015135
Finland,2021-12-13,Dynasties & Dystopia (from the series Arcane League of Legends),"Denzel Curry, Gizzle, Bren Joy",https://open.spotify.com/track/5EIkdrmuu2xkoQWOWjoeFY,44,46.666666666666664,6,0.14746454537292036
Finland,2021-12-13,Can't Get You out Of My Head,Glimmer of Blooms,https://open.spotify.com/track/5txWBmYDYOXulUabyQvsU3,48,48.0,1,0.14602292408153872
India,2021-12-13,Paathira Kaalam,Tribemama Marykali,https://open.spotify.com/track/1q947de3PUA2aqGMKsl3DM,48,48.0,1,0.1449270917852835
Finland,2021-12-13,Toxic,BoyWithUke,https://open.spotify.com/track/2gQPv5jvVPqU2a9HhMNO1v,49,49.0,1,0.14354099347351337
Finland,2021-12-13,Notion,The Rare Occasions,https://open.spotify.com/track/0sTlGEld0h8kIPZaKDYUf4,50,50.0,1,0.14109427806485922
Andorra,2021-12-13,Mon Amour - Remix,"zzoilo, Aitana",https://open.spotify.com/track/5TMLavqGRKNxgzMBrVpC9R,1,1.8571428571428572,7,0.005037712614957254
Andorra,2021-12-13,Do It To It,"ACRAZE, Cherish",https://open.spotify.com/track/20on25jryn53hWghthWWW3,3,4.857142857142857,7,0.004686633321700898
Andorra,2021-12-13,LA FAMA (with The Weeknd),ROSALÍA,https://open.spotify.com/track/6dmXZ9B5HdFAyzHeTneYBK,1,3.7142857142857144,7,0.0041873211305209854
Andorra,2021-12-13,Tacones Rojos,Sebastian Yatra,https://open.spotify.com/track/0Be7sopyKMv8Y8npsUkax2,1,3.142857142857143,7,0.0038273525615848515
Andorra,2021-12-13,Experimento,Myke Towers,https://open.spotify.com/track/6c32C8T3KlXrbvWSoD5aON,6,6.857142857142857,7,0.003472638280953352
Andorra,2021-12-13,Bar,"TINI, L-Gante",https://open.spotify.com/track/0lJE8f0lx8mUSfMyxeYpiC,9,14.142857142857142,7,0.003445415217689967
Andorra,2021-12-13,Medallo,"Blessd, Justin Quiles, Lenny Tavárez",https://open.spotify.com/track/6lX6l7OuA3qrnIRfdsr0dw,11,16.714285714285715,7,0.0034085971640391097
Andorra,2021-12-13,FEEL ME??,Trueno,https://open.spotify.com/track/4kELKaXaNP4EQR8Q8xNIID,14,20.333333333333332,6,0.0032325854752229895
Andorra,2021-12-13,Easy On Me,Adele,https://open.spotify.com/track/46IZ0fSY2mpAiktS3KOqds,2,4.0,7,0.00313034541453629
Andorra,2021-12-13,Loco,"Justin Quiles, Chimbala, Zion & Lennox",https://open.spotify.com/track/6b2HYgqcK9mvktt4GxAu72,18,25.285714285714285,7,0.003045389645750075
Andorra,2021-12-13,Pepas,Farruko,https://open.spotify.com/track/2B4GHvToeLTOBB4QLzW3Ni,14,21.428571428571427,7,0.0030245324040655912
Andorra,2021-12-13,Salimo de Noche,"Tiago PZK, Trueno",https://open.spotify.com/track/6P096SaOzrgGxs8NWOfX7M,7,8.666666666666666,6,0.0028276357358934315
Andorra,2021-12-13,Volando - Remix,"Mora, Bad Bunny, Sech",https://open.spotify.com/track/0G2zPzWqVjR68iNPmx2TBe,10,16.142857142857142,7,0.0026454922431267567
Andorra,2021-12-13,love nwantiti (ah ah ah),CKay,https://open.spotify.com/track/2Xr1dTzJee307rmrkt8c0g,11,27.428571428571427,7,0.002630143946890007
Andorra,2021-12-13,Lo Siento BB:/ (with Bad Bunny & Julieta Venegas),Tainy,https://open.spotify.com/track/4gzsuuZypVbxs0Af1LSZyB,9,12.714285714285714,7,0.0025522800984420536
Andorra,2021-12-13,Se Menea,"Don Omar, Nio Garcia",https://open.spotify.com/track/1ZcrHpBbILPNfhBtPhQVHh,15,19.285714285714285,7,0.00247698348270536
Andorra,2021-12-13,DANCE CRIP,Trueno,https://open.spotify.com/track/1kjs5eR4DMzyB0gm1Z8waV,2,4.285714285714286,7,0.0023929926400485723
Andorra,2021-12-13,Nostálgico,"Rvssian, Rauw Alejandro, Chris Brown",https://open.spotify.com/track/2BEcap3xJtmiPaHKyfQi4e,6,7.714285714285714,7,0.002339394387101461
Andorra,2021-12-13,Cold Heart - PNAU Remix,"Elton John, Dua Lipa",https://open.spotify.com/track/7rglLriMNBPAyuJOMGwi39,10,14.428571428571429,7,0.002213989502543496
Andorra,2021-12-13,Una Vaina Loca,"Fuego, Manuel Turizo, Duki",https://open.spotify.com/track/2qEoAz0i6yEz5dPggABcLH,11,13.571428571428571,7,0.0021130938754210103
Andorra,2021-12-13,abcdefu,GAYLE,https://open.spotify.com/track/4fouWK6XVHhzl78KzQ1UjL,18,20.0,5,0.001970082006914172
Andorra,2021-12-13,"Ptazeta: Bzrp Music Sessions, Vol. 45","Bizarrap, Ptazeta",https://open.spotify.com/track/4axxCbc4tWlpqHP5UbJMc3,17,18.5,6,0.0019603657417067845
Andorra,2021-12-13,Yonaguni,Bad Bunny,https://open.spotify.com/track/2JPLbjOn0wPCngEot2STUS,17,23.857142857142858,7,0.0019152513283671143
Andorra,2021-12-13,Ateo,"C. Tangana, Nathy Peluso",https://open.spotify.com/track/5xiAfKzE3mbxYbOkUZPR11,17,17.5,6,0.0018893675789572223
Andorra,2021-12-13,Clima Tropical,Dani Fernández,https://open.spotify.com/track/7wD6WAp1lowdxnvEfgyvNV,21,28.142857142857142,7,0.0017669184982426441
Andorra,2021-12-13,Veneno,"Delaossa, KIDDO, J.Moods",https://open.spotify.com/track/5BopknbHSxEm9Ohcs4IbGu,33,35.5,6,0.0017544319800863193
Andorra,2021-12-13,My Universe,"Coldplay, BTS",https://open.spotify.com/track/46HNZY1i7O6jwTA7Slo2PI,25,27.666666666666668,6,0.001666450818792201
Andorra,2021-12-13,Enemy (with JID) - from the series Arcane League of Legends,Imagine Dragons,https://open.spotify.com/track/1r9xUipOqoNwggBpENDsvJ,28,28.0,1,0.0016332702687569698
Andorra,2021-12-13,Índigo,"Camilo, Evaluna Montaner",https://open.spotify.com/track/4knc1Fp3kbuq8bH2byOvLu,14,22.142857142857142,7,0.0015916695440270656
Andorra,2021-12-13,La Niña de la Escuela,"Lola Indigo, TINI, Belinda",https://open.spotify.com/track/1g4cZvi0nLeeIycd0Rkljj,39,42.5,6,0.0015442726154877866
Andorra,2021-12-13,Súbelo,"Anuel AA, Myke Towers, Jhay Cortez",https://open.spotify.com/track/3xv8JksRyqHa1lwkM9xvJf,16,16.0,2,0.0015055586402564773
Andorra,2021-12-13,INMORTALES,Funzo & Baby Loud,https://open.spotify.com/track/4nVuhPrmtIO1m2hRrtxBlI,13,13.0,1,0.0014987948492812893
Andorra,2021-12-13,Ella,"El Bobe, alPeDue",https://open.spotify.com/track/5lFSvyRAeG0asgqBuM5MQW,19,23.333333333333332,6,0.0014743667449516203
Andorra,2021-12-13,Llueve sobre mojado,"Pablo Alborán, Aitana, Álvaro De Luna",https://open.spotify.com/track/3z4XtoZVf8AOoR18Lnp7e1,31,35.57142857142857,7,0.001416960890115074
Andorra,2021-12-13,Colorín Colorado,Justin Quiles,https://open.spotify.com/track/2YZDh5CecWx0qlFiTvqVQ9,22,22.0,2,0.00133517751251009
Andorra,2021-12-13,Friday (feat. Mufasa & Hypeman) - Dopamine Re-Edit,"Riton, Nightcrawlers",https://open.spotify.com/track/4cG7HUWYHBV6R6tHn1gxrl,26,30.5,4,0.0013307674040213228
Andorra,2021-12-13,Flamenco y Bachata,Daviles de Novelda,https://open.spotify.com/track/6ynErSDSlxqsxg0D3LJ8sK,35,38.142857142857146,7,0.0013056749819226516
Andorra,2021-12-13,#RapSinCorte L,"Foyone, Sceno, Kase.O, Dollar Selmouni, Ayax y Prok, FERNANDOCOSTA, Spok Sponha, Elio Toffana, Ptazeta, Cráneo, Bejo, Easy-S, Moneo, Las Ninyas del Corro, Sofía Gabanna, ToteKing, Recycled J",https://open.spotify.com/track/5ZaPIvSXtTxrj8yXnUx0wd,40,40.0,1,0.0012845298454509809
Andorra,2021-12-13,love nwantiti (feat. Dj Yo! & AX'EL) - Remix,CKay,https://open.spotify.com/track/4gvrJnKCKIPiacNsWVQwEU,41,43.6,5,0.0012706111143807345
Andorra,2021-12-13,Another Love,Tom Odell,https://open.spotify.com/track/7jtQIBanIiJOMS6RyCx6jZ,26,33.4,5,0.00126046791218539
Andorra,2021-12-13,Infinity,Jaymes Young,https://open.spotify.com/track/1SOClUWhOi8vHZYMz3GluK,24,31.333333333333332,3,0.0012505298923325833
Andorra,2021-12-13,Todo De Ti,Rauw Alejandro,https://open.spotify.com/track/5RwV8BvLfX5injfqYodke9,33,37.25,4,0.00123198209188655
Andorra,2021-12-13,Ley Seca,"Jhay Cortez, Anuel AA",https://open.spotify.com/track/3JCaq3KDSROg3TXhdiDa9n,20,22.5,2,0.001225295426906116
Andorra,2021-12-13,SEJODIOTO,KAROL G,https://open.spotify.com/track/704LUEih663hiE3CnyUrFW,29,37.0,4,0.0011616837131200905
Andorra,2021-12-13,La Historia,"El Taiger, DJ Conds",https://open.spotify.com/track/20RGQHWvqyyacpuxMBeLsZ,33,34.5,4,0.0011601912351290522
Andorra,2021-12-13,Tu Y Yo (feat. Los del Control),Cano,https://open.spotify.com/track/5pVEORKrVAtcWOEMJlZCFB,21,23.4,5,0.0011558654822776287
Andorra,2021-12-13,Cicatrices,Natos y Waor,https://open.spotify.com/track/19OsDvOm2hw28Bqg7wo4Ox,46,46.0,1,0.001139133577708054
Andorra,2021-12-13,Como Estrellas,LA YOUNG,https://open.spotify.com/track/7GcN9q4AAH4uzQKvyuvByT,44,46.0,5,0.0011385935996205139
Andorra,2021-12-13,Dile (Homenaje),Jhay Cortez,https://open.spotify.com/track/073yIM7v2j6XadD4Nkn0Fh,11,11.0,1,0.0011335827749100933
Andorra,2021-12-13,Cuando Ella Sale,Morad,https://open.spotify.com/track/0bxzF2Kyql0pQ58Mymztue,31,33.75,4,0.0011280313526023642
Andorra,2021-12-13,Miénteme,"TINI, Maria Becerra",https://open.spotify.com/track/0cOa970mzTWAxKtltpkpLc,35,36.25,4,0.0011152151693933268
Andorra,2021-12-13,STAY (with Justin Bieber),The Kid LAROI,https://open.spotify.com/track/5PjdY0CKGZdEuoNab3yDmX,39,40.5,2,0.0011093322561378817
Andorra,2021-12-13,Se Le Ve,"Dímelo Flow, Dalex, Sech, Justin Quiles, Arcangel, De La Ghetto, Lenny Tavárez",https://open.spotify.com/track/5W1qmxHrMlQGGAiFA3ZQqP,39,42.0,2,0.001105962431585986
Andorra,2021-12-13,"Anuel AA: Bzrp Music Sessions, Vol. 46","Bizarrap, Anuel AA",https://open.spotify.com/track/1mrGEef8GuaEnDdw8J5BQp,27,28.0,4,0.0010900645277148783
Andorra,2021-12-13,Don't Go Yet,Camila Cabello,https://open.spotify.com/track/1058fW9H3fZA6QjYCdOBad,40,42.0,2,0.00108623879568154
Andorra,2021-12-13,Sobrio,Maluma,https://open.spotify.com/track/4HzqWEdAbzcVFDv0pvxV4w,50,50.0,1,0.0010514555762186322
Andorra,2021-12-13,Ingobernable,"C. Tangana, Gipsy Kings, Nicolás Reyes, Tonino Baliardo",https://open.spotify.com/track/3SK45LddxlEkzI8OWO9Eyo,50,50.0,1,0.0010514555762186322
Andorra,2021-12-13,Malbec,"Duki, Bizarrap",https://open.spotify.com/track/6KEb17S00Inf0v1qYDgUAj,50,50.0,1,0.0010514555762186322
Andorra,2021-12-13,El Incomprendido,"Farruko, Victor Cardenas, Dj Adoni",https://open.spotify.com/track/2mL37yB3f3Lfy4iiXV02Qf,14,23.5,2,0.001035109394344015
Andorra,2021-12-13,"Nathy Peluso: Bzrp Music Sessions, Vol. 36","Bizarrap, Nathy Peluso",https://open.spotify.com/track/78SeXVRJ7KCqVmOwTiFjnI,43,44.75,4,0.001016721270623841
Andorra,2021-12-13,She Don't Give a Fo,"Duki, KHEA",https://open.spotify.com/track/03a359wbiUsjN9h6yzXvmS,23,24.5,2,0.0009871196617384614
Andorra,2021-12-13,Habla Claro,"Eladio Carrion, Morad",https://open.spotify.com/track/1Ixi7vcTIvgyeFlbqy1QQ7,32,32.666666666666664,3,0.0009786124544015845
Andorra,2021-12-13,Sexo Virtual,Rauw Alejandro,https://open.spotify.com/track/0giiXonRhODYy4J1iy4Lb3,40,43.8,5,0.0009593141007496928
Andorra,2021-12-13,Tiroteo - Remix,"Marc Seguí, Rauw Alejandro, Pol Granch",https://open.spotify.com/track/4OwhwvKESFtuu06dTgct7i,26,33.75,4,0.0009590610857752843
Andorra,2021-12-13,Mal Acostumbrao,"Mau y Ricky, Maria Becerra",https://open.spotify.com/track/1wcE84DVQUF16xudVFzezL,48,48.75,4,0.0009188507799735738
Andorra,2021-12-13,Don't Be Shy,"Tiësto, KAROL G",https://open.spotify.com/track/0bI7K9Becu2dtXK1Q3cZNB,32,36.5,4,0.0009170282467431445
Andorra,2021-12-13,"L-Gante: Bzrp Music Sessions, Vol.38","Bizarrap, L-Gante",https://open.spotify.com/track/1Crj1zkRMpsEjb9NOR6Zof,31,40.4,5,0.0009116063649138004
Andorra,2021-12-13,Beggin',Måneskin,https://open.spotify.com/track/3Wrjm47oTz2sjIgck11l5e,35,39.333333333333336,3,0.0008804179757131509
Andorra,2021-12-13,Libertad,Nil Moliner,https://open.spotify.com/track/1kG7gfH4HDUlDht0VZYkiP,38,40.0,3,0.0008654687535027196
Andorra,2021-12-13,Me Sabe Mal,MARLENA,https://open.spotify.com/track/53w7xjn8fwwU8Pc6rgMm5v,43,46.0,3,0.0008623435210691028
Andorra,2021-12-13,Tu jardín con enanitos,Melendi,https://open.spotify.com/track/6yCjU5j6YHbux2VQCBTTE1,38,47.2,5,0.0008299244171483274
Andorra,2021-12-13,Aquel Nap ZzZz,Rauw Alejandro,https://open.spotify.com/track/2qyLvNLktrdc67OgaayqMW,25,34.0,3,0.0008217575713009542
Andorra,2021-12-13,Hecha Pa' Mi,Boza,https://open.spotify.com/track/3VvA1wSxukMLsvXoXtlwWx,46,46.5,2,0.0008212878030900683
Andorra,2021-12-13,Shallow,"Lady Gaga, Bradley Cooper",https://open.spotify.com/track/2VxeLyX666F8uXCJ0dZF8B,47,48.0,3,0.00079918910105425
Andorra,2021-12-13,París,Ingratax,https://open.spotify.com/track/4bF2y8rR7GUjrd5LNEvej3,44,46.5,4,0.0007707640548733116
Andorra,2021-12-13,Fix You,Coldplay,https://open.spotify.com/track/7LVHVU3tWfcxj5aiPFEW4Q,37,42.5,2,0.0006583421984089918
Andorra,2021-12-13,Bad Habits,Ed Sheeran,https://open.spotify.com/track/3rmo8F54jFF8OgYsqTxm5d,42,42.0,1,0.0006092728759086789
Andorra,2021-12-13,Sudores fríos,"Natos y Waor, Recycled J",https://open.spotify.com/track/3fTPnf1cNtC8k6nrT0j9wm,44,44.0,1,0.0005853442010364742
Andorra,2021-12-13,La Botella,"Justin Quiles, Maluma",https://open.spotify.com/track/6GPBXtnSepHovJi1uD1Ggj,45,46.0,2,0.0005659998641805981
